ID_Cliente,Recency,Frequency,Monetary,Avg_Ticket,CLV_60D,Log_CLV_60D,Avg_Purchase_Interval
1000,35,2,920404,460202.0,120196.0,11.696887342369116,50.0
1001,41,5,1244040,248808.0,0.0,0.0,14.25
1002,30,2,831268,415634.0,0.0,0.0,46.0
1003,41,2,407090,203545.0,64158.0,11.06911965638402,48.0
1004,111,1,721545,721545.0,0.0,0.0,999.0
1005,89,2,1460208,730104.0,317245.0,12.667432777144114,1.0
1006,77,1,7984,7984.0,0.0,0.0,999.0
1007,28,8,2976345,372043.125,549667.0,13.217069738583238,13.0
1008,63,3,220353,73451.0,95207.0,11.463819250862276,18.0
1010,31,2,311053,155526.5,0.0,0.0,32.0
1011,85,1,562812,562812.0,38099.0,10.547969561114792,999.0
1013,106,1,403386,403386.0,1107433.0,13.917556185446196,999.0
1014,28,3,479429,159809.66666666666,1632107.0,14.305382988787212,36.5
1015,9,2,249336,124668.0,22254.0,10.010321981449955,33.0
1016,11,3,395120,131706.66666666666,976619.0,13.791852909613599,37.0
1017,54,2,1522053,761026.5,560244.0,13.236129467036111,33.0
1018,46,2,771364,385682.0,363876.0,12.804571177425812,17.0
1019,31,2,692653,346326.5,0.0,0.0,50.0
1022,89,3,2226129,742043.0,96041.0,11.472540874774753,11.0
1023,6,2,160938,80469.0,75051.0,11.225936485607265,16.0
1024,40,2,678861,339430.5,1399500.0,14.151626302478297,41.0
1025,47,2,129893,64946.5,1657.0,7.4133673356952405,35.0
1026,22,1,417882,417882.0,0.0,0.0,999.0
1028,64,2,563737,281868.5,0.0,0.0,19.0
1029,19,2,71263,35631.5,760697.0,13.541991711824581,93.0
1031,10,3,1867137,622379.0,2363557.0,14.675678668791631,5.5
1032,28,5,1706730,341346.0,11262.0,9.329278296047697,12.5
1033,107,1,667707,667707.0,0.0,0.0,999.0
1034,95,2,819840,409920.0,171016.0,12.04951824574811,19.0
1035,90,2,1133873,566936.5,307863.0,12.637413405998517,21.0
1036,0,6,1207488,201248.0,16785.0,9.728300484642773,13.6
1037,15,3,855609,285203.0,6510.0,8.781248333236862,22.0
1038,55,2,167614,83807.0,0.0,0.0,52.0
1039,80,2,465058,232529.0,55335.0,10.92117897028042,35.0
1040,40,3,1156434,385478.0,371088.0,12.824197205003331,15.0
1041,22,5,1004646,200929.2,179510.0,12.097991766369894,23.25
1042,26,4,697193,174298.25,55674.0,10.92728649212557,26.0
1044,20,2,664123,332061.5,189354.0,12.151378839107526,9.0
1045,9,2,249048,124524.0,0.0,0.0,14.0
1046,12,2,432618,216309.0,79481.0,11.283285859912317,48.0
1047,97,1,123510,123510.0,0.0,0.0,999.0
1048,57,3,538338,179446.0,448676.0,13.014058531457053,11.5
1049,117,1,139371,139371.0,177578.0,12.08717085930568,999.0
1050,21,3,1097606,365868.6666666667,0.0,0.0,36.5
1051,50,2,181935,90967.5,727134.0,13.49686743391203,56.0
1052,36,2,472607,236303.5,499991.0,13.122347377276327,76.0
1054,15,3,786373,262124.33333333334,41804.0,10.640771228584159,45.0
1055,0,3,522999,174333.0,0.0,0.0,32.5
1056,6,4,429466,107366.5,0.0,0.0,29.0
1057,30,3,901093,300364.3333333333,855804.0,13.659797825434348,27.0
1059,13,3,1005743,335247.6666666667,124103.0,11.728875202744167,25.0
1060,19,2,534374,267187.0,983184.0,13.798552580811643,39.0
1062,2,5,895027,179005.4,0.0,0.0,15.75
1063,71,1,621056,621056.0,0.0,0.0,999.0
1064,27,2,683962,341981.0,437061.0,12.987830340444424,62.0
1065,67,1,1189115,1189115.0,474048.0,13.069065970861757,999.0
1066,1,5,1076550,215310.0,0.0,0.0,29.0
1067,65,2,783830,391915.0,0.0,0.0,51.0
1068,41,2,167252,83626.0,216847.0,12.286951926255798,49.0
1069,18,5,1900094,380018.8,272183.0,12.514233587163275,17.5
1070,53,3,265266,88422.0,545548.0,13.209547906069009,26.0
1071,17,3,221452,73817.33333333333,626411.0,13.347763580563358,45.5
1072,82,1,524187,524187.0,421647.0,12.951926121721053,999.0
1073,83,2,422620,211310.0,0.0,0.0,23.0
1075,63,3,719323,239774.33333333334,123668.0,11.725363920667993,23.0
1076,44,1,13721,13721.0,958589.0,13.773218733773431,999.0
1077,38,1,6958,6958.0,888457.0,13.697242654778627,999.0
1078,36,2,150791,75395.5,475696.0,13.072536375904797,30.0
1079,9,4,810894,202723.5,0.0,0.0,27.333333333333332
1080,75,1,130581,130581.0,1028065.0,13.843189925270996,999.0
1081,8,2,755295,377647.5,280824.0,12.54548697850977,98.0
1082,34,2,87026,43513.0,0.0,0.0,9.0
1083,8,6,1568747,261457.83333333334,240486.0,12.390421313012926,20.4
1084,60,4,144353,36088.25,26985.0,10.203073491990732,15.0
1085,20,3,712315,237438.33333333334,80172.0,11.291942078818346,38.5
1086,5,2,228822,114411.0,117583.0,11.674908250768652,60.0
1087,115,2,536761,268380.5,135221.0,11.814673151246721,3.0
1088,81,1,430611,430611.0,735984.0,13.508965017068547,999.0
1089,29,2,574923,287461.5,0.0,0.0,40.0
1090,57,2,333094,166547.0,86956.0,11.373169022579944,10.0
1091,49,2,249318,124659.0,788665.0,13.578098189543464,53.0
1093,3,3,505948,168649.33333333334,0.0,0.0,45.5
1094,111,1,157948,157948.0,337626.0,12.729697014809323,999.0
1095,8,2,472092,236046.0,615824.0,13.3307181112451,91.0
1096,9,3,432799,144266.33333333334,755518.0,13.53516020928671,53.5
1098,33,1,240503,240503.0,426004.0,12.96220636227183,999.0
1099,28,3,648466,216155.33333333334,213778.0,12.272698050110943,31.5
1100,7,5,1258834,251766.8,425672.0,12.96142672485765,27.75
1102,16,1,440945,440945.0,0.0,0.0,999.0
1103,53,1,132367,132367.0,0.0,0.0,999.0
1104,14,3,121419,40473.0,138721.0,11.840227209442157,36.5
1105,94,2,763748,381874.0,0.0,0.0,24.0
1106,1,4,1202706,300676.5,0.0,0.0,39.333333333333336
1107,64,1,588856,588856.0,0.0,0.0,999.0
1108,58,1,137467,137467.0,571109.0,13.255337114567944,999.0
1109,25,2,1055284,527642.0,0.0,0.0,8.0
1110,29,1,290196,290196.0,543533.0,13.205847541084463,999.0
1111,7,3,243541,81180.33333333333,376998.0,12.839997813906736,50.0
1112,62,3,1046167,348722.3333333333,608676.0,13.319043028323739,26.0
1113,49,2,351598,175799.0,0.0,0.0,36.0
1114,93,1,510087,510087.0,358926.0,12.790874304175118,999.0
1115,87,1,248067,248067.0,348299.0,12.760819456354092,999.0
1116,66,1,1137795,1137795.0,153164.0,11.939271050657748,999.0
1117,42,3,1476745,492248.3333333333,714496.0,13.479334077602866,37.5
1118,46,5,2787696,557539.2,0.0,0.0,10.5
1119,5,2,140812,70406.0,536527.0,13.192874029812188,66.0
1120,83,1,528045,528045.0,11960.0,9.389406636049465,999.0
1122,14,1,25695,25695.0,0.0,0.0,999.0
1124,5,2,1685768,842884.0,0.0,0.0,92.0
1125,106,1,751952,751952.0,688902.0,13.442855756340277,999.0
1126,7,3,235778,78592.66666666667,0.0,0.0,55.0
1127,47,2,738723,369361.5,0.0,0.0,42.0
1128,3,4,486050,121512.5,0.0,0.0,34.333333333333336
1129,4,3,1544837,514945.6666666667,0.0,0.0,39.5
1130,3,2,140188,70094.0,19744.0,9.89065557372075,93.0
1131,35,1,11992,11992.0,310618.0,12.646322359751103,999.0
1132,23,4,2559009,639752.25,185951.0,12.133243854874832,23.666666666666668
1133,19,1,180612,180612.0,77396.0,11.25670329913672,999.0
1134,28,1,593248,593248.0,0.0,0.0,999.0
1135,6,3,338942,112980.66666666667,1756920.0,14.379073403153246,25.0
1136,28,4,844686,211171.5,163616.0,12.005283609732748,13.0
1137,93,4,1475691,368922.75,2108708.0,14.561586469855435,7.333333333333333
1138,43,5,873100,174620.0,0.0,0.0,17.75
1139,50,8,3037185,379648.125,0.0,0.0,9.285714285714286
1140,77,2,1265853,632926.5,0.0,0.0,2.0
1141,5,2,641137,320568.5,0.0,0.0,89.0
1142,37,3,1394934,464978.0,0.0,0.0,14.0
1143,57,2,143152,71576.0,55731.0,10.928309767233483,27.0
1144,91,1,28470,28470.0,0.0,0.0,999.0
1145,34,2,944368,472184.0,1043479.0,13.858071839048348,78.0
1146,17,2,626364,313182.0,623460.0,13.343041492025598,30.0
1147,24,3,1027984,342661.3333333333,0.0,0.0,20.5
1148,9,3,872452,290817.3333333333,12304.0,9.417760962825156,2.0
1149,12,4,1116691,279172.75,0.0,0.0,35.666666666666664
1150,0,3,1341627,447209.0,0.0,0.0,49.5
1151,32,2,419505,209752.5,557317.0,13.230891271618491,78.0
1152,67,2,310048,155024.0,322053.0,12.682474512329513,21.0
1153,48,5,1755402,351080.4,338396.0,12.731975041426681,17.0
1154,87,2,67542,33771.0,87276.0,11.376842247780562,18.0
1155,13,3,866977,288992.3333333333,368375.0,12.816859434661353,51.0
1157,18,4,2775502,693875.5,114855.0,11.65143444880753,18.333333333333332
1158,23,4,2028077,507019.25,57858.0,10.965764295283641,14.0
1159,10,5,1046018,209203.6,0.0,0.0,24.25
1160,4,1,44958,44958.0,0.0,0.0,999.0
1161,67,2,157050,78525.0,0.0,0.0,37.0
1162,44,4,1346271,336567.75,87033.0,11.374054125890195,23.0
1163,16,1,139572,139572.0,404409.0,12.910184493814809,999.0
1164,12,4,1129965,282491.25,444687.0,13.005128191650778,27.333333333333332
1165,8,1,286384,286384.0,116246.0,11.663472516664998,999.0
1166,11,4,842622,210655.5,484361.0,13.090587840019907,35.0
1167,42,3,391074,130358.0,0.0,0.0,35.5
1168,39,1,424068,424068.0,894001.0,13.703463291289614,999.0
1169,76,2,783517,391758.5,1200080.0,13.997899612480206,15.0
1170,95,1,13363,13363.0,386517.0,12.86493371772337,999.0
1171,7,3,781684,260561.33333333334,8032.0,8.991313336173812,23.5
1173,7,2,285682,142841.0,0.0,0.0,92.0
1175,7,3,1635515,545171.6666666666,259035.0,12.464722327161603,10.0
1176,36,3,704675,234891.66666666666,1200607.0,13.998338653112679,39.5
1177,13,1,145692,145692.0,0.0,0.0,999.0
1178,21,3,535558,178519.33333333334,134682.0,11.810679148049202,28.5
1179,9,4,1206886,301721.5,0.0,0.0,21.666666666666668
1180,20,3,231721,77240.33333333333,0.0,0.0,26.0
1181,38,2,124405,62202.5,0.0,0.0,12.0
1182,19,2,183549,91774.5,0.0,0.0,100.0
1183,23,4,2141020,535255.0,15520.0,9.649949224651184,23.0
1184,17,1,22566,22566.0,28641.0,10.262629451038649,999.0
1185,39,1,54303,54303.0,0.0,0.0,999.0
1186,44,1,169648,169648.0,0.0,0.0,999.0
1187,43,2,388694,194347.0,0.0,0.0,42.0
1188,17,3,1402892,467630.6666666667,0.0,0.0,42.0
1189,22,1,165418,165418.0,0.0,0.0,999.0
1191,24,1,194804,194804.0,416258.0,12.939062941664668,999.0
1192,9,1,146258,146258.0,228676.0,12.34006580652327,999.0
1193,28,4,2601020,650255.0,1111823.0,13.921512467884817,28.666666666666668
1194,64,1,16992,16992.0,1760744.0,14.381247572904632,999.0
1195,0,4,829953,207488.25,0.0,0.0,15.666666666666666
1196,118,1,477785,477785.0,1162523.0,13.96610406139183,999.0
1197,20,2,698660,349330.0,0.0,0.0,50.0
1198,39,4,1206258,301564.5,37759.0,10.539005620259436,19.666666666666668
1199,74,2,686609,343304.5,0.0,0.0,37.0
1200,69,1,157835,157835.0,0.0,0.0,999.0
1201,5,3,371787,123929.0,692292.0,13.44776455539154,44.0
1202,17,1,139401,139401.0,556140.0,13.228777138204707,999.0
1204,6,1,548844,548844.0,14537.0,9.584521190044581,999.0
1205,39,3,1121126,373708.6666666667,0.0,0.0,14.5
1206,57,2,662061,331030.5,736215.0,13.509278832915562,40.0
1208,12,5,1087119,217423.8,603423.0,13.310375379526649,26.5
1209,58,1,368766,368766.0,722504.0,13.490479619360004,999.0
1210,6,4,1198280,299570.0,15668.0,9.659439517104408,30.333333333333332
1211,38,1,23315,23315.0,80302.0,11.293562259137364,999.0
1212,30,2,565830,282915.0,1332167.0,14.102318248255367,38.0
1213,81,3,1355438,451812.6666666667,1047635.0,13.862046755286425,17.5
1214,57,2,82064,41032.0,400372.0,12.900151891582093,54.0
1215,72,3,1121309,373769.6666666667,0.0,0.0,23.0
1216,47,2,1231090,615545.0,0.0,0.0,69.0
1217,32,4,949359,237339.75,2011477.0,14.514380333200561,24.666666666666668
1218,6,2,724120,362060.0,142861.0,11.869634408330974,36.0
1219,5,4,1332071,333017.75,24792.0,10.118316634246252,33.666666666666664
1220,12,2,383519,191759.5,0.0,0.0,11.0
1221,5,2,548497,274248.5,0.0,0.0,77.0
1222,7,2,766513,383256.5,392572.0,12.88047778617226,84.0
1223,62,1,208134,208134.0,1247139.0,14.036363487807103,999.0
1224,103,1,417572,417572.0,1035366.0,13.850266511201633,999.0
1225,22,1,50734,50734.0,54365.0,10.903494237450115,999.0
1226,106,2,587079,293539.5,103413.0,11.54649562840956,5.0
1227,82,2,1367200,683600.0,1120849.0,13.929597884002042,9.0
1228,4,3,456284,152094.66666666666,0.0,0.0,28.0
1230,33,2,574093,287046.5,0.0,0.0,1.0
1231,31,2,345615,172807.5,884663.0,13.692963190883626,41.0
1232,58,1,148524,148524.0,0.0,0.0,999.0
1233,37,2,869403,434701.5,15468.0,9.646593300236665,12.0
1234,52,2,677971,338985.5,324006.0,12.688520399479355,20.0
1235,10,2,129818,64909.0,176061.0,12.078591484714092,105.0
1236,58,1,232568,232568.0,0.0,0.0,999.0
1237,10,2,541436,270718.0,85562.0,11.35700822569525,89.0
1238,59,2,726036,363018.0,652048.0,13.38787499145915,53.0
1240,116,2,118256,59128.0,0.0,0.0,1.0
1241,18,4,389754,97438.5,67351.0,11.1176878770175,32.0
1242,67,1,242828,242828.0,716851.0,13.48262468265448,999.0
1243,53,2,602898,301449.0,691243.0,13.446248151853343,14.0
1244,72,1,435264,435264.0,1050504.0,13.864781558894133,999.0
1245,88,2,1637027,818513.5,566990.0,13.248098709568039,4.0
1246,27,1,301746,301746.0,116032.0,11.661629912389575,999.0
1247,11,3,2248351,749450.3333333334,145335.0,11.886803582118581,36.0
1248,33,2,619808,309904.0,18514.0,9.826336493347712,28.0
1249,8,2,631487,315743.5,0.0,0.0,94.0
1251,42,3,766871,255623.66666666666,220562.0,12.303938647346198,38.0
1252,2,2,448969,224484.5,0.0,0.0,47.0
1253,20,4,1281003,320250.75,0.0,0.0,26.0
1254,90,3,316573,105524.33333333333,682236.0,13.433132383790289,10.5
1255,30,3,1766869,588956.3333333334,1074900.0,13.887739122279822,36.0
1256,46,1,99180,99180.0,441555.0,12.998060131299699,999.0
1257,70,3,549645,183215.0,215289.0,12.279741235455374,15.5
1258,18,1,70237,70237.0,0.0,0.0,999.0
1259,14,2,992442,496221.0,1126253.0,13.9344076395077,76.0
1260,46,1,5798,5798.0,1110089.0,13.919951651082705,999.0
1261,7,1,110823,110823.0,0.0,0.0,999.0
1262,31,1,368308,368308.0,0.0,0.0,999.0
1263,17,2,835367,417683.5,73283.0,11.202097583011135,46.0
1264,25,1,26187,26187.0,0.0,0.0,999.0
1265,65,2,481772,240886.0,0.0,0.0,53.0
1266,55,2,668175,334087.5,0.0,0.0,61.0
1267,21,1,732845,732845.0,1103995.0,13.914446882624208,999.0
1268,76,2,280156,140078.0,0.0,0.0,14.0
1269,29,4,660366,165091.5,157588.0,11.96774565701568,20.333333333333332
1270,28,1,1134955,1134955.0,590955.0,13.289496843532088,999.0
1271,35,3,894036,298012.0,597084.0,13.299814760799338,33.5
1273,3,2,268501,134250.5,49220.0,10.804075640682992,39.0
1275,95,1,25562,25562.0,0.0,0.0,999.0
1276,11,2,1047363,523681.5,96568.0,11.47801305772458,32.0
1278,29,2,618535,309267.5,580278.0,13.271264301345363,10.0
1280,0,5,1213109,242621.8,0.0,0.0,21.25
1281,46,2,898744,449372.0,449592.0,13.016098008045397,13.0
1282,5,3,912900,304300.0,374884.0,12.834374591254043,55.0
1283,23,3,233055,77685.0,73064.0,11.199104734908753,32.0
1284,11,4,590892,147723.0,407539.0,12.917894366354927,20.333333333333332
1285,1,2,370872,185436.0,10060.0,9.21642184229205,112.0
1286,70,4,1597799,399449.75,0.0,0.0,5.666666666666667
1288,15,2,915271,457635.5,110298.0,11.610950139017358,7.0
1289,2,1,187495,187495.0,510192.0,13.142544364485966,999.0
1290,1,1,248724,248724.0,11668.0,9.364691031806107,999.0
1291,13,4,962827,240706.75,0.0,0.0,35.0
1292,41,2,442773,221386.5,32139.0,10.377856639291503,71.0
1294,19,1,499772,499772.0,25842.0,10.15979505022877,999.0
1295,13,3,1499851,499950.3333333333,0.0,0.0,24.5
1296,16,1,43549,43549.0,0.0,0.0,999.0
1297,50,2,795301,397650.5,662808.0,13.404242143199143,31.0
1298,42,2,452582,226291.0,183998.0,12.122685601793746,44.0
1299,9,2,329697,164848.5,0.0,0.0,11.0
1301,63,4,1325033,331258.25,0.0,0.0,11.0
1302,106,1,100518,100518.0,174638.0,12.070476265142384,999.0
1304,42,3,962692,320897.3333333333,659116.0,13.39865633945587,37.5
1305,1,3,713190,237730.0,32985.0,10.403838508008098,50.0
1307,34,2,202829,101414.5,787306.0,13.57637354027999,44.0
1308,59,2,221058,110529.0,0.0,0.0,27.0
1309,90,4,2998421,749605.25,1133763.0,13.941053628736565,7.0
1310,71,1,22419,22419.0,343254.0,12.746228890166513,999.0
1312,25,2,788876,394438.0,214008.0,12.273773349194423,62.0
1313,25,3,1959537,653179.0,28706.0,10.264896274447372,46.5
1314,110,2,1122959,561479.5,0.0,0.0,7.0
1315,71,1,149631,149631.0,911920.0,13.723308642497479,999.0
1316,16,4,529162,132290.5,105412.0,11.565641247142132,31.666666666666668
1317,93,1,337536,337536.0,40019.0,10.597134608137724,999.0
1320,35,6,1206427,201071.16666666666,0.0,0.0,6.6
1321,21,5,531832,106366.4,248355.0,12.422618479696048,17.0
1322,1,2,595527,297763.5,706416.0,13.467960993667477,41.0
1323,28,4,657320,164330.0,1253229.0,14.041234776490532,23.333333333333332
1324,79,2,486745,243372.5,0.0,0.0,13.0
1325,4,3,571897,190632.33333333334,61410.0,11.025344251183697,21.5
1326,2,4,1005856,251464.0,1197634.0,13.99585933677741,35.333333333333336
1327,37,4,621291,155322.75,118861.0,11.68571843529768,23.666666666666668
1329,34,4,606167,151541.75,266238.0,12.492149680598311,23.333333333333332
1330,46,3,795664,265221.3333333333,0.0,0.0,14.0
1332,3,2,366567,183283.5,0.0,0.0,53.0
1333,68,2,162341,81170.5,72000.0,11.184435286790631,28.0
1334,0,2,345621,172810.5,0.0,0.0,21.0
1335,58,3,1133880,377960.0,95806.0,11.47009103018308,17.0
1336,3,4,1267148,316787.0,0.0,0.0,32.0
1337,10,1,797675,797675.0,659432.0,13.39913565386344,999.0
1338,71,1,728856,728856.0,67448.0,11.119127035729113,999.0
1339,6,2,123000,61500.0,1170232.0,13.972713432246291,108.0
1340,57,3,243950,81316.66666666667,236815.0,12.37503874727697,9.0
1341,47,5,1861124,372224.8,728633.0,13.498926827304503,15.5
1342,17,2,741351,370675.5,230602.0,12.348452896272802,10.0
1343,3,2,923002,461501.0,1029103.0,13.844199078708087,91.0
1344,51,1,348248,348248.0,92262.0,11.432398473383499,999.0
1345,14,2,514569,257284.5,0.0,0.0,96.0
1346,98,2,719811,359905.5,0.0,0.0,17.0
1347,95,2,930326,465163.0,362815.0,12.801651097683976,6.0
1348,90,3,400961,133653.66666666666,30785.0,10.33481532017002,10.0
1349,70,1,817192,817192.0,0.0,0.0,999.0
1350,51,1,128184,128184.0,0.0,0.0,999.0
1351,6,5,2522008,504401.6,82217.0,11.317129535174256,20.75
1352,2,3,613307,204435.66666666666,532688.0,13.185693043170579,34.5
1354,33,2,1224351,612175.5,350586.0,12.767364171489175,60.0
1355,14,2,1065135,532567.5,1412153.0,14.16062675624396,25.0
1356,18,2,1013616,506808.0,0.0,0.0,69.0
1357,11,2,1217394,608697.0,1282956.0,14.064678127837373,89.0
1358,4,4,2037843,509460.75,524764.0,13.170705822314831,20.333333333333332
1359,15,1,719883,719883.0,0.0,0.0,999.0
1360,29,2,69594,34797.0,916172.0,13.727960490452409,34.0
1361,11,2,1264241,632120.5,0.0,0.0,19.0
1362,0,2,845919,422959.5,0.0,0.0,39.0
1363,19,2,229053,114526.5,119809.0,11.693662433633945,26.0
1364,2,2,147055,73527.5,0.0,0.0,103.0
1366,36,3,799269,266423.0,0.0,0.0,32.5
1367,57,2,866370,433185.0,141374.0,11.859171213418422,29.0
1368,10,4,1919539,479884.75,401927.0,12.904028247082424,33.666666666666664
1369,15,5,2058414,411682.8,75863.0,11.236697542563563,22.5
1370,99,1,424868,424868.0,1003747.0,13.819251551713103,999.0
1371,71,2,283777,141888.5,644116.0,13.375635665603854,10.0
1372,119,1,278556,278556.0,111104.0,11.618230979115499,999.0
1373,1,4,866952,216738.0,672575.0,13.418870395225268,33.333333333333336
1374,1,1,94045,94045.0,59945.0,11.001199435961073,999.0
1375,48,1,208475,208475.0,0.0,0.0,999.0
1376,18,4,1733822,433455.5,369696.0,12.820439030204215,33.333333333333336
1377,3,4,1388076,347019.0,96403.0,11.476302973513727,34.666666666666664
1378,3,3,552239,184079.66666666666,789671.0,13.579372948354607,18.0
1379,17,2,746968,373484.0,56446.0,10.941057423790042,52.0
1380,33,1,499824,499824.0,611484.0,13.323645703963859,999.0
1381,23,1,370206,370206.0,293233.0,12.588726204072403,999.0
1382,33,3,507566,169188.66666666666,0.0,0.0,39.0
1384,13,1,157657,157657.0,725048.0,13.493994517759864,999.0
1385,36,2,542345,271172.5,0.0,0.0,19.0
1386,58,1,390642,390642.0,986696.0,13.802118280402812,999.0
1387,62,3,1005921,335307.0,1758639.0,14.380051341034,14.0
1388,67,2,531285,265642.5,0.0,0.0,34.0
1390,86,1,285726,285726.0,0.0,0.0,999.0
1391,24,1,314712,314712.0,1789515.0,14.397455750193231,999.0
1392,64,1,1245905,1245905.0,0.0,0.0,999.0
1393,14,2,1308697,654348.5,0.0,0.0,16.0
1394,32,2,292193,146096.5,105551.0,11.566959001462653,65.0
1395,28,1,134885,134885.0,0.0,0.0,999.0
1396,31,4,709939,177484.75,932005.0,13.745094531415246,18.333333333333332
1397,28,4,1208526,302131.5,0.0,0.0,15.0
1398,44,1,867248,867248.0,0.0,0.0,999.0
1399,44,3,346648,115549.33333333333,0.0,0.0,25.0
1400,72,1,134562,134562.0,0.0,0.0,999.0
1401,73,2,263213,131606.5,1417463.0,14.164379917436143,38.0
1402,67,3,1567270,522423.3333333333,0.0,0.0,25.0
1403,44,1,34942,34942.0,1219515.0,14.013964616683245,999.0
1404,47,1,528405,528405.0,0.0,0.0,999.0
1405,25,3,837548,279182.6666666667,522074.0,13.165566534704977,18.0
1406,103,2,426719,213359.5,0.0,0.0,7.0
1407,62,2,234775,117387.5,471006.0,13.06262823488387,8.0
1408,89,1,262938,262938.0,770648.0,13.554988295968107,999.0
1409,50,1,97094,97094.0,303684.0,12.623746258967842,999.0
1410,105,1,481174,481174.0,259575.0,12.466804809615356,999.0
1411,47,1,98532,98532.0,0.0,0.0,999.0
1412,7,4,884675,221168.75,892396.0,13.701666379813663,17.666666666666668
1413,83,1,115312,115312.0,0.0,0.0,999.0
1414,52,8,2488243,311030.375,0.0,0.0,8.857142857142858
1415,26,4,1129243,282310.75,0.0,0.0,21.666666666666668
1416,8,6,1443871,240645.16666666666,250912.0,12.432861544483744,17.8
1418,4,1,446152,446152.0,4127.0,8.325548307161398,999.0
1419,6,7,2373823,339117.5714285714,661056.0,13.401595348096306,17.166666666666668
1420,19,1,249933,249933.0,407952.0,12.918907250672289,999.0
1421,93,1,417645,417645.0,684372.0,13.436258369608304,999.0
1422,16,3,808353,269451.0,141356.0,11.859043884357513,37.5
1423,38,1,64301,64301.0,220615.0,12.3041789126365,999.0
1424,22,2,1328198,664099.0,0.0,0.0,68.0
1425,35,2,1217049,608524.5,0.0,0.0,81.0
1426,4,3,386851,128950.33333333333,0.0,0.0,35.0
1427,16,5,2179398,435879.6,0.0,0.0,25.75
1428,63,3,617142,205714.0,0.0,0.0,15.0
1429,11,2,278064,139032.0,1030925.0,13.845967985447398,17.0
1430,34,2,140336,70168.0,639883.0,13.369042188908088,36.0
1431,98,2,552684,276342.0,338527.0,12.732362085786502,1.0
1432,13,5,1071061,214212.2,837368.0,13.638020112536353,19.0
1433,1,2,593240,296620.0,3245.0,8.085178748074537,62.0
1434,85,2,508853,254426.5,49121.0,10.802062278604502,5.0
1435,9,1,251114,251114.0,357492.0,12.78687106050492,999.0
1436,117,1,225646,225646.0,626176.0,13.347388357720499,999.0
1437,65,1,93328,93328.0,0.0,0.0,999.0
1438,83,1,113127,113127.0,1586096.0,14.27678683945805,999.0
1439,62,1,524456,524456.0,1134232.0,13.94146720953644,999.0
1440,12,2,511869,255934.5,592902.0,13.292786089557847,70.0
1441,27,2,148181,74090.5,21488.0,9.97529645528256,2.0
1442,1,3,369298,123099.33333333333,217737.0,12.291047784126155,36.5
1443,5,7,2038317,291188.14285714284,78425.0,11.269910784013607,13.166666666666666
1446,14,3,688938,229646.0,1652508.0,14.317805296986641,41.5
1448,21,4,1740104,435026.0,0.0,0.0,13.333333333333334
1449,47,3,762923,254307.66666666666,753949.0,13.533081331793941,26.5
1450,82,1,82626,82626.0,300792.0,12.614177599510446,999.0
1451,3,3,1256024,418674.6666666667,266132.0,12.491751462805487,8.5
1452,10,2,567794,283897.0,1873280.0,14.443201996868488,95.0
1453,1,5,850525,170105.0,0.0,0.0,27.5
1454,64,2,968846,484423.0,133366.0,11.80086000554925,32.0
1455,65,1,221814,221814.0,0.0,0.0,999.0
1456,85,2,754677,377338.5,454738.0,13.02747890697291,29.0
1457,24,5,1961910,392382.0,0.0,0.0,23.25
1458,113,2,1642129,821064.5,996066.0,13.811569803380578,2.0
1459,54,3,410668,136889.33333333334,0.0,0.0,28.0
1460,12,3,317294,105764.66666666667,0.0,0.0,50.5
1461,17,4,1240775,310193.75,0.0,0.0,27.666666666666668
1463,25,1,27185,27185.0,982135.0,13.797485070619041,999.0
1464,86,1,702595,702595.0,0.0,0.0,999.0
1465,58,2,770099,385049.5,0.0,0.0,49.0
1466,7,2,1285439,642719.5,231867.0,12.353923523208904,43.0
1467,2,1,153583,153583.0,70995.0,11.170378816408236,999.0
1468,3,3,961832,320610.6666666667,223886.0,12.318896739266545,37.5
1469,87,2,131900,65950.0,0.0,0.0,29.0
1471,65,1,306332,306332.0,718377.0,13.484751171893198,999.0
1472,25,7,1530669,218667.0,38644.0,10.562172679540971,14.666666666666666
1473,46,2,541432,270716.0,1182560.0,13.98319298364141,27.0
1474,1,4,858215,214553.75,113632.0,11.640729236042025,34.0
1475,0,3,1291955,430651.6666666667,201623.0,12.214159855712794,52.5
1476,79,1,464684,464684.0,546724.0,13.211701212756523,999.0
1477,15,2,615579,307789.5,487948.0,13.0979661711772,70.0
1478,10,5,906323,181264.6,88475.0,11.390486607777651,25.0
1479,18,1,488102,488102.0,0.0,0.0,999.0
1480,37,5,621270,124254.0,277335.0,12.532985046473623,16.5
1481,28,4,1289762,322440.5,222354.0,12.312030482755947,19.666666666666668
1484,18,2,525678,262839.0,465494.0,13.050856634503011,20.0
1485,0,4,725777,181444.25,338022.0,12.73086921948732,38.666666666666664
1486,29,6,1994927,332487.8333333333,22243.0,10.009827588307454,15.8
1487,107,1,233097,233097.0,0.0,0.0,999.0
1488,86,2,279000,139500.0,65256.0,11.086088599124372,17.0
1489,79,1,16662,16662.0,0.0,0.0,999.0
1490,5,3,613033,204344.33333333334,0.0,0.0,53.5
1491,20,2,931433,465716.5,605916.0,13.314498291974699,93.0
1493,51,2,850168,425084.0,0.0,0.0,32.0
1494,43,2,1084919,542459.5,0.0,0.0,71.0
1495,86,1,219882,219882.0,281379.0,12.547461347931204,999.0
1496,49,2,202280,101140.0,276788.0,12.531010762051608,33.0
1497,30,3,1763286,587762.0,0.0,0.0,39.0
1498,34,2,339685,169842.5,621692.0,13.340201680744146,4.0
1499,16,3,517970,172656.66666666666,495632.0,13.113591012476794,34.0
1500,78,1,51152,51152.0,613599.0,13.327098529035183,999.0
1502,13,3,881029,293676.3333333333,0.0,0.0,44.0
1503,50,4,1512494,378123.5,137708.0,11.832898042058034,13.333333333333334
1504,97,2,847127,423563.5,0.0,0.0,7.0
1505,88,2,89471,44735.5,121010.0,11.703636729537806,10.0
1506,9,1,131826,131826.0,0.0,0.0,999.0
1507,45,1,313038,313038.0,240952.0,12.392357172706886,999.0
1508,16,2,290170,145085.0,385321.0,12.86183462734911,26.0
1509,0,2,169637,84818.5,0.0,0.0,67.0
1510,82,1,74317,74317.0,681112.0,13.431483503818658,999.0
1511,40,3,736129,245376.33333333334,514565.0,13.151079105912462,18.5
1512,4,3,645745,215248.33333333334,0.0,0.0,44.0
1513,1,1,72796,72796.0,747735.0,13.524805253481748,999.0
1514,6,2,244845,122422.5,0.0,0.0,18.0
1515,15,4,1638023,409505.75,245073.0,12.409315484738046,9.0
1516,75,1,199982,199982.0,1268671.0,14.053481242049882,999.0
1517,38,3,990278,330092.6666666667,39171.0,10.575717484840686,34.0
1518,44,1,112488,112488.0,1617868.0,14.296620409169524,999.0
1519,107,1,209247,209247.0,16244.0,9.6955404481032,999.0
1520,82,1,708184,708184.0,90476.0,11.41285095374164,999.0
1521,18,5,547956,109591.2,915964.0,13.727733433319274,16.25
1522,27,2,110713,55356.5,92585.0,11.43589322129926,55.0
1523,4,2,94731,47365.5,44096.0,10.694147031910097,75.0
1524,26,4,2617602,654400.5,18995.0,9.851983709669012,29.0
1525,75,2,918267,459133.5,1219789.0,14.014189270745632,6.0
1526,15,3,471605,157201.66666666666,0.0,0.0,27.5
1527,33,3,563191,187730.33333333334,673023.0,13.419536269209443,40.5
1528,16,3,1144429,381476.3333333333,0.0,0.0,35.0
1529,105,2,26841,13420.5,0.0,0.0,13.0
1530,71,4,847719,211929.75,0.0,0.0,9.333333333333334
1532,21,5,1666460,333292.0,0.0,0.0,23.5
1533,59,1,682404,682404.0,0.0,0.0,999.0
1534,26,3,701055,233685.0,0.0,0.0,46.0
1535,12,2,515099,257549.5,0.0,0.0,39.0
1536,48,1,441476,441476.0,0.0,0.0,999.0
1537,19,3,973988,324662.6666666667,165683.0,12.017837638704153,33.0
1539,21,2,895354,447677.0,0.0,0.0,8.0
1541,9,2,183950,91975.0,16520.0,9.712387577930592,97.0
1542,26,5,1346669,269333.8,212972.0,12.268920676093384,22.5
1543,15,3,1266453,422151.0,119117.0,11.687869877425134,13.0
1544,5,5,1691693,338338.6,108604.0,11.595472725937794,23.75
1545,12,4,899362,224840.5,0.0,0.0,30.0
1546,14,2,144413,72206.5,0.0,0.0,18.0
1547,5,4,1171470,292867.5,469635.0,13.059713205545796,30.666666666666668
1549,28,2,503694,251847.0,0.0,0.0,88.0
1550,24,5,1306323,261264.6,619843.0,13.337223112458211,19.75
1551,24,4,865621,216405.25,91768.0,11.427029828946452,27.666666666666668
1552,15,5,2097959,419591.8,0.0,0.0,19.5
1553,10,2,391769,195884.5,207755.0,12.244119593167076,19.0
1554,3,3,678126,226042.0,921454.0,13.73370922147586,10.5
1555,91,2,1214073,607036.5,604296.0,13.311821077915683,2.0
1557,55,2,35166,17583.0,0.0,0.0,10.0
1558,37,2,384779,192389.5,542672.0,13.20426220757008,77.0
1559,6,2,770366,385183.0,0.0,0.0,96.0
1560,32,2,94517,47258.5,206142.0,12.236325381701148,10.0
1562,12,7,2719054,388436.28571428574,0.0,0.0,15.833333333333334
1563,24,1,284472,284472.0,684783.0,13.436858739050734,999.0
1564,26,3,1205477,401825.6666666667,724402.0,13.493103146341186,28.5
1565,28,4,2315779,578944.75,0.0,0.0,26.333333333333332
1568,27,2,92577,46288.5,0.0,0.0,92.0
1569,34,2,701336,350668.0,0.0,0.0,27.0
1570,65,1,417141,417141.0,8697.0,9.070848393157585,999.0
1571,34,2,840210,420105.0,671645.0,13.417486694990659,59.0
1572,20,3,488756,162918.66666666666,182736.0,12.115803239650864,43.0
1573,7,2,1006044,503022.0,0.0,0.0,36.0
1574,42,4,919982,229995.5,492335.0,13.106916689215302,25.333333333333332
1575,53,2,162838,81419.0,268902.0,12.5021059987585,64.0
1576,13,2,369303,184651.5,181292.0,12.107869785958945,96.0
1577,15,5,289762,57952.4,218648.0,12.295222983311286,18.75
1578,52,2,96577,48288.5,0.0,0.0,63.0
1579,29,4,497378,124344.5,238256.0,12.381105201987252,23.333333333333332
1581,43,1,208982,208982.0,0.0,0.0,999.0
1583,46,2,1133543,566771.5,36253.0,10.498304999022864,4.0
1584,60,1,176007,176007.0,0.0,0.0,999.0
1585,91,1,479517,479517.0,0.0,0.0,999.0
1586,2,3,1464018,488006.0,248286.0,12.42234061410469,34.5
1587,5,4,1746644,436661.0,0.0,0.0,32.0
1588,105,2,122830,61415.0,1097366.0,13.908424232077778,13.0
1589,68,1,144257,144257.0,1034151.0,13.849092325181022,999.0
1590,85,1,1042165,1042165.0,1178205.0,13.979503500570761,999.0
1591,47,3,1117626,372542.0,1017760.0,13.833115674462062,35.5
1592,41,4,722296,180574.0,0.0,0.0,15.666666666666666
1593,6,3,573862,191287.33333333334,932404.0,13.745522548634723,32.5
1594,5,1,653274,653274.0,866028.0,13.671673674281807,999.0
1595,79,1,194256,194256.0,1224772.0,14.018266078667214,999.0
1596,21,2,1184384,592192.0,101080.0,11.523677454607132,81.0
1597,18,3,521613,173871.0,0.0,0.0,40.0
1598,68,3,1498618,499539.3333333333,243391.0,12.402428591287931,19.0
1599,60,2,345277,172638.5,824775.0,13.62286711329839,23.0
1600,35,2,485272,242636.0,0.0,0.0,24.0
1601,16,3,441696,147232.0,430230.0,12.97207755272681,21.5
1602,67,2,152310,76155.0,30393.0,10.32200049949355,9.0
1603,35,2,439946,219973.0,0.0,0.0,16.0
1605,17,7,1503732,214818.85714285713,778276.0,13.564837780924032,16.333333333333332
1606,44,3,1413314,471104.6666666667,1121214.0,13.92992347670629,35.0
1607,30,3,533594,177864.66666666666,552349.0,13.22193718230042,22.0
1608,34,2,864164,432082.0,2084891.0,14.550227613312297,32.0
1609,21,1,614055,614055.0,851375.0,13.654609143113477,999.0
1610,36,1,171055,171055.0,1076375.0,13.88911040104228,999.0
1611,59,3,914498,304832.6666666667,410646.0,12.92548924365036,12.5
1612,36,4,1136847,284211.75,243974.0,12.404821040009661,18.666666666666668
1613,2,4,1596652,399163.0,0.0,0.0,24.666666666666668
1614,41,2,446139,223069.5,26432.0,10.18236850853484,47.0
1615,19,3,525451,175150.33333333334,23640.0,10.070737771809798,16.0
1616,66,1,146445,146445.0,963996.0,13.778843461554645,999.0
1617,26,3,1150446,383482.0,0.0,0.0,37.0
1618,3,3,1023515,341171.6666666667,0.0,0.0,48.5
1619,47,3,1031947,343982.3333333333,188167.0,12.14509045979538,27.5
1620,90,2,340766,170383.0,0.0,0.0,16.0
1621,27,1,74904,74904.0,416739.0,12.940217805124192,999.0
1622,16,3,210339,70113.0,971585.0,13.786685066784438,50.0
1623,12,3,934261,311420.3333333333,633333.0,13.358753208099584,53.5
1624,38,2,1073094,536547.0,373766.0,12.831387887602457,52.0
1625,4,2,1115308,557654.0,626028.0,13.347151974887819,40.0
1626,64,1,920764,920764.0,890125.0,13.699118304721514,999.0
1627,24,1,73653,73653.0,143539.0,11.874369020984062,999.0
1629,33,1,1127505,1127505.0,102344.0,11.536104737917634,999.0
1632,63,2,100000,50000.0,190717.0,12.158551176226956,23.0
1634,1,4,1571161,392790.25,0.0,0.0,36.333333333333336
1635,16,3,466377,155459.0,0.0,0.0,31.5
1636,112,2,550030,275015.0,0.0,0.0,4.0
1637,77,1,61230,61230.0,68109.0,11.128879324235363,999.0
1638,62,3,1093070,364356.6666666667,727288.0,13.497079201595422,20.5
1639,33,2,904985,452492.5,216728.0,12.286403004135906,28.0
1640,22,3,1258910,419636.6666666667,0.0,0.0,35.5
1641,4,1,134892,134892.0,936448.0,13.749850341294756,999.0
1642,13,2,289965,144982.5,301096.0,12.615187750952902,49.0
1644,7,4,928640,232160.0,381435.0,12.851698356786901,33.666666666666664
1646,56,3,791007,263669.0,51969.0,10.858421908002487,9.5
1647,79,3,1602542,534180.6666666666,468714.0,13.057750186812397,9.5
1648,18,2,458724,229362.0,567024.0,13.248158673448637,2.0
1649,55,3,574614,191538.0,0.0,0.0,24.5
1650,88,1,282464,282464.0,0.0,0.0,999.0
1651,54,2,992802,496401.0,123688.0,11.725525629608425,36.0
1652,98,1,195482,195482.0,881364.0,13.689227121048594,999.0
1653,3,4,545852,136463.0,0.0,0.0,15.666666666666666
1654,28,3,540559,180186.33333333334,466546.0,13.053114044462522,19.5
1655,21,2,182819,91409.5,31805.0,10.367410230215862,45.0
1656,59,2,86309,43154.5,0.0,0.0,14.0
1657,64,4,713698,178424.5,171813.0,12.054167775316927,18.333333333333332
1658,53,1,24099,24099.0,0.0,0.0,999.0
1659,7,2,153154,76577.0,264856.0,12.486945336678152,49.0
1660,61,3,711675,237225.0,828776.0,13.62770639913704,19.0
1661,40,4,1204115,301028.75,0.0,0.0,15.0
1662,113,1,406328,406328.0,49860.0,10.816994413033667,999.0
1663,11,5,1532783,306556.6,86462.0,11.367471855745958,20.0
1664,17,3,809548,269849.3333333333,0.0,0.0,42.5
1665,3,5,1571537,314307.4,349551.0,12.764407613565874,24.0
1666,57,2,620023,310011.5,0.0,0.0,16.0
1667,10,2,189829,94914.5,1274179.0,14.057813392418282,103.0
1668,6,3,1013662,337887.3333333333,2421372.0,14.69984529261956,49.5
1669,0,5,1213275,242655.0,0.0,0.0,26.0
1670,27,2,787299,393649.5,122503.0,11.715898961495043,15.0
1671,19,4,1693105,423276.25,0.0,0.0,11.0
1672,6,3,676774,225591.33333333334,1186403.0,13.986437441344343,55.0
1673,105,1,388805,388805.0,54514.0,10.906231172140481,999.0
1674,77,1,112005,112005.0,1665297.0,14.325514644360833,999.0
1675,99,1,509176,509176.0,251944.0,12.436966088704443,999.0
1676,93,1,73398,73398.0,53151.0,10.880911012413021,999.0
1677,27,1,956892,956892.0,113484.0,11.63942594857957,999.0
1678,97,1,247992,247992.0,714605.0,13.479486620841824,999.0
1679,20,4,986162,246540.5,0.0,0.0,16.333333333333332
1680,39,3,973521,324507.0,804005.0,13.597362010819825,18.0
1681,13,3,974893,324964.3333333333,1017395.0,13.832756979772745,11.5
1682,6,3,1246969,415656.3333333333,196148.0,12.186629853485524,28.5
1683,32,4,855935,213983.75,573065.0,13.25875617230987,25.0
1684,4,1,120459,120459.0,0.0,0.0,999.0
1685,73,2,270970,135485.0,138653.0,11.83973690024913,45.0
1686,24,3,1855623,618541.0,0.0,0.0,16.0
1687,23,3,415269,138423.0,262736.0,12.478908810826319,30.0
1688,64,3,1047020,349006.6666666667,92079.0,11.430413043395765,27.5
1689,31,2,212595,106297.5,829555.0,13.628645896882425,36.0
1690,69,1,77994,77994.0,324792.0,12.69094333531328,999.0
1692,18,2,351859,175929.5,0.0,0.0,87.0
1693,45,3,1378271,459423.6666666667,204746.0,12.229530349593322,27.0
1694,92,2,51690,25845.0,505314.0,13.132937276174843,16.0
1696,94,1,239391,239391.0,0.0,0.0,999.0
1697,83,3,834690,278230.0,0.0,0.0,15.0
1698,37,2,618156,309078.0,969632.0,13.784672928371487,49.0
1699,17,4,831389,207847.25,401688.0,12.903433436352818,31.666666666666668
1700,50,1,284512,284512.0,0.0,0.0,999.0
1701,40,2,227084,113542.0,1680288.0,14.334476360394566,21.0
1702,15,3,464645,154881.66666666666,0.0,0.0,48.0
1703,24,4,1649885,412471.25,0.0,0.0,24.666666666666668
1704,9,3,1162939,387646.3333333333,1021264.0,13.83655261293098,28.0
1705,21,3,826311,275437.0,690195.0,13.44473089420763,44.0
1706,42,2,519564,259782.0,263832.0,12.483071606210418,63.0
1707,6,1,1033755,1033755.0,134597.0,11.81004783724136,999.0
1708,12,3,225424,75141.33333333333,395397.0,12.887648131536919,32.0
1709,9,3,1423394,474464.6666666667,0.0,0.0,36.0
1710,49,3,781283,260427.66666666666,0.0,0.0,22.0
1711,25,1,46254,46254.0,0.0,0.0,999.0
1713,8,1,93409,93409.0,71956.0,11.183823997367742,999.0
1714,63,3,851975,283991.6666666667,300145.0,12.61202430192119,23.0
1715,14,2,538860,269430.0,0.0,0.0,24.0
1716,94,1,96619,96619.0,425869.0,12.961889414360153,999.0
1717,0,3,899171,299723.6666666667,545135.0,13.208790583799537,45.5
1718,34,3,236000,78666.66666666667,56032.0,10.933696081870927,26.5
1719,67,1,696888,696888.0,0.0,0.0,999.0
1720,26,1,603267,603267.0,0.0,0.0,999.0
1721,25,2,460359,230179.5,0.0,0.0,94.0
1722,64,1,28267,28267.0,0.0,0.0,999.0
1723,28,2,784294,392147.0,33604.0,10.422430144404066,85.0
1724,13,4,773446,193361.5,373364.0,12.830311772434605,33.0
1725,55,1,357342,357342.0,0.0,0.0,999.0
1726,98,1,171115,171115.0,291346.0,12.582270275624436,999.0
1727,6,4,1842103,460525.75,181888.0,12.111151889890415,30.333333333333332
1728,10,4,1210992,302748.0,35116.0,10.466440622688136,32.0
1729,110,1,167935,167935.0,413303.0,12.931938678652845,999.0
1730,48,3,904799,301599.6666666667,339544.0,12.735361765061702,24.5
1732,20,1,90012,90012.0,115161.0,11.654095111716673,999.0
1733,70,1,446925,446925.0,0.0,0.0,999.0
1734,19,4,1107169,276792.25,138230.0,11.836681477751847,24.333333333333332
1735,55,2,159487,79743.5,0.0,0.0,14.0
1736,89,2,737631,368815.5,617385.0,13.333249715056136,22.0
1737,42,1,124764,124764.0,0.0,0.0,999.0
1738,14,1,27606,27606.0,232614.0,12.357140005379504,999.0
1739,12,5,1912708,382541.6,87144.0,11.375328676955782,26.75
1741,45,2,748692,374346.0,0.0,0.0,54.0
1742,44,1,76523,76523.0,224814.0,12.323033120754241,999.0
1743,37,4,1113749,278437.25,528385.0,13.17758235619982,23.666666666666668
1744,45,3,568775,189591.66666666666,52012.0,10.859248966318772,35.5
1745,15,6,2219434,369905.6666666667,0.0,0.0,18.8
1746,5,3,615157,205052.33333333334,1018191.0,13.833539063416953,40.0
1747,7,2,1621539,810769.5,0.0,0.0,3.0
1748,64,2,493881,246940.5,1765570.0,14.383984708778444,18.0
1749,62,3,674170,224723.33333333334,0.0,0.0,27.5
1750,25,1,143022,143022.0,12989.0,9.471935109664646,999.0
1751,16,4,1614550,403637.5,1036279.0,13.851147935555405,26.333333333333332
1752,114,1,11815,11815.0,294522.0,12.593112377496238,999.0
1753,41,2,284083,142041.5,955992.0,13.770505869830998,60.0
1754,22,3,853498,284499.3333333333,0.0,0.0,46.0
1755,15,3,1394790,464930.0,412527.0,12.93005936124109,48.0
1756,62,3,1424590,474863.3333333333,403467.0,12.907852457475377,12.5
1757,7,2,135862,67931.0,728332.0,13.498513640177709,32.0
1759,17,3,546914,182304.66666666666,395742.0,12.888520289652524,39.0
1760,42,1,780812,780812.0,131288.0,11.785156279172817,999.0
1761,49,3,208540,69513.33333333333,18462.0,9.823524008395744,32.5
1762,68,3,652727,217575.66666666666,0.0,0.0,16.0
1764,29,4,724019,181004.75,86355.0,11.36623356581635,28.333333333333332
1765,99,1,355395,355395.0,598316.0,13.301875992813669,999.0
1766,104,1,197526,197526.0,33802.0,10.428304834928856,999.0
1767,39,3,1132194,377398.0,0.0,0.0,35.0
1768,38,2,621540,310770.0,830052.0,13.629244833155797,36.0
1769,51,2,192698,96349.0,434762.0,12.982556334012134,67.0
1770,56,2,585936,292968.0,0.0,0.0,35.0
1772,35,2,635157,317578.5,0.0,0.0,28.0
1773,59,5,779453,155890.6,80150.0,11.29166763456623,15.0
1774,33,4,853984,213496.0,310488.0,12.64590375299705,19.666666666666668
1775,71,2,604099,302049.5,83796.0,11.336152486306684,32.0
1776,56,3,1804421,601473.6666666666,0.0,0.0,29.5
1777,87,1,175349,175349.0,105805.0,11.569362507573388,999.0
1778,26,3,1211845,403948.3333333333,1019706.0,13.8350258890929,46.0
1779,99,1,72248,72248.0,134399.0,11.808575707071187,999.0
1780,12,5,1536478,307295.6,974380.0,13.789557676568677,24.5
1782,30,1,416456,416456.0,0.0,0.0,999.0
1783,55,1,108124,108124.0,780867.0,13.568161400452826,999.0
1784,105,2,234422,117211.0,88763.0,11.393736441375868,13.0
1785,32,4,1646591,411647.75,0.0,0.0,27.0
1786,26,2,900636,450318.0,100545.0,11.518370613206123,62.0
1787,34,3,643667,214555.66666666666,74036.0,11.212320247227957,7.0
1788,105,1,448924,448924.0,608910.0,13.319427394797259,999.0
1790,113,1,84776,84776.0,0.0,0.0,999.0
1791,6,1,689995,689995.0,300147.0,12.61203096532279,999.0
1792,73,3,1842835,614278.3333333334,75178.0,11.227627215619755,8.5
1793,29,3,691645,230548.33333333334,113738.0,11.641661628840428,41.0
1794,21,2,1291136,645568.0,154149.0,11.945681433314297,28.0
1795,16,2,282165,141082.5,1085771.0,13.897801812683152,33.0
1796,25,4,866983,216745.75,30951.0,10.34019289638035,31.0
1797,5,1,38711,38711.0,315796.0,12.662854881075212,999.0
1798,70,2,877363,438681.5,321045.0,12.679339694026062,27.0
1799,22,1,500068,500068.0,23264.0,10.05470536427875,999.0
1800,9,4,1228774,307193.5,0.0,0.0,32.333333333333336
1801,22,2,1110941,555470.5,354955.0,12.77974911711393,12.0
1802,25,2,629254,314627.0,0.0,0.0,57.0
1803,23,2,640440,320220.0,0.0,0.0,95.0
1804,60,4,1066113,266528.25,888368.0,13.697142476201787,13.333333333333334
1805,43,3,250759,83586.33333333333,320884.0,12.678838082471625,35.5
1806,44,1,45733,45733.0,394035.0,12.88419755466441,999.0
1807,21,2,550371,275185.5,817355.0,13.613830019448887,1.0
1808,18,5,2020944,404188.8,295493.0,12.596403811053621,19.75
1809,22,3,1354100,451366.6666666667,264712.0,12.486401499211722,27.0
1810,87,2,475917,237958.5,0.0,0.0,30.0
1811,1,4,715257,178814.25,853852.0,13.6575143268069,33.333333333333336
1812,58,1,98078,98078.0,879275.0,13.686854120555836,999.0
1813,74,3,2396984,798994.6666666666,0.0,0.0,21.5
1814,60,1,858956,858956.0,0.0,0.0,999.0
1815,7,3,852401,284133.6666666667,497044.0,13.116435844239529,11.0
1816,12,2,139153,69576.5,98018.0,11.492916616411906,70.0
1817,2,3,257466,85822.0,562752.0,13.240596089718785,48.0
1818,43,2,75401,37700.5,814151.0,13.609902359739126,31.0
1819,42,1,245665,245665.0,0.0,0.0,999.0
1821,64,2,813383,406691.5,0.0,0.0,17.0
1822,27,2,1191673,595836.5,0.0,0.0,76.0
1823,73,1,187556,187556.0,16186.0,9.69196372993396,999.0
1824,116,1,231984,231984.0,0.0,0.0,999.0
1825,15,2,507591,253795.5,0.0,0.0,65.0
1826,9,4,1198359,299589.75,850624.0,13.653726652387867,32.666666666666664
1827,64,4,1229059,307264.75,540264.0,13.19981503890734,18.0
1828,27,3,1302612,434204.0,1067819.0,13.881129744972087,36.5
1830,53,1,137816,137816.0,399189.0,12.897192773005486,999.0
1831,13,2,196534,98267.0,0.0,0.0,4.0
1832,21,3,1020645,340215.0,47890.0,10.776682874304697,34.5
1833,14,3,404960,134986.66666666666,336045.0,12.725003334336645,51.5
1834,19,5,1974731,394946.2,33497.0,10.419241014538416,23.75
1835,21,2,820442,410221.0,522857.0,13.167065195665154,91.0
1836,96,2,306778,153389.0,0.0,0.0,17.0
1837,72,1,49009,49009.0,590229.0,13.288267570426205,999.0
1838,70,2,1337668,668834.0,93252.0,11.443071508570338,28.0
1839,22,4,196430,49107.5,1186521.0,13.986536896616101,32.333333333333336
1840,7,3,1854025,618008.3333333334,0.0,0.0,6.5
1841,10,4,1523920,380980.0,0.0,0.0,23.333333333333332
1842,78,1,8766,8766.0,141657.0,11.8611709808965,999.0
1844,15,2,553950,276975.0,272495.0,12.515379214078617,44.0
1845,82,1,424052,424052.0,639972.0,13.369181266945937,999.0
1846,32,2,744212,372106.0,0.0,0.0,57.0
1847,27,2,1253531,626765.5,0.0,0.0,10.0
1848,60,1,7921,7921.0,598592.0,13.302337180379805,999.0
1849,25,3,708744,236248.0,0.0,0.0,45.5
1850,36,2,272691,136345.5,1122054.0,13.930672383471201,9.0
1852,84,1,57512,57512.0,0.0,0.0,999.0
1853,41,1,963108,963108.0,0.0,0.0,999.0
1854,35,5,1101620,220324.0,0.0,0.0,18.5
1855,92,1,49398,49398.0,608952.0,13.31949636801597,999.0
1856,26,5,419167,83833.4,0.0,0.0,23.0
1857,12,1,348982,348982.0,560419.0,13.236441781601878,999.0
1858,10,2,268019,134009.5,256652.0,12.455480256990851,84.0
1859,33,2,973938,486969.0,713364.0,13.47774848986797,56.0
1860,8,7,1347676,192525.14285714287,0.0,0.0,16.5
1861,4,2,591397,295698.5,595698.0,13.29749078491804,88.0
1863,23,3,264350,88116.66666666667,0.0,0.0,37.0
1864,93,1,15167,15167.0,563009.0,13.241052668953428,999.0
1865,32,2,1491980,745990.0,102839.0,11.540929661379826,84.0
1866,13,4,801854,200463.5,0.0,0.0,11.333333333333334
1867,109,2,155657,77828.5,0.0,0.0,3.0
1868,89,1,770095,770095.0,0.0,0.0,999.0
1869,8,9,4743694,527077.1111111111,0.0,0.0,12.375
1870,42,2,1351368,675684.0,0.0,0.0,17.0
1871,83,2,535022,267511.0,0.0,0.0,17.0
1872,48,1,17548,17548.0,647572.0,13.380986807513747,999.0
1873,0,3,764518,254839.33333333334,276488.0,12.529926316151354,8.0
1874,32,3,1405471,468490.3333333333,0.0,0.0,38.5
1875,17,5,544925,108985.0,93444.0,11.445128306904403,11.5
1876,27,4,1175130,293782.5,451767.0,13.020924052707722,16.666666666666668
1877,18,2,307534,153767.0,184205.0,12.123809975562748,93.0
1878,4,4,626429,156607.25,258155.0,12.461319332338684,34.666666666666664
1880,10,2,576345,288172.5,1186915.0,13.986868904449144,66.0
1881,1,1,332853,332853.0,338679.0,12.732810987756213,999.0
1882,24,1,35172,35172.0,1779349.0,14.391758687038674,999.0
1883,10,5,2486818,497363.6,194631.0,12.178865875091958,22.5
1884,21,1,226464,226464.0,316182.0,12.664076438871342,999.0
1885,12,3,469702,156567.33333333334,0.0,0.0,51.5
1886,24,2,986092,493046.0,540678.0,13.200581036073231,73.0
1887,115,1,114958,114958.0,16985.0,9.740144754339955,999.0
1888,26,3,1710527,570175.6666666666,1016467.0,13.831844430984429,22.0
1889,42,1,514376,514376.0,0.0,0.0,999.0
1890,21,4,818951,204737.75,236479.0,12.373618916741973,29.0
1891,66,1,23464,23464.0,1598592.0,14.28463442533299,999.0
1892,109,1,746331,746331.0,739419.0,13.513621374077466,999.0
1893,44,2,897492,448746.0,0.0,0.0,71.0
1894,62,3,643858,214619.33333333334,572229.0,13.257296287444335,28.5
1895,13,3,139847,46615.666666666664,402808.0,12.906217783171765,24.5
1896,4,5,570347,114069.4,0.0,0.0,21.75
1897,12,4,654836,163709.0,263430.0,12.481546753089804,26.666666666666668
1898,3,2,142490,71245.0,0.0,0.0,101.0
1899,16,2,319707,159853.5,598635.0,13.30240901291981,87.0
1900,21,5,598190,119638.0,0.0,0.0,22.0
1901,3,4,1538909,384727.25,341616.0,12.741445505466238,29.333333333333332
1903,84,2,846766,423383.0,90285.0,11.410737688625636,22.0
1904,33,1,161115,161115.0,975251.0,13.790451178123016,999.0
1905,12,5,1393481,278696.2,507616.0,13.137482505199307,26.75
1906,32,3,1491693,497231.0,220716.0,12.304636616917682,16.0
1907,0,4,358082,89520.5,1156725.0,13.961104158769267,15.666666666666666
1908,2,1,177123,177123.0,71867.0,11.182586382052463,999.0
1909,93,1,16921,16921.0,0.0,0.0,999.0
1910,118,1,18550,18550.0,252401.0,12.43877833354807,999.0
1911,17,3,1176081,392027.0,386015.0,12.863634098365111,15.0
1912,20,3,1107276,369092.0,131685.0,11.788175579878919,11.5
1913,12,4,1381887,345471.75,976922.0,13.792163115227122,26.0
1915,20,2,357684,178842.0,1016785.0,13.832157230076518,29.0
1916,36,4,1539885,384971.25,0.0,0.0,24.333333333333332
1917,28,4,3921573,980393.25,742355.0,13.517584191456375,16.666666666666668
1918,17,3,1741218,580406.0,329664.0,12.70583226631223,51.0
1919,14,4,1169638,292409.5,0.0,0.0,33.0
1920,49,1,375588,375588.0,0.0,0.0,999.0
1921,13,2,345470,172735.0,0.0,0.0,34.0
1922,30,4,690686,172671.5,877524.0,13.684860723944816,14.333333333333334
1923,28,2,201898,100949.0,177154.0,12.08478033456367,45.0
1924,90,1,98394,98394.0,0.0,0.0,999.0
1925,44,2,825574,412787.0,77622.0,11.25961905400853,9.0
1926,13,3,614391,204797.0,0.0,0.0,41.5
1927,108,1,183564,183564.0,0.0,0.0,999.0
1928,56,4,728963,182240.75,0.0,0.0,20.0
1929,65,1,99204,99204.0,676341.0,13.424454144251925,999.0
1930,12,5,2059183,411836.6,2175166.0,14.59261600116656,24.5
1931,30,4,820850,205212.5,521975.0,13.165376888796306,27.0
1932,25,2,560701,280350.5,1494434.0,14.21725876695333,14.0
1933,8,1,363309,363309.0,37706.0,10.537601032592947,999.0
1934,0,3,467702,155900.66666666666,661144.0,13.40172845937602,57.0
1937,29,2,257033,128516.5,574263.0,13.260844499879765,89.0
1938,64,1,87655,87655.0,1653071.0,14.31814593302336,999.0
1939,49,1,63796,63796.0,777788.0,13.564210558150705,999.0
1940,37,4,1913565,478391.25,474088.0,13.069150346764895,21.333333333333332
1941,45,3,627737,209245.66666666666,130502.0,11.7791514939864,37.0
1942,30,1,77325,77325.0,305008.0,12.628096563350912,999.0
1943,117,1,97096,97096.0,0.0,0.0,999.0
1944,0,7,2108514,301216.28571428574,0.0,0.0,17.666666666666668
1945,3,2,198134,99067.0,228415.0,12.338923806849833,84.0
1946,7,1,549885,549885.0,213079.0,12.269422961030935,999.0
1947,24,3,1280550,426850.0,0.0,0.0,27.0
1948,5,5,2215374,443074.8,141682.0,11.861347446710235,17.5
1949,54,1,124301,124301.0,0.0,0.0,999.0
1950,22,5,1021126,204225.2,0.0,0.0,20.5
1951,10,4,1487234,371808.5,1401070.0,14.152747502122134,26.0
1952,42,1,253342,253342.0,746452.0,13.523087933497036,999.0
1953,109,1,57504,57504.0,462850.0,13.045160467020192,999.0
1954,37,1,803112,803112.0,0.0,0.0,999.0
1955,25,2,796467,398233.5,615719.0,13.330547593724011,44.0
1956,13,3,1425774,475258.0,0.0,0.0,23.5
1957,53,1,211956,211956.0,96604.0,11.478385778695484,999.0
1958,4,3,258965,86321.66666666667,34096.0,10.436964682861856,30.0
1959,95,1,11878,11878.0,0.0,0.0,999.0
1960,18,2,1104137,552068.5,531012.0,13.182541782033622,51.0
1962,70,1,783915,783915.0,0.0,0.0,999.0
1963,10,3,1107760,369253.3333333333,404284.0,12.909875353778094,45.5
1964,36,4,1661239,415309.75,496414.0,13.115167549422527,27.666666666666668
1965,21,4,359998,89999.5,0.0,0.0,20.333333333333332
1966,44,3,676338,225446.0,362890.0,12.801857792673184,14.5
1968,7,2,1607669,803834.5,0.0,0.0,66.0
1969,1,4,1579027,394756.75,1155540.0,13.960079190542203,36.0
1970,37,1,19179,19179.0,193957.0,12.175396919761713,999.0
1971,25,4,896165,224041.25,82320.0,11.318381518150378,25.0
1972,31,5,1866797,373359.4,203936.0,12.225566401601135,17.75
1975,50,1,190742,190742.0,0.0,0.0,999.0
1976,78,1,455145,455145.0,89633.0,11.403489991270373,999.0
1977,67,1,748263,748263.0,36678.0,10.509959663185242,999.0
1978,27,5,2404440,480888.0,0.0,0.0,17.75
1979,42,2,795451,397725.5,438628.0,12.991409232251174,18.0
1981,50,2,1237593,618796.5,318540.0,12.671506474124007,14.0
1982,22,7,2426434,346633.4285714286,1245095.0,14.034723193341977,15.0
1983,33,1,662405,662405.0,78124.0,11.266065387038703,999.0
1984,8,1,474375,474375.0,0.0,0.0,999.0
1985,65,4,736910,184227.5,0.0,0.0,18.0
1986,10,4,1525919,381479.75,864895.0,13.670364547471792,28.0
1987,48,2,384880,192440.0,600804.0,13.30602570163445,39.0
1988,18,2,713694,356847.0,128224.0,11.76154181225747,12.0
1989,17,4,1241574,310393.5,390608.0,12.87546233863392,33.0
1990,22,3,1271080,423693.3333333333,56504.0,10.942084408794251,46.0
1991,31,1,311331,311331.0,227721.0,12.335880865742066,999.0
1992,47,3,1098093,366031.0,1191976.0,13.991123831119262,34.0
1993,83,3,1007918,335972.6666666667,0.0,0.0,6.5
1994,48,1,44024,44024.0,387327.0,12.867027158267918,999.0
1995,115,1,174224,174224.0,212756.0,12.267905948362031,999.0
1997,78,3,540031,180010.33333333334,0.0,0.0,13.5
1998,31,2,487565,243782.5,0.0,0.0,64.0
1999,72,1,48738,48738.0,1413151.0,14.161333228421848,999.0
2001,67,3,550820,183606.66666666666,0.0,0.0,14.0
2002,5,4,1470150,367537.5,54525.0,10.906432931112562,37.666666666666664
2003,115,2,67696,33848.0,0.0,0.0,4.0
2004,110,1,442818,442818.0,0.0,0.0,999.0
2005,11,2,1251714,625857.0,292976.0,12.587849386624537,74.0
2006,114,1,71403,71403.0,144497.0,11.88102094560839,999.0
2007,76,3,1107605,369201.6666666667,769950.0,13.554082155441352,16.0
2008,87,1,81139,81139.0,0.0,0.0,999.0
2009,58,1,670965,670965.0,0.0,0.0,999.0
2010,60,3,875459,291819.6666666667,239037.0,12.384377814091053,25.5
2011,13,4,1707984,426996.0,1518939.0,14.233523281126942,34.0
2012,70,1,58136,58136.0,0.0,0.0,999.0
2013,24,6,1385926,230987.66666666666,963215.0,13.77803296469441,17.8
2014,58,2,218685,109342.5,0.0,0.0,18.0
2015,21,8,782185,97773.125,0.0,0.0,14.0
2016,21,2,670880,335440.0,451097.0,13.01943988977992,26.0
2017,28,2,461489,230744.5,274344.0,12.52214171742584,63.0
2018,3,4,1044069,261017.25,456206.0,13.030701932862009,31.0
2019,17,2,983261,491630.5,0.0,0.0,48.0
2020,13,2,464817,232408.5,0.0,0.0,21.0
2021,112,1,38954,38954.0,34018.0,10.434674471043987,999.0
2022,7,2,98425,49212.5,0.0,0.0,42.0
2023,17,3,749814,249938.0,117376.0,11.673146255769016,46.5
2025,30,4,956789,239197.25,393909.0,12.883877735790849,27.0
2026,65,2,157931,78965.5,0.0,0.0,45.0
2027,16,1,408484,408484.0,448676.0,13.014058531457053,999.0
2028,13,3,1335148,445049.3333333333,372648.0,12.828392236823078,45.5
2030,52,1,175561,175561.0,0.0,0.0,999.0
2031,87,2,1383767,691883.5,122089.0,11.7125137566629,12.0
2033,8,2,831843,415921.5,0.0,0.0,55.0
2034,1,5,1461487,292297.4,0.0,0.0,24.75
2035,17,2,828530,414265.0,0.0,0.0,62.0
2036,49,3,253514,84504.66666666667,0.0,0.0,15.5
2037,1,4,1600881,400220.25,172424.0,12.057717638299492,35.666666666666664
2038,77,1,18445,18445.0,171396.0,12.051737782075486,999.0
2039,77,2,1119646,559823.0,145276.0,11.886397543842175,20.0
2040,4,6,1495199,249199.83333333334,1668394.0,14.327372644417196,18.8
2041,76,2,678560,339280.0,0.0,0.0,33.0
2042,13,7,2003150,286164.28571428574,61738.0,11.030671100970006,16.0
2043,33,5,3425813,685162.6,0.0,0.0,18.25
2044,46,2,855897,427948.5,0.0,0.0,36.0
2045,51,2,990149,495074.5,243068.0,12.401100632633623,3.0
2046,6,2,171446,85723.0,839185.0,13.640187653370255,24.0
2047,35,2,314155,157077.5,0.0,0.0,81.0
2048,5,4,575894,143973.5,0.0,0.0,11.666666666666666
2049,76,1,25879,25879.0,0.0,0.0,999.0
2050,50,2,948690,474345.0,27538.0,10.223358460802768,48.0
2051,75,1,395795,395795.0,155613.0,11.955133860972044,999.0
2052,15,3,993108,331036.0,998024.0,13.813533605080053,50.0
2053,39,2,153054,76527.0,0.0,0.0,15.0
2054,66,2,552908,276454.0,136650.0,11.825185509295043,52.0
2055,37,4,1395087,348771.75,0.0,0.0,10.666666666666666
2056,7,4,677563,169390.75,287860.0,12.570233003721556,26.666666666666668
2057,8,3,1660389,553463.0,0.0,0.0,52.5
2058,23,3,1271843,423947.6666666667,43665.0,10.684325046223062,30.5
2059,36,5,580027,116005.4,471901.0,13.064526615891554,18.5
2060,32,2,1248422,624211.0,0.0,0.0,29.0
2061,64,2,916668,458334.0,0.0,0.0,10.0
2062,83,2,1270919,635459.5,0.0,0.0,5.0
2063,42,2,302701,151350.5,62247.0,11.038881685296767,8.0
2064,23,4,797986,199496.5,961058.0,13.775791080448725,28.333333333333332
2065,36,4,904080,226020.0,528682.0,13.178144287365743,21.0
2066,27,2,228947,114473.5,137394.0,11.830615268006358,53.0
2067,7,2,540536,270268.0,766772.0,13.549946078266089,57.0
2069,77,1,399852,399852.0,0.0,0.0,999.0
2070,117,1,57829,57829.0,0.0,0.0,999.0
2071,8,4,2000894,500223.5,0.0,0.0,16.666666666666668
2072,11,1,6778,6778.0,0.0,0.0,999.0
2073,80,2,682218,341109.0,0.0,0.0,8.0
2074,13,1,704225,704225.0,48382.0,10.7869037913362,999.0
2075,44,2,242760,121380.0,977006.0,13.792249095789426,61.0
2076,1,3,1187217,395739.0,323556.0,12.687130575238244,57.5
2077,52,1,436195,436195.0,62593.0,11.04442470584924,999.0
2078,20,2,95282,47641.0,141486.0,11.859963119053347,16.0
2079,49,3,893259,297753.0,1240984.0,14.031415977087104,8.5
2080,15,2,749263,374631.5,0.0,0.0,61.0
2081,24,4,948712,237178.0,803908.0,13.597241357675701,22.333333333333332
2082,103,1,324634,324634.0,0.0,0.0,999.0
2083,1,2,895755,447877.5,1148298.0,13.953792274911336,33.0
2085,11,3,903892,301297.3333333333,0.0,0.0,54.0
2086,48,5,1304917,260983.4,0.0,0.0,17.0
2087,8,1,46590,46590.0,930839.0,13.743842683272918,999.0
2088,20,2,608161,304080.5,0.0,0.0,19.0
2089,14,2,821673,410836.5,741744.0,13.51676079731471,50.0
2090,100,1,89086,89086.0,745315.0,13.521563568504643,999.0
2091,1,6,1599059,266509.8333333333,283376.0,12.554533445570543,22.8
2092,3,3,941457,313819.0,0.0,0.0,45.5
2093,45,3,1690385,563461.6666666666,553483.0,13.223988123757279,7.0
2094,11,4,1552673,388168.25,11715.0,9.368710707947624,21.666666666666668
2095,15,6,2403218,400536.3333333333,2958.0,7.99260665240021,17.4
2096,2,1,271412,271412.0,885086.0,13.693441224243184,999.0
2097,49,2,477599,238799.5,0.0,0.0,30.0
2098,69,2,673793,336896.5,682368.0,13.433325846226204,43.0
2099,84,4,1762688,440672.0,0.0,0.0,11.0
2100,16,4,2592420,648105.0,0.0,0.0,31.666666666666668
2101,3,4,439112,109778.0,523482.0,13.168259835030966,38.666666666666664
2102,16,4,1910636,477659.0,61622.0,11.028790456457282,29.333333333333332
2103,21,2,587694,293847.0,98509.0,11.497913344849724,27.0
2104,76,2,531181,265590.5,1006059.0,13.821552270010416,22.0
2106,30,3,1025911,341970.3333333333,309712.0,12.64340134118623,25.5
2107,71,1,43536,43536.0,0.0,0.0,999.0
2108,101,1,726036,726036.0,0.0,0.0,999.0
2109,28,4,733404,183351.0,0.0,0.0,19.333333333333332
2110,30,1,101075,101075.0,244227.0,12.405857494200433,999.0
2112,51,2,1159424,579712.0,711720.0,13.475441259666715,23.0
2113,68,1,497636,497636.0,116642.0,11.666873267076337,999.0
2114,6,2,250674,125337.0,403470.0,12.907859892981653,93.0
2115,66,1,157893,157893.0,76835.0,11.249428559306802,999.0
2116,48,3,713478,237826.0,97700.0,11.489667073393028,34.0
2117,22,1,63812,63812.0,143056.0,11.870998431220212,999.0
2118,52,2,181131,90565.5,0.0,0.0,23.0
2119,101,1,103396,103396.0,0.0,0.0,999.0
2121,6,5,711689,142337.8,834484.0,13.634570047087246,25.75
2122,68,4,597477,149369.25,354099.0,12.777334638099996,16.0
2124,68,2,532752,266376.0,0.0,0.0,30.0
2125,20,6,2195914,365985.6666666667,0.0,0.0,15.8
2126,12,2,309646,154823.0,0.0,0.0,85.0
2127,45,2,1206941,603470.5,2307650.0,14.651740682004686,33.0
2128,2,4,2342592,585648.0,1241580.0,14.03189612545895,19.0
2129,11,3,747861,249287.0,348632.0,12.761775071959441,20.0
2130,28,3,1891073,630357.6666666666,0.0,0.0,28.0
2131,31,3,1898948,632982.6666666666,115808.0,11.659697561308226,24.0
2132,51,3,1216680,405560.0,0.0,0.0,17.0
2133,5,2,143682,71841.0,1006206.0,13.821698373882578,27.0
2135,67,3,912799,304266.3333333333,729386.0,13.499959734329776,24.0
2136,38,3,1399455,466485.0,0.0,0.0,39.0
2137,70,2,310640,155320.0,367970.0,12.815759409698016,1.0
2138,44,1,115852,115852.0,606291.0,13.315116997184711,999.0
2139,47,2,162974,81487.0,149811.0,11.917136453665956,59.0
2140,35,2,392252,196126.0,560668.0,13.236885992550508,36.0
2142,1,7,1247831,178261.57142857142,99925.0,11.512185191035078,17.166666666666668
2143,85,3,1746354,582118.0,0.0,0.0,6.0
2144,58,2,643699,321849.5,1238116.0,14.029102235030937,42.0
2145,56,2,290820,145410.0,747984.0,13.525138203279605,26.0
2146,19,1,1221265,1221265.0,1573879.0,14.269054466171324,999.0
2147,18,2,133589,66794.5,207354.0,12.242187579201012,39.0
2148,6,3,729815,243271.66666666666,322059.0,12.682493142571987,35.5
2149,1,5,578006,115601.2,0.0,0.0,19.25
2150,47,3,150763,50254.333333333336,0.0,0.0,26.5
2151,33,5,1077324,215464.8,581865.0,13.273995459654323,16.25
2152,67,1,14136,14136.0,236014.0,12.371650641309973,999.0
2153,94,1,477962,477962.0,168511.0,12.034762242855981,999.0
2155,43,1,224137,224137.0,127398.0,11.755079172795831,999.0
2156,53,2,229109,114554.5,418593.0,12.944656755398716,3.0
2157,30,1,50355,50355.0,643624.0,13.374871537348442,999.0
2158,65,2,81551,40775.5,0.0,0.0,45.0
2159,66,1,660385,660385.0,9914.0,9.201804040953895,999.0
2160,1,6,855396,142566.0,753302.0,13.532222816282957,14.4
2161,1,5,540926,108185.2,1352087.0,14.117160622224262,23.75
2162,16,2,263488,131744.0,390692.0,12.875677364322637,20.0
2163,83,1,154088,154088.0,0.0,0.0,999.0
2164,10,1,224632,224632.0,0.0,0.0,999.0
2165,22,2,733834,366917.0,0.0,0.0,5.0
2166,116,1,686025,686025.0,983529.0,13.798903419650559,999.0
2167,40,2,1249389,624694.5,1035816.0,13.850701045272078,28.0
2168,22,3,1348982,449660.6666666667,542768.0,13.204439094037069,48.5
2169,51,3,1193493,397831.0,744795.0,13.520865634361293,11.0
2170,6,2,1563211,781605.5,21891.0,9.993876552263808,77.0
2171,6,2,589586,294793.0,0.0,0.0,40.0
2172,2,2,943400,471700.0,290628.0,12.579802818669902,117.0
2173,29,4,779676,194919.0,381728.0,12.8524662117446,12.333333333333334
2175,17,2,538903,269451.5,65232.0,11.085720754840969,54.0
2176,87,1,62998,62998.0,107336.0,11.583728696765629,999.0
2177,23,2,853271,426635.5,0.0,0.0,78.0
2178,19,4,2035843,508960.75,0.0,0.0,32.333333333333336
2179,51,1,406192,406192.0,546041.0,13.210451174845536,999.0
2181,13,2,326979,163489.5,0.0,0.0,72.0
2182,16,5,1305099,261019.8,14816.0,9.603530449208735,24.75
2183,70,3,1599605,533201.6666666666,122476.0,11.715678536236682,22.0
2184,104,1,59026,59026.0,0.0,0.0,999.0
2185,35,4,1395362,348840.5,83236.0,11.329447239492891,25.666666666666668
2186,31,1,706893,706893.0,554778.0,13.226325115228418,999.0
2187,51,2,369323,184661.5,152079.0,11.93216197716231,47.0
2188,26,1,98488,98488.0,352358.0,12.772405821213122,999.0
2189,8,3,274523,91507.66666666667,0.0,0.0,26.5
2190,83,3,1086596,362198.6666666667,551932.0,13.221181941080877,15.5
2191,10,3,2342263,780754.3333333334,44101.0,10.694260411880514,42.5
2192,30,2,442482,221241.0,0.0,0.0,55.0
2193,77,1,673113,673113.0,469913.0,13.060304978220188,999.0
2194,4,4,558435,139608.75,68789.0,11.13881366452006,37.666666666666664
2195,28,5,2516664,503332.8,718020.0,13.484254095513514,21.0
2196,54,2,198791,99395.5,0.0,0.0,10.0
2197,118,1,781095,781095.0,342993.0,12.745468233283708,999.0
2198,33,1,20115,20115.0,0.0,0.0,999.0
2199,82,1,17026,17026.0,696632.0,13.454014008746325,999.0
2200,8,4,2525046,631261.5,0.0,0.0,31.666666666666668
2201,56,1,186406,186406.0,41484.0,10.633087195098385,999.0
2202,67,2,225440,112720.0,673886.0,13.420817720052291,43.0
2203,80,2,157926,78963.0,210708.0,12.258233313640353,33.0
2204,63,1,877692,877692.0,0.0,0.0,999.0
2205,24,3,1279264,426421.3333333333,1667830.0,14.327034537822874,35.5
2206,21,3,660533,220177.66666666666,0.0,0.0,24.5
2207,49,2,1767351,883675.5,0.0,0.0,55.0
2208,54,2,691514,345757.0,263385.0,12.481375915777761,56.0
2209,11,2,372240,186120.0,0.0,0.0,107.0
2210,47,2,967200,483600.0,0.0,0.0,7.0
2211,20,3,1314603,438201.0,145826.0,11.890176266597221,43.5
2212,27,3,482671,160890.33333333334,1120012.0,13.928850850346771,31.5
2213,59,2,614990,307495.0,1307683.0,14.083768191597597,12.0
2214,64,2,172700,86350.0,0.0,0.0,35.0
2216,32,3,574580,191526.66666666666,0.0,0.0,34.0
2217,23,4,949144,237286.0,727240.0,13.497013200894141,30.333333333333332
2218,20,1,195902,195902.0,574923.0,13.261993137130702,999.0
2219,45,2,665507,332753.5,478381.0,13.078164855492645,12.0
2220,1,1,339654,339654.0,10725.0,9.280425979542871,999.0
2221,48,2,465868,232934.0,787616.0,13.576767210074856,50.0
2222,24,1,177093,177093.0,874077.0,13.680924895506847,999.0
2223,66,3,297544,99181.33333333333,1272706.0,14.056656686082873,24.5
2224,40,4,2477186,619296.5,0.0,0.0,17.0
2226,17,3,1918032,639344.0,613543.0,13.327007260202775,51.0
2228,13,6,1038001,173000.16666666666,656655.0,13.394915568259309,16.4
2229,5,2,747737,373868.5,0.0,0.0,24.0
2230,35,3,715146,238382.0,579150.0,13.269318517027395,42.0
2231,8,4,2139328,534832.0,0.0,0.0,28.333333333333332
2232,13,4,1483750,370937.5,0.0,0.0,35.0
2233,51,3,1438680,479560.0,0.0,0.0,5.0
2234,80,1,306795,306795.0,1209372.0,14.005612601452146,999.0
2235,17,3,1228378,409459.3333333333,674748.0,13.422096048848772,40.0
2238,45,1,204558,204558.0,639945.0,13.369139076776085,999.0
2239,16,1,144605,144605.0,0.0,0.0,999.0
2240,113,1,95962,95962.0,523458.0,13.16821398721895,999.0
2241,42,2,806268,403134.0,301866.0,12.61774180200262,49.0
2243,33,4,1641008,410252.0,224444.0,12.321385967285629,25.0
2244,12,1,895565,895565.0,0.0,0.0,999.0
2245,15,4,1019914,254978.5,0.0,0.0,27.333333333333332
2246,2,2,675693,337846.5,0.0,0.0,69.0
2247,75,1,196295,196295.0,0.0,0.0,999.0
2248,86,1,117772,117772.0,716392.0,13.481984178043346,999.0
2249,47,1,232869,232869.0,610533.0,13.322089263037844,999.0
2250,22,4,1118395,279598.75,766022.0,13.548967474381614,24.666666666666668
2251,30,5,1743991,348798.2,0.0,0.0,19.25
2252,68,2,617829,308914.5,667995.0,13.412037464476903,5.0
2253,58,2,368106,184053.0,601002.0,13.306355205185419,17.0
2254,49,2,993033,496516.5,0.0,0.0,28.0
2256,4,5,1104351,220870.2,145869.0,11.89047109308026,18.25
2257,12,2,1140594,570297.0,743555.0,13.519199361481085,35.0
2258,18,1,490536,490536.0,127495.0,11.75584027053947,999.0
2259,6,1,713922,713922.0,155471.0,11.95422093007922,999.0
2260,46,3,411157,137052.33333333334,1696866.0,14.34429416754452,27.5
2261,67,3,879100,293033.3333333333,1231328.0,14.023604631846663,26.0
2262,66,2,1329999,664999.5,456667.0,13.031711928839965,46.0
2264,56,3,362776,120925.33333333333,539285.0,13.198001321411134,9.5
2265,30,1,980772,980772.0,333414.0,12.717143239288566,999.0
2266,5,1,650456,650456.0,128013.0,11.759894911920744,999.0
2267,47,1,19394,19394.0,0.0,0.0,999.0
2268,86,1,452804,452804.0,887504.0,13.696169434118655,999.0
2269,1,2,512221,256110.5,876820.0,13.684058145619002,27.0
2270,12,3,602596,200865.33333333334,0.0,0.0,47.5
2271,19,4,1361133,340283.25,0.0,0.0,24.333333333333332
2272,10,3,253660,84553.33333333333,103607.0,11.548369825903423,15.0
2273,11,2,35238,17619.0,231598.0,12.352762706882364,64.0
2274,21,3,1523210,507736.6666666667,200543.0,12.208788953024403,27.0
2275,8,2,1401710,700855.0,0.0,0.0,35.0
2276,50,1,33846,33846.0,0.0,0.0,999.0
2277,51,2,503916,251958.0,0.0,0.0,5.0
2278,90,1,32584,32584.0,15619.0,9.656307423393677,999.0
2279,15,4,1459012,364753.0,186645.0,12.13696905362823,23.0
2280,27,3,584728,194909.33333333334,142274.0,11.865517083471325,22.0
2281,44,2,153442,76721.0,98774.0,11.50059981527959,24.0
2282,52,1,449391,449391.0,0.0,0.0,999.0
2283,54,2,356874,178437.0,0.0,0.0,5.0
2284,5,2,377431,188715.5,319930.0,12.675860626525496,76.0
2285,22,4,1098141,274535.25,494549.0,13.111403537167988,22.333333333333332
2286,17,2,1441721,720860.5,89826.0,11.405640877250129,88.0
2288,65,2,584394,292197.0,0.0,0.0,26.0
2289,45,2,876885,438442.5,273562.0,12.519287221667472,17.0
2290,70,4,1310005,327501.25,0.0,0.0,16.333333333333332
2292,47,1,481575,481575.0,0.0,0.0,999.0
2293,106,1,410024,410024.0,0.0,0.0,999.0
2294,18,2,686007,343003.5,863922.0,13.669238923444366,65.0
2295,29,2,315406,157703.0,819693.0,13.616686378863204,63.0
2296,20,2,151226,75613.0,519724.0,13.161055104515315,49.0
2297,112,1,185645,185645.0,84564.0,11.345275748408142,999.0
2298,45,5,1079313,215862.6,926737.0,13.73942617245329,18.25
2299,69,5,2221466,444293.2,230048.0,12.346047608693054,9.5
2300,48,2,790134,395067.0,574910.0,13.261970525190728,9.0
2301,109,3,852274,284091.3333333333,1225779.0,14.019087934025316,4.5
2302,65,3,146947,48982.333333333336,1090635.0,13.902271570281952,11.0
2303,70,3,867180,289060.0,0.0,0.0,19.0
2304,0,3,1398032,466010.6666666667,0.0,0.0,50.0
2305,14,2,1089712,544856.0,181616.0,12.10965535310277,76.0
2306,65,2,443134,221567.0,141578.0,11.860613144158725,47.0
2307,10,2,727493,363746.5,1722717.0,14.3594138340941,35.0
2308,86,1,704325,704325.0,332445.0,12.714232719873724,999.0
2309,33,3,789180,263060.0,0.0,0.0,31.0
2310,83,2,475683,237841.5,1213214.0,14.008784418716173,17.0
2311,93,1,429558,429558.0,0.0,0.0,999.0
2312,23,1,380601,380601.0,633099.0,13.358383666532218,999.0
2313,64,1,66995,66995.0,365309.0,12.808501587169163,999.0
2314,46,1,708235,708235.0,920968.0,13.733181655604733,999.0
2315,19,3,631503,210501.0,674016.0,13.42101061212829,46.5
2316,30,1,88302,88302.0,152461.0,11.934670663651158,999.0
2317,27,4,983413,245853.25,0.0,0.0,30.0
2318,38,2,1531780,765890.0,739172.0,13.513287272668496,56.0
2319,31,4,1568902,392225.5,378451.0,12.843844527437314,21.0
2320,43,3,360445,120148.33333333333,822848.0,13.620527987734464,35.5
2322,47,1,795916,795916.0,235010.0,12.36738760054145,999.0
2323,8,3,875464,291821.3333333333,266508.0,12.493163293124747,55.5
2324,33,2,370955,185477.5,122274.0,11.714027885407559,54.0
2326,7,2,187397,93698.5,498645.0,13.119651704139363,62.0
2327,18,4,1059084,264771.0,1529457.0,14.24042398224183,33.666666666666664
2328,6,2,883458,441729.0,61956.0,11.03419587502419,38.0
2329,31,2,109901,54950.5,0.0,0.0,5.0
2330,55,1,444656,444656.0,0.0,0.0,999.0
2333,5,2,674324,337162.0,85892.0,11.360857614547076,96.0
2334,36,1,98856,98856.0,1278593.0,14.061271594671187,999.0
2335,27,2,294568,147284.0,581345.0,13.273101383536401,0.0
2336,30,4,1545499,386374.75,192292.0,12.166775529458263,23.0
2337,105,1,459596,459596.0,80757.0,11.299212307385105,999.0
2338,34,3,87757,29252.333333333332,43501.0,10.68056219303136,18.5
2339,8,7,1944023,277717.5714285714,22228.0,10.00915302169091,14.833333333333334
2340,104,1,1169905,1169905.0,0.0,0.0,999.0
2341,18,3,960684,320228.0,0.0,0.0,43.5
2342,88,2,1167913,583956.5,0.0,0.0,12.0
2343,90,1,23355,23355.0,1451840.0,14.188342964238633,999.0
2344,10,4,1379824,344956.0,239123.0,12.384737524820585,33.666666666666664
2345,15,3,1498605,499535.0,535045.0,13.190108003490375,16.5
2346,7,3,2279372,759790.6666666666,95363.0,11.46545642772818,41.0
2347,36,4,916112,229028.0,48795.0,10.795403621268628,15.666666666666666
2348,17,3,587800,195933.33333333334,0.0,0.0,39.5
2349,30,2,1442339,721169.5,140441.0,11.85254987113796,74.0
2350,5,5,1168372,233674.4,432065.0,12.976333633334688,26.5
2351,13,3,86461,28820.333333333332,0.0,0.0,46.5
2352,17,3,1576743,525581.0,0.0,0.0,30.0
2353,51,2,607956,303978.0,0.0,0.0,39.0
2354,29,3,422390,140796.66666666666,1288045.0,14.068636899294411,22.0
2356,11,6,2602164,433694.0,632229.0,13.357008530975332,18.4
2358,1,3,1258017,419339.0,83720.0,11.335245121065762,30.0
2359,4,2,373204,186602.0,123460.0,11.72368059570449,81.0
2360,103,1,86968,86968.0,1013048.0,13.8284751532357,999.0
2361,4,5,1145802,229160.4,969954.0,13.785004957650857,10.25
2362,70,3,256934,85644.66666666667,22689.0,10.029679577773887,24.0
2363,14,2,636566,318283.0,0.0,0.0,61.0
2364,96,1,1145665,1145665.0,0.0,0.0,999.0
2365,39,2,641751,320875.5,564404.0,13.243527357886828,46.0
2366,9,5,1011723,202344.6,713277.0,13.477626525227752,24.5
2367,25,2,898330,449165.0,0.0,0.0,10.0
2368,22,4,1588426,397106.5,6768.0,8.820108644508608,19.333333333333332
2369,5,4,836358,209089.5,44494.0,10.703132102290963,37.333333333333336
2370,24,3,809877,269959.0,54233.0,10.901063297026466,35.0
2371,28,4,2211150,552787.5,0.0,0.0,27.0
2372,97,1,668625,668625.0,87387.0,11.378113252445983,999.0
2373,12,4,974187,243546.75,409244.0,12.922069277687765,27.333333333333332
2374,67,3,1037187,345729.0,276496.0,12.529955249976082,25.0
2375,66,1,121425,121425.0,427314.0,12.965276725158269,999.0
2377,28,5,1092163,218432.6,123629.0,11.725048513000973,22.5
2378,80,3,715681,238560.33333333334,0.0,0.0,11.5
2379,97,1,1098385,1098385.0,0.0,0.0,999.0
2380,15,4,1616376,404094.0,0.0,0.0,28.0
2381,80,3,366735,122245.0,0.0,0.0,18.0
2382,17,4,569004,142251.0,139824.0,11.848146919689789,12.333333333333334
2383,1,3,344272,114757.33333333333,289205.0,12.5748945159395,18.5
2384,73,1,75606,75606.0,158013.0,11.970438915678619,999.0
2385,48,2,1046654,523327.0,0.0,0.0,25.0
2386,6,2,592932,296466.0,70599.0,11.164785423481334,108.0
2387,15,1,241602,241602.0,577094.0,13.26576217665182,999.0
2388,45,5,1186062,237212.4,618684.0,13.335351536841795,17.5
2389,20,5,1049354,209870.8,696337.0,13.453590453619318,21.25
2390,7,4,1375283,343820.75,0.0,0.0,37.333333333333336
2391,2,2,1156132,578066.0,529896.0,13.180437927019272,88.0
2392,48,3,514330,171443.33333333334,60268.0,11.006573154336786,6.0
2393,12,2,279335,139667.5,99255.0,11.505457650122707,78.0
2395,6,3,245787,81929.0,700804.0,13.459984953282063,56.0
2396,66,4,1748738,437184.5,107524.0,11.585478657651937,16.666666666666668
2398,119,1,89428,89428.0,0.0,0.0,999.0
2399,4,3,260195,86731.66666666667,0.0,0.0,45.0
2401,4,5,1382411,276482.2,0.0,0.0,22.5
2402,61,2,830532,415266.0,2027579.0,14.522353521653207,10.0
2403,46,3,859109,286369.6666666667,98458.0,11.49739549685192,34.0
2404,57,3,701287,233762.33333333334,664050.0,13.406114232737963,14.5
2405,15,3,2068165,689388.3333333334,0.0,0.0,49.0
2408,19,2,269755,134877.5,0.0,0.0,86.0
2409,28,2,470798,235399.0,0.0,0.0,82.0
2410,2,2,321330,160665.0,0.0,0.0,92.0
2411,30,2,905619,452809.5,11164.0,9.320539164274258,82.0
2412,52,2,1277437,638718.5,926276.0,13.738928604965157,35.0
2413,13,3,251778,83926.0,1123480.0,13.931942459027049,34.5
2414,54,2,902466,451233.0,285198.0,12.560942461204771,62.0
2415,8,2,861499,430749.5,671682.0,13.417541782017008,38.0
2416,0,2,430422,215211.0,0.0,0.0,32.0
2417,72,1,49027,49027.0,398364.0,12.895123949427797,999.0
2418,43,1,63569,63569.0,129807.0,11.773811714634846,999.0
2419,54,2,75278,37639.0,52758.0,10.873489652898783,51.0
2420,61,1,78711,78711.0,1086510.0,13.898482202879558,999.0
2421,14,2,403842,201921.0,323936.0,12.68830433142325,16.0
2422,14,4,1260168,315042.0,142032.0,11.863814703950208,21.666666666666668
2424,70,2,627638,313819.0,600004.0,13.304693267496894,22.0
2425,4,4,1571434,392858.5,322407.0,12.683573103202532,17.666666666666668
2426,0,2,204638,102319.0,492467.0,13.10718476286405,23.0
2427,28,4,2052007,513001.75,30426.0,10.323085651110205,4.666666666666667
2428,77,2,185869,92934.5,585255.0,13.279804637329653,32.0
2429,46,3,743292,247764.0,368749.0,12.817874186636166,22.0
2430,12,2,933100,466550.0,41393.0,10.630891221774164,27.0
2431,5,4,469604,117401.0,592999.0,13.292949677979863,32.0
2432,33,5,1311078,262215.6,146873.0,11.897330355346744,21.25
2434,24,1,419845,419845.0,0.0,0.0,999.0
2435,36,5,3917795,783559.0,342188.0,12.743118494979093,14.5
2436,16,3,461433,153811.0,0.0,0.0,43.5
2437,65,2,167950,83975.0,0.0,0.0,7.0
2438,8,5,1535577,307115.4,0.0,0.0,25.5
2439,10,1,319254,319254.0,0.0,0.0,999.0
2440,10,2,89978,44989.0,69648.0,11.151223621603087,7.0
2441,14,2,818963,409481.5,1651313.0,14.317081892583856,9.0
2442,5,2,732667,366333.5,1271600.0,14.055787294429296,68.0
2443,56,2,716841,358420.5,69741.0,11.152557997765097,36.0
2444,26,2,927663,463831.5,0.0,0.0,7.0
2445,54,3,700318,233439.33333333334,0.0,0.0,28.5
2446,5,4,2106389,526597.25,25313.0,10.139112881352395,32.0
2448,90,2,706953,353476.5,388785.0,12.870784342689657,17.0
2449,89,2,94110,47055.0,0.0,0.0,17.0
2450,11,4,2013813,503453.25,0.0,0.0,28.0
2451,7,2,62057,31028.5,66466.0,11.104460862874326,3.0
2452,30,1,450978,450978.0,1363081.0,14.125258870277703,999.0
2453,9,2,940940,470470.0,0.0,0.0,91.0
2455,57,3,735634,245211.33333333334,325697.0,12.693725850625269,26.5
2456,65,2,710351,355175.5,0.0,0.0,31.0
2457,31,5,1036553,207310.6,927824.0,13.740598416399141,19.0
2458,38,4,1869982,467495.5,1004575.0,13.820076119907194,26.0
2459,21,2,275342,137671.0,0.0,0.0,27.0
2460,0,2,225378,112689.0,0.0,0.0,108.0
2461,4,4,870667,217666.75,0.0,0.0,37.666666666666664
2462,51,1,475216,475216.0,106424.0,11.575195790696354,999.0
2464,9,2,1007242,503621.0,0.0,0.0,62.0
2465,8,2,1053107,526553.5,769030.0,13.552886559768899,14.0
2466,15,2,410524,205262.0,0.0,0.0,102.0
2467,57,3,474663,158221.0,1034068.0,13.849012062965286,29.5
2470,87,3,951888,317296.0,803436.0,13.59665405411621,16.0
2471,64,4,2265460,566365.0,0.0,0.0,13.333333333333334
2473,35,1,20045,20045.0,282845.0,12.55265785890005,999.0
2474,43,6,1856986,309497.6666666667,538852.0,13.197198085421562,13.8
2475,15,5,2213034,442606.8,0.0,0.0,25.75
2476,39,1,950608,950608.0,571415.0,13.255872769786848,999.0
2477,49,2,942246,471123.0,324486.0,12.69000075269051,25.0
2478,42,2,1032488,516244.0,0.0,0.0,30.0
2479,26,3,425745,141915.0,107286.0,11.583262765640455,30.0
2480,2,2,190709,95354.5,7756.0,8.956350940490871,19.0
2481,2,6,2146339,357723.1666666667,57041.0,10.951543117587086,23.0
2482,40,7,2467066,352438.0,0.0,0.0,11.166666666666666
2483,25,1,76162,76162.0,23231.0,10.053285917624523,999.0
2485,11,4,1023422,255855.5,0.0,0.0,31.666666666666668
2486,21,1,597575,597575.0,559001.0,13.233908329948367,999.0
2487,2,2,293281,146640.5,0.0,0.0,86.0
2488,115,1,1187195,1187195.0,876593.0,13.683799222316454,999.0
2489,24,2,962703,481351.5,401574.0,12.903149594425967,65.0
2490,112,1,478846,478846.0,99034.0,11.503228601991365,999.0
2491,19,2,644809,322404.5,0.0,0.0,49.0
2492,26,1,159504,159504.0,704105.0,13.464684191987747,999.0
2493,33,3,1674785,558261.6666666666,675979.0,13.423918768788615,13.5
2494,10,4,1265001,316250.25,829873.0,13.62902916101998,28.333333333333332
2495,0,1,382635,382635.0,0.0,0.0,999.0
2496,0,2,811147,405573.5,553026.0,13.223162103905718,107.0
2497,26,3,453946,151315.33333333334,414008.0,12.933642991701594,24.5
2498,114,1,151216,151216.0,78748.0,11.274020858194556,999.0
2499,97,1,592476,592476.0,0.0,0.0,999.0
2500,14,2,260972,130486.0,339459.0,12.735111398715523,22.0
2501,3,4,479690,119922.5,579831.0,13.270493685392026,21.0
2502,7,1,31144,31144.0,0.0,0.0,999.0
2504,50,2,228992,114496.0,0.0,0.0,63.0
2506,68,1,311536,311536.0,76085.0,11.239619558462955,999.0
2508,36,1,63441,63441.0,0.0,0.0,999.0
2509,7,2,328716,164358.0,164078.0,12.008103298139684,36.0
2510,119,1,663465,663465.0,257858.0,12.460168202883935,999.0
2511,24,1,169443,169443.0,190332.0,12.156530448655019,999.0
2512,16,4,1300616,325154.0,937055.0,13.750498324642802,32.666666666666664
2514,83,1,932305,932305.0,603426.0,13.310380351142864,999.0
2515,3,4,932019,233004.75,150615.0,11.922488830404548,36.0
2516,62,1,201291,201291.0,1029065.0,13.844162152701,999.0
2517,45,2,656577,328288.5,0.0,0.0,39.0
2518,19,1,499365,499365.0,71200.0,11.173262142245258,999.0
2519,76,1,172408,172408.0,672891.0,13.419340120266385,999.0
2520,12,3,2929288,976429.3333333334,704532.0,13.465290450955557,52.0
2521,85,1,46137,46137.0,60924.0,11.017398878493408,999.0
2522,74,2,613639,306819.5,799039.0,13.591166286073545,34.0
2523,2,4,1134064,283516.0,0.0,0.0,19.666666666666668
2524,8,3,1385638,461879.3333333333,64214.0,11.069992107247156,54.0
2525,11,3,1432452,477484.0,0.0,0.0,33.0
2526,84,2,183412,91706.0,0.0,0.0,17.0
2527,53,3,1104629,368209.6666666667,0.0,0.0,25.5
2528,9,4,386567,96641.75,1737185.0,14.3677771206649,19.0
2529,67,2,142867,71433.5,726975.0,13.496648743591093,3.0
2530,8,5,1747520,349504.0,319407.0,12.674224561412435,21.5
2531,41,2,141981,70990.5,441069.0,12.996958871991415,25.0
2532,18,3,1163508,387836.0,49472.0,10.809182345196879,50.0
2533,66,3,2465236,821745.3333333334,606664.0,13.315732023128348,10.0
2534,1,3,133222,44407.333333333336,1743391.0,14.371343198814428,49.0
2535,13,3,1132793,377597.6666666667,0.0,0.0,49.5
2536,4,3,435104,145034.66666666666,0.0,0.0,23.5
2538,43,6,996286,166047.66666666666,0.0,0.0,11.2
2539,10,3,1178051,392683.6666666667,357314.0,12.78637302465843,33.5
2541,27,4,1541546,385386.5,509128.0,13.140456701536595,14.666666666666666
2542,17,6,3516578,586096.3333333334,166251.0,12.021259988520928,16.8
2543,114,1,354852,354852.0,207246.0,12.241666597621363,999.0
2544,23,2,751494,375747.0,0.0,0.0,96.0
2545,42,2,253621,126810.5,394129.0,12.88443608309737,12.0
2546,89,1,26624,26624.0,309357.0,12.642254461300363,999.0
2547,1,3,1223934,407978.0,0.0,0.0,35.0
2548,61,1,317823,317823.0,0.0,0.0,999.0
2549,88,3,1555596,518532.0,0.0,0.0,10.0
2550,15,3,1051508,350502.6666666667,864164.0,13.66951900177554,34.5
2551,34,4,1465191,366297.75,0.0,0.0,25.0
2552,9,4,1223554,305888.5,0.0,0.0,3.6666666666666665
2553,55,1,48451,48451.0,243327.0,12.402165606408046,999.0
2554,22,1,43956,43956.0,1223087.0,14.016889366291686,999.0
2555,12,4,922714,230678.5,0.0,0.0,31.666666666666668
2556,55,2,804251,402125.5,0.0,0.0,61.0
2557,1,2,1297184,648592.0,0.0,0.0,12.0
2558,5,7,1722524,246074.85714285713,0.0,0.0,17.166666666666668
2559,15,2,398543,199271.5,976609.0,13.79184267016407,16.0
2560,25,3,1811147,603715.6666666666,248979.0,12.425127850935777,41.5
2561,81,1,215091,215091.0,466335.0,13.052661683333422,999.0
2562,27,2,827776,413888.0,902323.0,13.712728936321085,62.0
2563,20,7,2084228,297746.85714285716,0.0,0.0,16.333333333333332
2564,38,1,323805,323805.0,0.0,0.0,999.0
2565,68,1,914028,914028.0,24518.0,10.107203606184239,999.0
2566,22,3,1103779,367926.3333333333,960630.0,13.775345639189128,47.5
2567,109,1,57771,57771.0,793192.0,13.58382185057623,999.0
2569,58,2,891563,445781.5,1095597.0,13.906810890885641,46.0
2570,40,2,576862,288431.0,706754.0,13.468439350168236,1.0
2571,109,1,588846,588846.0,83883.0,11.33719017105101,999.0
2572,81,3,945077,315025.6666666667,492024.0,13.106284807191638,6.5
2573,20,4,2620855,655213.75,0.0,0.0,28.666666666666668
2574,21,4,1241573,310393.25,652121.0,13.387986939969087,32.333333333333336
2575,6,2,243876,121938.0,892045.0,13.701272979739212,112.0
2576,55,3,1943270,647756.6666666666,325902.0,12.694355070060977,18.0
2577,9,5,1578019,315603.8,0.0,0.0,27.5
2578,32,4,766493,191623.25,468921.0,13.058191722296518,25.0
2579,29,3,1696972,565657.3333333334,306726.0,12.633713380136943,23.5
2580,46,2,712117,356058.5,0.0,0.0,69.0
2581,12,2,822014,411007.0,497078.0,13.116504246169296,15.0
2582,24,5,1025542,205108.4,218351.0,12.293863718477896,21.25
2583,4,3,1114119,371373.0,110374.0,11.61163893790626,52.0
2584,61,2,92376,46188.0,589464.0,13.286970624847505,39.0
2585,19,2,694276,347138.0,512592.0,13.14723743694684,99.0
2586,5,6,1312591,218765.16666666666,0.0,0.0,11.4
2587,48,2,80093,40046.5,5096.0,8.536407410340042,14.0
2588,66,3,411240,137080.0,0.0,0.0,15.5
2589,5,4,1578749,394687.25,15546.0,9.65162297294974,33.666666666666664
2590,6,1,488778,488778.0,16760.0,9.726810038127258,999.0
2591,27,3,614108,204702.66666666666,926120.0,13.738760174638232,21.5
2592,90,2,827976,413988.0,0.0,0.0,12.0
2593,19,1,17726,17726.0,345725.0,12.753401832801016,999.0
2594,19,5,2307654,461530.8,148428.0,11.907862008413606,15.0
2595,117,1,659481,659481.0,0.0,0.0,999.0
2596,62,1,23868,23868.0,43521.0,10.681021836356239,999.0
2597,1,2,1527511,763755.5,0.0,0.0,87.0
2598,1,3,469206,156402.0,0.0,0.0,54.0
2599,30,4,897980,224495.0,627927.0,13.35018078919603,24.0
2600,0,3,1615539,538513.0,0.0,0.0,23.0
2601,29,5,914626,182925.2,0.0,0.0,21.5
2602,32,1,592376,592376.0,0.0,0.0,999.0
2603,47,3,633012,211004.0,0.0,0.0,29.5
2604,6,3,1301191,433730.3333333333,146466.0,11.894555426092627,40.0
2605,16,4,888347,222086.75,460156.0,13.039323014582024,31.0
2606,30,3,1651911,550637.0,37925.0,10.543392171700354,33.5
2608,11,2,252469,126234.5,899295.0,13.70936751398879,105.0
2609,43,2,214466,107233.0,323524.0,12.68703166968987,50.0
2610,97,1,124761,124761.0,20573.0,9.931783421690975,999.0
2611,23,1,154356,154356.0,0.0,0.0,999.0
2612,2,6,1298553,216425.5,726565.0,13.496084604390612,23.4
2614,39,3,1388313,462771.0,719045.0,13.485680612403566,24.5
2615,0,4,1989276,497319.0,591604.0,13.290594461439591,21.333333333333332
2616,64,5,1112409,222481.8,385212.0,12.861551707038606,3.75
2617,4,3,1189175,396391.6666666667,15718.0,9.662625450728237,46.0
2618,26,3,1384197,461399.0,1041573.0,13.856243588527354,21.5
2619,17,2,659802,329901.0,587530.0,13.283684289565823,8.0
2620,35,3,1286129,428709.6666666667,86427.0,11.36706697636556,32.5
2621,117,1,219731,219731.0,868148.0,13.674118637896944,999.0
2622,34,1,453092,453092.0,228959.0,12.341302594790278,999.0
2623,10,3,737640,245880.0,437293.0,12.988361016748915,49.0
2624,4,3,469856,156618.66666666666,800952.0,13.593557547674772,53.5
2626,42,3,1224718,408239.3333333333,1169767.0,13.97231599651347,16.0
2627,76,2,1094768,547384.0,98404.0,11.496846894757537,14.0
2628,61,1,12564,12564.0,59460.0,10.993075914439594,999.0
2629,2,4,929481,232370.25,0.0,0.0,33.666666666666664
2630,89,1,657955,657955.0,522022.0,13.165466927196787,999.0
2631,38,4,929303,232325.75,43076.0,10.670744490962486,23.333333333333332
2632,29,4,747493,186873.25,0.0,0.0,20.666666666666668
2633,72,1,121072,121072.0,192414.0,12.167409776752782,999.0
2635,71,2,595799,297899.5,1483065.0,14.209622124512785,30.0
2636,7,4,948263,237065.75,419606.0,12.947073837919941,29.666666666666668
2637,68,1,153924,153924.0,93544.0,11.446197882919519,999.0
2638,45,2,473028,236514.0,899445.0,13.70953429721879,59.0
2639,3,4,490630,122657.5,1367008.0,14.128135699444472,27.0
2640,22,3,631721,210573.66666666666,497535.0,13.11742319477184,28.5
2641,61,3,1282055,427351.6666666667,699705.0,13.458415525800838,22.0
2642,111,3,682313,227437.66666666666,1056310.0,13.870293207465258,3.5
2643,4,1,243592,243592.0,0.0,0.0,999.0
2644,0,3,1717263,572421.0,719682.0,13.486566116263742,42.0
2645,3,5,2937805,587561.0,1202768.0,14.0001369565685,29.0
2646,15,2,1011552,505776.0,0.0,0.0,29.0
2647,25,2,750651,375325.5,0.0,0.0,25.0
2648,72,3,1173834,391278.0,514032.0,13.150042744711051,17.0
2649,17,4,959560,239890.0,0.0,0.0,8.0
2650,22,1,35556,35556.0,154555.0,11.94831176919427,999.0
2651,41,2,388711,194355.5,0.0,0.0,37.0
2652,68,1,540741,540741.0,1429811.0,14.173053525061876,999.0
2653,17,1,94394,94394.0,929304.0,13.7421922739248,999.0
2654,34,1,126165,126165.0,1060584.0,13.874331200647195,999.0
2655,25,6,1851884,308647.3333333333,266665.0,12.49375221797883,11.6
2656,51,3,491131,163710.33333333334,0.0,0.0,32.5
2657,63,1,255842,255842.0,0.0,0.0,999.0
2658,0,4,1734708,433677.0,585977.0,13.281037525192291,24.666666666666668
2659,10,2,1191673,595836.5,112538.0,11.631055107218273,68.0
2660,10,4,563875,140968.75,997925.0,13.813434404247888,34.666666666666664
2661,5,3,380226,126742.0,0.0,0.0,8.5
2662,40,2,1527657,763828.5,0.0,0.0,2.0
2663,48,2,1072747,536373.5,418795.0,12.945139206834531,50.0
2664,22,2,569362,284681.0,123646.0,11.725186010625311,84.0
2665,30,2,76533,38266.5,429286.0,12.969880971899967,84.0
2666,3,5,1431185,286237.0,418965.0,12.945545050027068,27.25
2667,107,1,339916,339916.0,213038.0,12.26923052652261,999.0
2668,45,3,1382661,460887.0,0.0,0.0,25.0
2669,3,4,669492,167373.0,0.0,0.0,38.333333333333336
2670,6,4,229562,57390.5,1451234.0,14.18792547602351,12.333333333333334
2672,4,5,1573497,314699.4,160758.0,11.987661628090942,26.75
2673,26,1,27644,27644.0,0.0,0.0,999.0
2674,37,5,1447758,289551.6,546024.0,13.210420041224612,20.25
2675,24,8,3089383,386172.875,0.0,0.0,12.428571428571429
2676,64,1,27317,27317.0,0.0,0.0,999.0
2677,6,3,160405,53468.333333333336,328376.0,12.701917617566933,52.0
2678,1,4,2150832,537708.0,188034.0,12.144383394697329,35.333333333333336
2679,106,1,47050,47050.0,157912.0,11.969799527443737,999.0
2680,1,3,2006613,668871.0,754485.0,13.53379200168323,48.5
2681,6,3,723123,241041.0,0.0,0.0,47.5
2682,58,1,56546,56546.0,0.0,0.0,999.0
2683,24,5,1100453,220090.6,1243573.0,14.033500049904115,23.25
2684,17,3,1471307,490435.6666666667,105789.0,11.56921127598082,38.0
2685,30,2,561937,280968.5,338068.0,12.731005295642845,11.0
2686,46,2,1942310,971155.0,0.0,0.0,18.0
2687,27,1,22026,22026.0,210140.0,12.255534012963718,999.0
2691,3,4,1555682,388920.5,264072.0,12.4839808590567,28.333333333333332
2692,26,4,891319,222829.75,112458.0,11.63034398975615,26.666666666666668
2693,31,5,2765975,553195.0,295472.0,12.59633274109537,14.5
2694,84,2,916701,458350.5,381674.0,12.852324740125143,15.0
2695,4,3,427535,142511.66666666666,0.0,0.0,20.5
2696,39,5,1641818,328363.6,0.0,0.0,13.25
2697,63,1,363532,363532.0,561961.0,13.239189510931423,999.0
2698,14,3,804588,268196.0,0.0,0.0,49.5
2699,22,4,704011,176002.75,156830.0,11.9629240714392,24.666666666666668
2701,3,4,648814,162203.5,0.0,0.0,35.0
2702,4,3,1549119,516373.0,0.0,0.0,36.0
2703,41,4,1974761,493690.25,982565.0,13.797922796041895,8.666666666666666
2704,4,3,941154,313718.0,0.0,0.0,55.0
2705,13,2,957974,478987.0,616266.0,13.33143559016544,13.0
2707,7,1,276895,276895.0,0.0,0.0,999.0
2708,62,1,266812,266812.0,87749.0,11.382247141328111,999.0
2709,8,2,208060,104030.0,502806.0,13.127961677637915,9.0
2710,19,5,1052712,210542.4,785985.0,13.57469425954788,23.25
2711,62,1,571332,571332.0,167459.0,12.028499795758423,999.0
2712,1,2,913163,456581.5,0.0,0.0,48.0
2713,19,2,987784,493892.0,332886.0,12.71555837203462,26.0
2714,1,3,758351,252783.66666666666,698705.0,13.456985331880228,32.5
2715,101,2,679645,339822.5,8928.0,9.097059685517216,7.0
2716,22,2,76931,38465.5,309572.0,12.642949207592432,30.0
2717,12,2,437487,218743.5,316802.0,12.66603540857454,33.0
2718,14,2,140742,70371.0,0.0,0.0,26.0
2719,48,1,168912,168912.0,0.0,0.0,999.0
2720,33,3,1227736,409245.3333333333,886072.0,13.694554618969644,29.0
2722,5,5,1184588,236917.6,323070.0,12.68562739229067,24.25
2723,74,1,465248,465248.0,99880.0,11.511734756358006,999.0
2724,3,2,1098032,549016.0,194286.0,12.177091726282084,95.0
2725,34,2,429044,214522.0,464604.0,13.048942861206296,63.0
2726,13,4,1294081,323520.25,0.0,0.0,34.0
2727,118,1,23763,23763.0,255478.0,12.450895493467145,999.0
2728,25,1,732584,732584.0,511989.0,13.146060372580907,999.0
2729,55,1,97476,97476.0,1036148.0,13.851021513853938,999.0
2731,92,1,9710,9710.0,469997.0,13.06048371835804,999.0
2732,0,1,201752,201752.0,93424.0,11.444914254353685,999.0
2733,63,1,669495,669495.0,299784.0,12.610820830043354,999.0
2734,92,1,490743,490743.0,5871.0,8.677950570294351,999.0
2735,9,3,1267357,422452.3333333333,400942.0,12.901574551546796,53.0
2736,17,3,802528,267509.3333333333,268944.0,12.50226217671244,32.5
2737,8,3,379411,126470.33333333333,640321.0,13.369726453810909,32.5
2738,70,2,550707,275353.5,0.0,0.0,44.0
2739,27,1,114047,114047.0,434324.0,12.981548380762101,999.0
2740,10,3,843164,281054.6666666667,523710.0,13.168695284438817,48.5
2741,42,3,1492682,497560.6666666667,93869.0,11.449666125331037,24.0
2742,42,2,970308,485154.0,322925.0,12.6851784737897,37.0
2744,106,1,22905,22905.0,59322.0,10.990752368135597,999.0
2745,8,6,1093097,182182.83333333334,0.0,0.0,21.6
2746,26,3,959651,319883.6666666667,114846.0,11.651356086748658,33.0
2747,36,2,156200,78100.0,0.0,0.0,14.0
2749,10,1,271158,271158.0,721755.0,13.489442410618443,999.0
2750,8,3,1272769,424256.3333333333,95007.0,11.461716377563487,50.0
2751,24,3,283756,94585.33333333333,820932.0,13.618196777309096,23.0
2752,2,4,1614646,403661.5,0.0,0.0,34.333333333333336
2754,5,3,890473,296824.3333333333,0.0,0.0,47.5
2755,24,4,1312769,328192.25,105186.0,11.563494997505346,26.666666666666668
2756,1,1,78261,78261.0,299022.0,12.608275772491318,999.0
2757,100,1,403652,403652.0,108728.0,11.596613826855783,999.0
2758,42,2,1798352,899176.0,0.0,0.0,40.0
2759,5,4,1919368,479842.0,109164.0,11.600615778097216,28.333333333333332
2760,26,3,1001299,333766.3333333333,0.0,0.0,20.0
2761,3,1,107187,107187.0,1437747.0,14.17858855851261,999.0
2762,37,2,267033,133516.5,0.0,0.0,76.0
2763,46,1,120336,120336.0,0.0,0.0,999.0
2764,5,5,297066,59413.2,411042.0,12.926453110876826,21.5
2765,87,2,382375,191187.5,84289.0,11.342018512991528,24.0
2766,2,5,2962023,592404.6,117363.0,11.673035495398963,26.75
2767,29,2,940682,470341.0,0.0,0.0,21.0
2768,35,2,266122,133061.0,280073.0,12.542809132948355,48.0
2769,52,3,1389061,463020.3333333333,381488.0,12.851837295739184,24.5
2770,8,6,2390606,398434.3333333333,982684.0,13.798043900165638,22.0
2771,1,5,1748650,349730.0,517624.0,13.157006320847868,20.75
2772,84,3,770070,256690.0,541824.0,13.202698350056602,14.0
2773,24,4,1223218,305804.5,0.0,0.0,16.0
2774,87,4,230999,57749.75,0.0,0.0,6.666666666666667
2775,20,3,193971,64657.0,0.0,0.0,48.0
2776,10,3,341007,113669.0,0.0,0.0,5.5
2777,1,3,1288781,429593.6666666667,0.0,0.0,42.0
2778,102,1,45889,45889.0,58389.0,10.974899921277583,999.0
2779,43,3,912064,304021.3333333333,599274.0,13.303475870241611,36.5
2780,2,3,175857,58619.0,1010151.0,13.825611372543703,42.5
2781,14,5,1746306,349261.2,0.0,0.0,23.5
2782,12,3,177644,59214.666666666664,0.0,0.0,49.5
2783,26,2,1095452,547726.0,1343847.0,14.111047698431388,12.0
2784,33,4,482258,120564.5,0.0,0.0,24.0
2785,14,4,803769,200942.25,1354970.0,14.119290609852886,25.333333333333332
2786,34,1,162324,162324.0,894816.0,13.704374507076558,999.0
2787,33,2,55019,27509.5,904122.0,13.71472069206563,6.0
2788,10,4,957015,239253.75,0.0,0.0,33.333333333333336
2789,8,3,1329664,443221.3333333333,915700.0,13.727445171155946,43.0
2791,69,2,1164096,582048.0,226855.0,12.33207073393784,26.0
2792,16,2,372247,186123.5,278146.0,12.535905029897908,53.0
2793,48,4,418694,104673.5,231272.0,12.351354109888367,23.0
2794,16,4,1003046,250761.5,0.0,0.0,28.333333333333332
2795,36,2,447487,223743.5,591173.0,13.289865669299934,52.0
2796,28,3,1431076,477025.3333333333,942507.0,13.75629968633194,36.5
2797,53,3,404559,134853.0,0.0,0.0,25.5
2798,11,3,300745,100248.33333333333,439692.0,12.99383203509676,41.0
2800,72,3,1914341,638113.6666666666,93228.0,11.442814111072106,19.0
2801,30,2,1221950,610975.0,1840559.0,14.42558043110685,6.0
2802,59,3,388123,129374.33333333333,242822.0,12.400088061852385,24.5
2803,5,3,849841,283280.3333333333,0.0,0.0,45.5
2804,20,1,351362,351362.0,22958.0,10.04146529547803,999.0
2805,20,2,319917,159958.5,229408.0,12.34326171568899,78.0
2806,2,2,585623,292811.5,171171.0,12.050424177911921,46.0
2807,49,2,714526,357263.0,0.0,0.0,44.0
2808,18,1,501705,501705.0,837024.0,13.637609217603812,999.0
2809,14,3,765075,255025.0,45882.0,10.73384995707422,32.0
2810,95,1,157324,157324.0,0.0,0.0,999.0
2811,60,2,975897,487948.5,0.0,0.0,35.0
2812,103,3,900643,300214.3333333333,643908.0,13.375312690754265,8.0
2813,94,1,34400,34400.0,146535.0,11.895026411040053,999.0
2815,24,4,1611970,402992.5,0.0,0.0,26.666666666666668
2816,0,5,534845,106969.0,0.0,0.0,23.25
2817,2,4,1840211,460052.75,189718.0,12.153299309052052,36.333333333333336
2818,72,2,562359,281179.5,0.0,0.0,34.0
2819,48,1,897448,897448.0,0.0,0.0,999.0
2820,38,2,69291,34645.5,745468.0,13.521768829492025,79.0
2821,10,3,324109,108036.33333333333,0.0,0.0,13.5
2822,27,5,1292425,258485.0,559419.0,13.23465581170295,23.0
2823,116,1,305048,305048.0,339746.0,12.73595650195233,999.0
2825,5,3,319262,106420.66666666667,0.0,0.0,48.5
2826,23,2,283564,141782.0,399090.0,12.89694474004339,35.0
2828,9,1,219198,219198.0,387885.0,12.868466761000503,999.0
2829,11,4,2381938,595484.5,0.0,0.0,32.666666666666664
2830,11,4,875200,218800.0,87804.0,11.382873725609954,28.333333333333332
2831,66,1,36150,36150.0,1003849.0,13.819353165681724,999.0
2832,18,3,1439269,479756.3333333333,97538.0,11.488007577007265,48.5
2833,71,4,444943,111235.75,0.0,0.0,14.333333333333334
2835,22,4,1125595,281398.75,0.0,0.0,30.0
2836,30,2,584388,292194.0,0.0,0.0,30.0
2837,33,2,840413,420206.5,0.0,0.0,11.0
2838,45,2,129014,64507.0,280048.0,12.542719866840672,56.0
2839,42,3,948042,316014.0,0.0,0.0,38.5
2840,60,4,2475159,618789.75,2093279.0,14.554242771744702,16.333333333333332
2841,56,2,1199947,599973.5,101559.0,11.528405035818615,38.0
2842,10,2,804214,402107.0,112692.0,11.632422586297608,43.0
2843,42,4,1199819,299954.75,1513809.0,14.23014020972784,20.0
2844,89,2,322362,161181.0,371140.0,12.824337323295735,15.0
2845,32,1,269718,269718.0,241001.0,12.392560511193544,999.0
2846,78,3,608668,202889.33333333334,224829.0,12.323099840055049,5.5
2847,105,2,986366,493183.0,0.0,0.0,12.0
2848,11,3,1643700,547900.0,700686.0,13.459816561310824,31.0
2849,27,2,1059851,529925.5,0.0,0.0,35.0
2850,85,2,456450,228225.0,390702.0,12.875702959539405,13.0
2851,86,3,1939277,646425.6666666666,0.0,0.0,16.5
2852,36,1,240109,240109.0,320244.0,12.676841606834602,999.0
2853,38,1,205566,205566.0,0.0,0.0,999.0
2854,102,1,479892,479892.0,0.0,0.0,999.0
2855,41,3,991359,330453.0,216511.0,12.28540125214038,18.0
2856,9,3,273406,91135.33333333333,468033.0,13.05629622183358,14.5
2857,40,3,1532174,510724.6666666667,0.0,0.0,19.5
2859,16,2,453298,226649.0,104455.0,11.556521209087874,98.0
2860,38,5,2278149,455629.8,128814.0,11.766132545498824,16.0
2861,56,3,1134798,378266.0,79327.0,11.281346434834918,17.5
2862,26,4,1775326,443831.5,1482512.0,14.209249178786903,24.666666666666668
2863,49,2,797800,398900.0,535188.0,13.190375234520664,57.0
2864,103,1,3050,3050.0,102284.0,11.535518313622863,999.0
2865,22,4,2272122,568030.5,0.0,0.0,31.666666666666668
2866,85,1,787725,787725.0,0.0,0.0,999.0
2867,2,5,1209907,241981.4,581303.0,13.273029134794273,20.75
2868,108,1,8328,8328.0,906766.0,13.717640805246214,999.0
2869,42,2,558643,279321.5,155236.0,11.952708260379856,2.0
2870,35,3,1040476,346825.3333333333,735370.0,13.508130412750297,13.0
2871,19,1,77644,77644.0,144186.0,11.878866347203118,999.0
2872,70,1,90204,90204.0,582396.0,13.274907624752446,999.0
2873,53,5,1264279,252855.8,1187133.0,13.987052556857991,16.5
2874,35,4,1670150,417537.5,309864.0,12.643891997739722,25.666666666666668
2875,33,2,180906,90453.0,73056.0,11.198995237365494,54.0
2876,38,4,839769,209942.25,1436918.0,14.178011796040309,26.333333333333332
2877,30,1,133872,133872.0,823419.0,13.621221677554168,999.0
2878,43,3,1441826,480608.6666666667,197085.0,12.191395460684022,18.0
2879,20,5,473542,94708.4,0.0,0.0,22.5
2880,21,3,1662231,554077.0,115261.0,11.654963076913685,35.5
2881,20,3,1128960,376320.0,448359.0,13.013351760135032,45.0
2882,51,3,756762,252254.0,68398.0,11.133113483620729,10.0
2883,36,2,164133,82066.5,703185.0,13.463376716167431,3.0
2884,8,3,297355,99118.33333333333,607098.0,13.316447153942073,22.0
2885,7,5,452503,90500.6,836714.0,13.6372387896956,23.0
2886,4,5,2575472,515094.4,219012.0,12.296886367767453,25.5
2887,30,3,252267,84089.0,32327.0,10.38368900675831,21.0
2888,42,1,50569,50569.0,514969.0,13.15186392552195,999.0
2889,53,1,601655,601655.0,1036288.0,13.851156620429105,999.0
2890,74,1,58588,58588.0,0.0,0.0,999.0
2891,33,1,109175,109175.0,13111.0,9.481283120423665,999.0
2893,24,4,2272598,568149.5,99508.0,11.508003371317432,19.0
2895,53,1,349534,349534.0,479879.0,13.081291351628865,999.0
2896,13,3,1960909,653636.3333333334,200435.0,12.208250272777947,49.0
2897,10,3,1423271,474423.6666666667,555101.0,13.226907159626185,40.5
2898,28,6,914643,152440.5,0.0,0.0,10.6
2900,8,3,119568,39856.0,0.0,0.0,40.5
2901,12,2,292242,146121.0,0.0,0.0,86.0
2902,30,4,1442915,360728.75,777282.0,13.563559784401505,23.666666666666668
2903,90,3,696594,232198.0,877814.0,13.685191144265252,6.0
2904,97,1,592216,592216.0,225683.0,12.32689106973008,999.0
2905,73,2,730524,365262.0,0.0,0.0,9.0
2906,21,4,942408,235602.0,482522.0,13.086783867018859,30.0
2907,9,4,2032988,508247.0,765553.0,13.548355033721224,26.0
2908,4,5,1063814,212762.8,0.0,0.0,24.5
2910,73,3,116072,38690.666666666664,0.0,0.0,17.0
2911,104,1,182073,182073.0,0.0,0.0,999.0
2912,23,2,61201,30600.5,0.0,0.0,16.0
2913,50,1,78504,78504.0,164951.0,12.013409801469551,999.0
2914,84,1,186936,186936.0,0.0,0.0,999.0
2916,69,2,1296305,648152.5,837874.0,13.638624203660259,50.0
2917,53,3,1452299,484099.6666666667,0.0,0.0,31.5
2918,46,3,1057877,352625.6666666667,361972.0,12.799324902390902,29.5
2919,10,2,387885,193942.5,1364074.0,14.12598710121115,54.0
2920,32,5,1665608,333121.6,586143.0,13.281320772159944,20.5
2921,6,3,660428,220142.66666666666,0.0,0.0,43.5
2922,106,1,487854,487854.0,384148.0,12.858785777142582,999.0
2924,11,3,1045207,348402.3333333333,0.0,0.0,44.5
2925,65,2,646168,323084.0,654840.0,13.3921477370577,44.0
2926,37,4,1338577,334644.25,0.0,0.0,25.0
2927,7,4,1713056,428264.0,397304.0,12.892459526671903,31.666666666666668
2928,30,2,551877,275938.5,0.0,0.0,56.0
2929,14,5,927343,185468.6,314495.0,12.658726636440797,25.75
2930,36,3,976383,325461.0,115152.0,11.65401695788384,38.5
2931,53,3,825675,275225.0,0.0,0.0,29.0
2932,39,1,606078,606078.0,257972.0,12.460610207264649,999.0
2933,77,2,682938,341469.0,0.0,0.0,8.0
2934,8,1,78744,78744.0,709986.0,13.473001938990716,999.0
2935,112,1,12891,12891.0,57840.0,10.965453145756499,999.0
2936,59,2,477461,238730.5,554564.0,13.225939301625687,60.0
2937,46,1,8264,8264.0,83215.0,11.329194916012854,999.0
2938,71,3,711680,237226.66666666666,0.0,0.0,22.0
2939,34,2,687767,343883.5,0.0,0.0,15.0
2940,52,2,1427007,713503.5,294762.0,12.59392692260089,7.0
2941,67,2,353809,176904.5,484718.0,13.091324620570035,48.0
2942,10,4,561901,140475.25,1110218.0,13.920067851125262,32.666666666666664
2943,95,2,827320,413660.0,380032.0,12.848013370037274,6.0
2944,42,3,841733,280577.6666666667,414357.0,12.934485613439664,25.0
2945,90,1,159424,159424.0,0.0,0.0,999.0
2946,15,2,367548,183774.0,1241843.0,14.032107929722,61.0
2947,11,3,684574,228191.33333333334,345462.0,12.75264082528298,5.0
2948,5,3,645594,215198.0,243183.0,12.401573637436243,24.0
2950,63,3,502460,167486.66666666666,686496.0,13.439357134187897,23.0
2951,9,2,841848,420924.0,1192580.0,13.99163042396617,75.0
2952,39,4,1469229,367307.25,2303780.0,14.65006224419685,16.666666666666668
2953,12,6,1547531,257921.83333333334,0.0,0.0,18.8
2954,18,2,220273,110136.5,0.0,0.0,24.0
2955,29,3,549430,183143.33333333334,114515.0,11.648469830205254,24.0
2956,21,2,1101577,550788.5,218613.0,12.295062896589679,3.0
2958,8,3,973693,324564.3333333333,110834.0,11.615797887890858,23.0
2959,13,2,247591,123795.5,876244.0,13.683401011180562,84.0
2960,49,2,185927,92963.5,561209.0,13.237850446011059,19.0
2961,2,3,520627,173542.33333333334,231039.0,12.350346134686598,34.0
2962,89,2,414172,207086.0,156628.0,11.961635230579365,5.0
2963,32,3,1147197,382399.0,0.0,0.0,13.0
2964,2,3,468383,156127.66666666666,664236.0,13.406394292485873,7.5
2966,84,1,567915,567915.0,180758.0,12.104919931312525,999.0
2967,48,2,604305,302152.5,0.0,0.0,10.0
2968,22,1,22687,22687.0,0.0,0.0,999.0
2969,12,2,754716,377358.0,0.0,0.0,41.0
2970,115,1,956905,956905.0,0.0,0.0,999.0
2971,39,1,207345,207345.0,1085347.0,13.897411230858665,999.0
2972,118,1,153276,153276.0,1161093.0,13.964873222088181,999.0
2973,59,2,691657,345828.5,25014.0,10.127230923922305,11.0
2974,99,2,281189,140594.5,0.0,0.0,9.0
2975,39,2,77571,38785.5,0.0,0.0,25.0
2977,10,4,1315323,328830.75,0.0,0.0,26.333333333333332
2979,11,3,299733,99911.0,148464.0,11.908104519209893,46.0
2981,6,2,1055547,527773.5,438392.0,12.990871047335181,17.0
2982,71,3,1517265,505755.0,893645.0,13.703065002583218,19.0
2983,23,3,1183550,394516.6666666667,728944.0,13.49935356232843,5.5
2984,108,1,86346,86346.0,418890.0,12.945366021863073,999.0
2985,4,4,987490,246872.5,0.0,0.0,36.333333333333336
2986,10,3,1395659,465219.6666666667,658566.0,13.397821541382978,37.5
2987,13,3,827536,275845.3333333333,0.0,0.0,32.5
2988,0,3,300423,100141.0,0.0,0.0,49.5
2989,37,2,159982,79991.0,326181.0,12.695210786775899,12.0
2990,46,6,2022568,337094.6666666667,0.0,0.0,6.8
2991,41,2,306903,153451.5,0.0,0.0,11.0
2992,20,3,282044,94014.66666666667,0.0,0.0,47.5
2993,104,1,642195,642195.0,0.0,0.0,999.0
2994,53,2,1602147,801073.5,719865.0,13.486820362560305,50.0
2995,14,3,184888,61629.333333333336,208095.0,12.245754790668878,42.0
2996,31,2,499280,249640.0,0.0,0.0,0.0
2997,43,1,30724,30724.0,0.0,0.0,999.0
2999,41,3,184959,61653.0,0.0,0.0,13.5
3000,41,3,681390,227130.0,710432.0,13.473629922283907,32.5
3001,40,4,1306501,326625.25,1474623.0,14.203913600005404,13.333333333333334
3002,50,3,982880,327626.6666666667,1213365.0,14.008908873659317,25.0
3004,3,6,1074208,179034.66666666666,0.0,0.0,14.6
3006,107,1,481542,481542.0,524838.0,13.170846827875256,999.0
3007,19,3,489849,163283.0,360776.0,12.796015317910284,21.5
3008,9,4,902377,225594.25,0.0,0.0,32.333333333333336
3009,68,3,979750,326583.3333333333,351233.0,12.769207946991163,24.5
3011,11,3,908679,302893.0,527325.0,13.175574232097397,27.5
3012,47,1,216086,216086.0,1635830.0,14.307661490075445,999.0
3013,41,4,3569703,892425.75,1309428.0,14.08510172229237,22.333333333333332
3014,11,2,774723,387361.5,34260.0,10.441762960010218,12.0
3015,93,1,311242,311242.0,0.0,0.0,999.0
3016,16,3,1051047,350349.0,0.0,0.0,39.5
3017,20,3,738917,246305.66666666666,0.0,0.0,38.0
3018,79,2,472313,236156.5,28980.0,10.274395721835582,29.0
3019,11,1,944576,944576.0,24030.0,10.087099942513005,999.0
3020,63,2,492833,246416.5,134825.0,11.811740337199987,18.0
3021,24,2,765514,382757.0,326966.0,12.697614527355691,13.0
3022,46,2,1134942,567471.0,1160703.0,13.964537275547038,1.0
3023,85,1,157827,157827.0,0.0,0.0,999.0
3024,19,3,805307,268435.6666666667,978403.0,13.793677951654184,34.0
3026,29,2,623599,311799.5,205101.0,12.231262695353738,51.0
3028,69,1,122832,122832.0,134746.0,11.811154225072574,999.0
3029,29,1,23669,23669.0,528643.0,13.178070516432026,999.0
3030,57,4,1285000,321250.0,246883.0,12.416673869669234,17.333333333333332
3031,68,2,588580,294290.0,797174.0,13.588829507069892,49.0
3032,56,1,606808,606808.0,421394.0,12.951325915070633,999.0
3033,91,3,749424,249808.0,15645.0,9.657970572245025,10.5
3035,13,8,1640585,205073.125,0.0,0.0,15.142857142857142
3036,40,1,45855,45855.0,0.0,0.0,999.0
3037,79,1,135607,135607.0,130624.0,11.780085901701213,999.0
3038,50,1,283636,283636.0,0.0,0.0,999.0
3040,7,4,1187213,296803.25,177602.0,12.087306001289432,31.0
3041,6,4,1296106,324026.5,0.0,0.0,18.0
3042,63,2,810494,405247.0,1101622.0,13.912295104900483,8.0
3043,77,2,337567,168783.5,0.0,0.0,21.0
3044,87,1,485846,485846.0,0.0,0.0,999.0
3045,40,1,89688,89688.0,523776.0,13.16882130020241,999.0
3046,29,3,660865,220288.33333333334,1159319.0,13.963344184299556,31.5
3047,17,4,1765956,441489.0,663854.0,13.405819031117632,32.0
3048,76,1,723309,723309.0,454091.0,13.026055099665937,999.0
3049,28,5,1682039,336407.8,0.0,0.0,17.25
3050,4,4,1386722,346680.5,0.0,0.0,17.666666666666668
3051,10,2,436883,218441.5,0.0,0.0,33.0
3052,55,2,1569656,784828.0,1205440.0,14.002356033058073,12.0
3053,29,2,250859,125429.5,515816.0,13.153507330397312,72.0
3054,33,2,1392636,696318.0,21850.0,9.992001966066868,80.0
3055,105,1,650592,650592.0,418362.0,12.94410475570013,999.0
3056,14,4,2546495,636623.75,622179.0,13.3409847189239,20.333333333333332
3057,41,2,300088,150044.0,855127.0,13.659006444316171,69.0
3058,58,2,636922,318461.0,306340.0,12.632454139560021,13.0
3059,17,2,568707,284353.5,0.0,0.0,61.0
3060,59,2,133474,66737.0,438826.0,12.991860536939638,45.0
3061,17,4,844639,211159.75,525000.0,13.171155446333852,28.333333333333332
3062,14,1,13546,13546.0,0.0,0.0,999.0
3063,49,3,379783,126594.33333333333,0.0,0.0,32.5
3065,63,2,971977,485988.5,666008.0,13.409058462944733,23.0
3066,1,3,743735,247911.66666666666,746907.0,13.523697297226342,46.0
3067,32,4,805885,201471.25,0.0,0.0,20.666666666666668
3068,2,2,82398,41199.0,0.0,0.0,96.0
3069,70,2,36982,18491.0,2490671.0,14.728063111548037,13.0
3070,42,5,1543321,308664.2,101936.0,11.532110254385062,12.5
3071,14,3,659697,219899.0,1584901.0,14.276033133728989,52.0
3072,9,3,592424,197474.66666666666,1116818.0,13.92599502373951,34.5
3073,5,7,2663712,380530.28571428574,609276.0,13.320028287288423,16.5
3075,82,1,717684,717684.0,458295.0,13.035270542551643,999.0
3076,43,3,394218,131406.0,12418.0,9.426982836948033,31.0
3077,11,2,2050250,1025125.0,1291492.0,14.071309471449144,79.0
3078,0,4,1588122,397030.5,913080.0,13.724579874152257,26.333333333333332
3079,59,3,317321,105773.66666666667,43900.0,10.689692377847104,11.5
3080,6,1,437402,437402.0,0.0,0.0,999.0
3081,53,1,136992,136992.0,1739571.0,14.369149663921911,999.0
3083,68,2,1903580,951790.0,0.0,0.0,31.0
3084,6,2,276055,138027.5,0.0,0.0,82.0
3087,51,5,1098907,219781.4,386805.0,12.86567855433342,15.75
3088,13,4,1662031,415507.75,0.0,0.0,28.666666666666668
3089,19,1,683022,683022.0,71824.0,11.18198788384749,999.0
3090,77,1,18777,18777.0,213739.0,12.272515602078888,999.0
3091,4,2,308617,154308.5,729784.0,13.500505249196934,100.0
3092,2,1,43880,43880.0,580579.0,13.271782882855685,999.0
3093,92,2,643249,321624.5,104779.0,11.55961819296221,6.0
3094,13,2,722209,361104.5,73063.0,11.199091048371514,45.0
3095,54,1,297342,297342.0,0.0,0.0,999.0
3098,51,1,386487,386487.0,21787.0,9.989114638503565,999.0
3099,66,2,410914,205457.0,0.0,0.0,33.0
3100,13,5,1236066,247213.2,0.0,0.0,23.75
3101,54,3,2078538,692846.0,0.0,0.0,9.0
3102,55,2,163946,81973.0,0.0,0.0,18.0
3103,7,3,154272,51424.0,0.0,0.0,33.5
3104,49,1,156383,156383.0,87551.0,11.379988181542167,999.0
3105,115,1,564735,564735.0,608385.0,13.318564827925655,999.0
3106,16,3,516131,172043.66666666666,895628.0,13.70528154370952,42.5
3107,29,2,677972,338986.0,0.0,0.0,90.0
3108,63,2,143274,71637.0,0.0,0.0,27.0
3109,118,1,657213,657213.0,88065.0,11.38584181235089,999.0
3110,102,2,300431,150215.5,0.0,0.0,7.0
3111,10,4,1337104,334276.0,23979.0,10.084975428581505,29.666666666666668
3112,79,1,72525,72525.0,0.0,0.0,999.0
3113,67,2,94207,47103.5,0.0,0.0,18.0
3114,10,3,885518,295172.6666666667,0.0,0.0,32.5
3115,63,1,112963,112963.0,254777.0,12.44814785672324,999.0
3116,102,1,883392,883392.0,0.0,0.0,999.0
3117,13,7,3052305,436043.5714285714,0.0,0.0,15.166666666666666
3118,88,2,990479,495239.5,0.0,0.0,7.0
3119,80,1,124284,124284.0,0.0,0.0,999.0
3120,81,1,180099,180099.0,186084.0,12.133958837554866,999.0
3121,49,3,295308,98436.0,0.0,0.0,22.5
3122,7,4,1376224,344056.0,0.0,0.0,18.0
3124,16,3,1411925,470641.6666666667,534910.0,13.189855656899406,47.0
3125,82,2,1099010,549505.0,681807.0,13.432503372263332,36.0
3126,13,2,379850,189925.0,215241.0,12.279518255513354,54.0
3127,5,4,899516,224879.0,75206.0,11.227999590712164,23.0
3128,4,6,1996585,332764.1666666667,210015.0,12.254938997273449,19.2
3129,12,3,659172,219724.0,178944.0,12.094833775038245,31.0
3130,14,3,2302785,767595.0,0.0,0.0,39.0
3131,40,4,1880040,470010.0,0.0,0.0,19.333333333333332
3132,26,4,2216457,554114.25,0.0,0.0,28.333333333333332
3133,52,1,1244735,1244735.0,0.0,0.0,999.0
3134,19,5,1074919,214983.8,169979.0,12.043436062052617,18.0
3136,1,1,204636,204636.0,0.0,0.0,999.0
3137,60,2,117007,58503.5,220958.0,12.305732442926868,48.0
3138,36,3,129979,43326.333333333336,334356.0,12.719964563407725,34.0
3139,4,2,914332,457166.0,55712.0,10.927968791861163,11.0
3140,14,4,1839120,459780.0,0.0,0.0,29.0
3141,63,1,43542,43542.0,129442.0,11.770995908785176,999.0
3142,13,2,943540,471770.0,0.0,0.0,28.0
3143,22,3,971951,323983.6666666667,353672.0,12.776128036401978,44.5
3144,4,2,667532,333766.0,407615.0,12.918080833731038,94.0
3145,41,2,606959,303479.5,0.0,0.0,37.0
3147,37,4,1430545,357636.25,331187.0,12.710441468952792,26.0
3148,12,4,2150706,537676.5,2056798.0,14.536661448741555,34.0
3149,14,2,494664,247332.0,22659.0,10.028356534581997,101.0
3151,24,4,1485397,371349.25,0.0,0.0,14.333333333333334
3152,16,1,555844,555844.0,88948.0,11.395818450759847,999.0
3154,31,3,2276691,758897.0,480402.0,13.082380613964471,31.5
3155,58,3,1510295,503431.6666666667,0.0,0.0,7.0
3156,49,4,1225036,306259.0,692676.0,13.448319080052492,17.666666666666668
3157,13,2,1225421,612710.5,316714.0,12.665757594840548,54.0
3158,43,2,528182,264091.0,695635.0,13.45258181400462,9.0
3159,47,1,825036,825036.0,1145255.0,13.951138750766043,999.0
3160,96,1,417878,417878.0,222587.0,12.313077808014679,999.0
3161,3,5,2656858,531371.6,0.0,0.0,22.0
3162,1,2,451700,225850.0,0.0,0.0,41.0
3163,51,2,1142875,571437.5,0.0,0.0,29.0
3165,75,2,735522,367761.0,879072.0,13.68662322213817,11.0
3167,48,2,140594,70297.0,218188.0,12.29311693864473,46.0
3168,24,2,53721,26860.5,0.0,0.0,3.0
3169,24,3,853370,284456.6666666667,1428363.0,14.172040291360466,18.0
3170,54,1,49026,49026.0,0.0,0.0,999.0
3171,55,3,1140359,380119.6666666667,991975.0,13.807454192425954,16.5
3172,63,2,476784,238392.0,97228.0,11.48482429985932,6.0
3173,10,3,2123541,707847.0,0.0,0.0,43.5
3174,35,3,722065,240688.33333333334,868681.0,13.674732399416323,28.5
3175,28,2,333577,166788.5,972344.0,13.787465958738494,40.0
3176,18,3,1198939,399646.3333333333,381018.0,12.850604521631837,29.5
3177,4,2,614683,307341.5,815265.0,13.611269719340612,38.0
3178,9,4,1061336,265334.0,164968.0,12.013512856443409,24.0
3180,3,4,2645441,661360.25,929107.0,13.741980265075597,27.666666666666668
3181,24,3,1035274,345091.3333333333,0.0,0.0,30.0
3182,20,3,1163830,387943.3333333333,503376.0,13.12909467132689,13.0
3183,16,3,663217,221072.33333333334,979422.0,13.794718901740186,34.5
3184,63,3,1199078,399692.6666666667,83118.0,11.328028594901893,18.5
3185,102,2,218826,109413.0,410946.0,12.92621953139183,5.0
3187,30,3,1155137,385045.6666666667,71697.0,11.180218132195877,14.5
3189,10,6,2549489,424914.8333333333,402556.0,12.905591980721143,21.6
3190,4,3,764312,254770.66666666666,33834.0,10.429251048666325,30.0
3191,1,1,305134,305134.0,707045.0,13.468851006411384,999.0
3192,1,2,459452,229726.0,51763.0,10.85445020594156,72.0
3193,39,2,896139,448069.5,0.0,0.0,2.0
3194,31,3,158611,52870.333333333336,0.0,0.0,15.0
3195,34,3,940067,313355.6666666667,0.0,0.0,40.5
3196,56,6,1788188,298031.3333333333,0.0,0.0,12.6
3198,6,3,294595,98198.33333333333,0.0,0.0,46.0
3199,10,1,24706,24706.0,73562.0,11.20589746092091,999.0
3200,15,3,1753231,584410.3333333334,419844.0,12.947640874525671,39.0
3201,7,3,1024083,341361.0,758311.0,13.538850189435237,51.0
3202,41,2,337688,168844.0,414685.0,12.935276886320509,62.0
3203,10,3,536726,178908.66666666666,269628.0,12.504802219000977,43.5
3204,19,2,430761,215380.5,0.0,0.0,20.0
3205,85,2,275231,137615.5,191724.0,12.16381733263306,4.0
3206,116,1,199196,199196.0,1113025.0,13.922592990272346,999.0
3207,9,3,1192670,397556.6666666667,339284.0,12.73459574113019,28.0
3209,43,1,19848,19848.0,154379.0,11.947172374503845,999.0
3210,5,1,701346,701346.0,775745.0,13.56158042599698,999.0
3211,19,1,132715,132715.0,331464.0,12.711277502340204,999.0
3212,8,3,138166,46055.333333333336,167202.0,12.026963922055504,4.0
3213,19,2,845315,422657.5,0.0,0.0,19.0
3214,75,1,310146,310146.0,0.0,0.0,999.0
3215,54,3,1206259,402086.3333333333,457777.0,13.034139629426265,22.0
3216,66,2,487672,243836.0,14036.0,9.549451979534325,39.0
3217,22,2,1345864,672932.0,0.0,0.0,27.0
3219,29,2,601554,300777.0,1200844.0,13.998536033615874,55.0
3220,119,1,74302,74302.0,446636.0,13.009501463142769,999.0
3221,81,1,805764,805764.0,770425.0,13.554698887598551,999.0
3222,16,3,441630,147210.0,494685.0,13.111678496835562,44.0
3223,14,6,1311585,218597.5,398272.0,12.894892978772596,18.8
3224,105,1,211805,211805.0,468901.0,13.058149070370352,999.0
3225,7,1,366392,366392.0,180166.0,12.10163947753034,999.0
3226,118,1,94960,94960.0,0.0,0.0,999.0
3227,31,1,200476,200476.0,0.0,0.0,999.0
3229,53,3,831386,277128.6666666667,332936.0,12.715708561874859,32.0
3230,113,1,163432,163432.0,996116.0,13.811619999547208,999.0
3231,38,1,745092,745092.0,941085.0,13.754789806527535,999.0
3233,82,4,401311,100327.75,96063.0,11.472769914993133,11.666666666666666
3234,53,4,2769706,692426.5,0.0,0.0,15.0
3235,48,1,979312,979312.0,236353.0,12.373085960131483,999.0
3238,8,2,382493,191246.5,0.0,0.0,41.0
3239,2,5,1026560,205312.0,1014541.0,13.82994783709535,27.0
3240,14,3,474753,158251.0,631876.0,13.35645003393485,50.5
3241,107,1,114902,114902.0,675162.0,13.42270942218419,999.0
3242,37,4,1516479,379119.75,0.0,0.0,25.333333333333332
3243,26,3,593571,197857.0,298674.0,12.607111304685425,15.5
3245,3,3,288902,96300.66666666667,539769.0,13.19889840188232,53.5
3246,116,1,17819,17819.0,242358.0,12.398175376957,999.0
3248,19,3,701073,233691.0,52866.0,10.875534604665138,39.5
3249,25,2,400285,200142.5,0.0,0.0,68.0
3250,37,2,203153,101576.5,965981.0,13.780900479480676,2.0
3251,14,4,896277,224069.25,0.0,0.0,24.333333333333332
3254,19,2,158627,79313.5,18539.0,9.827685839119846,68.0
3255,84,2,481891,240945.5,624916.0,13.345374119899837,35.0
3257,16,3,825137,275045.6666666667,204563.0,12.228636163938924,47.5
3258,13,1,120345,120345.0,39810.0,10.591898534995632,999.0
3260,66,1,138648,138648.0,0.0,0.0,999.0
3261,72,1,91326,91326.0,586361.0,13.281692625272017,999.0
3262,1,1,836468,836468.0,1370315.0,14.130551928141394,999.0
3263,33,3,1236847,412282.3333333333,0.0,0.0,38.5
3264,97,2,573790,286895.0,1000142.0,13.815653547740748,21.0
3265,48,2,423843,211921.5,380532.0,12.84932818051271,46.0
3267,25,2,598140,299070.0,524022.0,13.169290855469676,2.0
3268,10,2,635491,317745.5,85202.0,11.35279192346511,8.0
3269,31,4,1306267,326566.75,827732.0,13.62644591759666,24.333333333333332
3270,89,2,1557757,778878.5,69021.0,11.142180573340251,4.0
3271,10,3,618792,206264.0,0.0,0.0,29.0
3272,7,3,469201,156400.33333333334,208847.0,12.249361993628572,32.0
3273,35,5,1739302,347860.4,694729.0,13.451278559856814,8.0
3274,65,4,1183669,295917.25,0.0,0.0,8.0
3276,113,1,9454,9454.0,1130755.0,13.938396993538703,999.0
3277,57,1,222392,222392.0,1210199.0,14.006296193170359,999.0
3278,12,2,524898,262449.0,0.0,0.0,6.0
3279,110,1,84302,84302.0,398878.0,12.896413391734587,999.0
3280,30,5,1480507,296101.4,0.0,0.0,20.25
3281,89,1,366512,366512.0,593735.0,13.294190055105632,999.0
3282,86,3,803496,267832.0,729109.0,13.49957989124017,13.5
3283,18,3,446241,148747.0,0.0,0.0,15.0
3284,80,2,827546,413773.0,0.0,0.0,37.0
3285,3,1,310846,310846.0,699890.0,13.4586798876151,999.0
3286,13,2,919767,459883.5,1427359.0,14.17133714214761,91.0
3287,110,1,848345,848345.0,0.0,0.0,999.0
3288,76,2,582654,291327.0,1178190.0,13.979490769269542,12.0
3289,22,3,622558,207519.33333333334,197157.0,12.191760716722417,33.0
3290,21,3,757620,252540.0,0.0,0.0,28.0
3291,4,4,1739033,434758.25,90904.0,11.417570284153372,21.333333333333332
3292,27,3,452582,150860.66666666666,1087143.0,13.89906463203036,22.0
3293,57,1,467252,467252.0,858635.0,13.663100362614786,999.0
3294,10,3,997040,332346.6666666667,0.0,0.0,40.5
3295,82,3,228428,76142.66666666667,594029.0,13.29468510211995,12.0
3296,33,1,77702,77702.0,541836.0,13.20272049718366,999.0
3297,7,4,1261200,315300.0,1574505.0,14.269452130249523,31.333333333333332
3298,45,2,956806,478403.0,222272.0,12.311661635085851,72.0
3299,19,3,935462,311820.6666666667,465360.0,13.050568727456325,23.5
3300,48,3,630413,210137.66666666666,31148.0,10.346537420971563,21.0
3301,1,3,1791972,597324.0,316848.0,12.666180598679142,47.5
3302,15,2,1271272,635636.0,6954.0,8.847216104357543,68.0
3303,0,4,638305,159576.25,553032.0,13.223172953226731,27.666666666666668
3304,10,3,994646,331548.6666666667,550738.0,13.219016291700719,37.0
3305,4,2,1351245,675622.5,0.0,0.0,99.0
3306,51,4,809216,202304.0,0.0,0.0,18.666666666666668
3307,64,3,1372525,457508.3333333333,366452.0,12.811625551976237,21.5
3308,83,3,2206671,735557.0,273788.0,12.52011301571899,17.5
3309,47,2,1248253,624126.5,0.0,0.0,56.0
3310,30,3,1123491,374497.0,0.0,0.0,20.5
3311,76,2,474446,237223.0,49772.0,10.815227947311465,28.0
3312,12,5,1488224,297644.8,532970.0,13.18622229266213,25.75
3313,45,4,793233,198308.25,195303.0,12.182312597965835,16.666666666666668
3314,44,3,706377,235459.0,1088005.0,13.899857221088702,32.0
3315,77,1,19196,19196.0,1737275.0,14.367828927246766,999.0
3316,14,4,780027,195006.75,684685.0,13.436715617989057,27.333333333333332
3317,19,5,820225,164045.0,33496.0,10.419211161564311,24.0
3318,79,2,458665,229332.5,181706.0,12.110150778683469,25.0
3319,40,2,755856,377928.0,0.0,0.0,73.0
3320,20,4,1680617,420154.25,0.0,0.0,26.333333333333332
3321,25,7,2448619,349802.71428571426,0.0,0.0,11.166666666666666
3322,66,1,9086,9086.0,500398.0,13.123161059171617,999.0
3323,11,4,783132,195783.0,678532.0,13.427688393772934,33.0
3324,107,1,170918,170918.0,129102.0,11.768365814364895,999.0
3326,21,1,145219,145219.0,635357.0,13.361943898538417,999.0
3327,13,1,855555,855555.0,1108468.0,13.918490341928015,999.0
3328,42,2,970490,485245.0,1257565.0,14.0446886646682,32.0
3329,66,2,502420,251210.0,1393604.0,14.14740447290402,24.0
3330,51,3,1264289,421429.6666666667,940112.0,13.753755359787169,26.5
3331,113,1,71272,71272.0,0.0,0.0,999.0
3332,28,2,83957,41978.5,573520.0,13.259549832143591,39.0
3333,24,2,604036,302018.0,0.0,0.0,71.0
3334,16,6,2033035,338839.1666666667,0.0,0.0,20.4
3335,41,2,368220,184110.0,153834.0,11.943635878434431,54.0
3337,41,1,11431,11431.0,1705290.0,14.349246328623325,999.0
3338,73,1,33333,33333.0,0.0,0.0,999.0
3340,101,2,998380,499190.0,423059.0,12.955269291941141,6.0
3341,8,2,692913,346456.5,981589.0,13.796928984877884,18.0
3342,6,1,538555,538555.0,0.0,0.0,999.0
3343,88,2,1481070,740535.0,466058.0,13.052067514535544,17.0
3344,0,3,913924,304641.3333333333,700530.0,13.459593897884226,53.0
3345,1,3,555547,185182.33333333334,0.0,0.0,16.0
3346,13,3,360787,120262.33333333333,2177651.0,14.593757790094596,14.5
3348,34,2,796264,398132.0,1049136.0,13.863478479422895,6.0
3349,96,1,780576,780576.0,995028.0,13.810527161444645,999.0
3350,47,4,697657,174414.25,643047.0,13.373974650511338,9.0
3352,24,1,246846,246846.0,0.0,0.0,999.0
3354,55,4,1989540,497385.0,0.0,0.0,20.666666666666668
3355,9,2,179820,89910.0,422585.0,12.954148255361673,75.0
3356,57,1,754105,754105.0,111432.0,11.621178792410449,999.0
3357,54,3,603970,201323.33333333334,267167.0,12.495632952993727,20.0
3358,5,4,534800,133700.0,0.0,0.0,37.666666666666664
3359,27,5,1897414,379482.8,22517.0,10.022070268363075,20.5
3360,9,3,1345665,448555.0,414272.0,12.93428045577528,43.5
3361,35,3,569845,189948.33333333334,0.0,0.0,40.5
3362,11,2,126057,63028.5,51822.0,10.855589345145901,29.0
3363,39,2,180834,90417.0,0.0,0.0,42.0
3364,13,4,628973,157243.25,159936.0,11.982535266676077,22.0
3366,62,2,348156,174078.0,653072.0,13.389444193740813,23.0
3368,46,4,227509,56877.25,73846.0,11.20975066425017,18.0
3369,1,3,597287,199095.66666666666,174765.0,12.071203215275283,14.5
3370,39,1,565996,565996.0,382293.0,12.85394522508057,999.0
3371,0,4,830467,207616.75,0.0,0.0,37.666666666666664
3372,6,5,1981712,396342.4,664632.0,13.40699028759709,17.5
3373,112,1,242974,242974.0,1588600.0,14.278364312666051,999.0
3374,54,2,1761916,880958.0,968740.0,13.783752569283958,1.0
3375,73,1,97447,97447.0,0.0,0.0,999.0
3376,7,4,438073,109518.25,1166975.0,13.96992634550452,26.666666666666668
3377,44,3,290872,96957.33333333333,209289.0,12.251476128984024,25.5
3378,86,2,1009149,504574.5,203859.0,12.225188762722404,2.0
3379,25,5,1612959,322591.8,0.0,0.0,21.75
3380,99,2,327654,163827.0,701237.0,13.46060262337316,11.0
3381,20,3,547870,182623.33333333334,354755.0,12.7791855081985,45.0
3382,72,1,494331,494331.0,567938.0,13.249769297569904,999.0
3383,23,2,667977,333988.5,86384.0,11.366569328608882,53.0
3385,37,3,1303556,434518.6666666667,0.0,0.0,5.5
3386,44,1,50277,50277.0,808740.0,13.603233996450937,999.0
3387,34,2,355321,177660.5,0.0,0.0,21.0
3388,42,3,229399,76466.33333333333,353024.0,12.774294154937452,16.5
3389,84,1,330822,330822.0,0.0,0.0,999.0
3390,14,2,963535,481767.5,318389.0,12.671032325423978,24.0
3391,11,3,921145,307048.3333333333,0.0,0.0,37.5
3392,22,3,391962,130654.0,0.0,0.0,29.0
3393,51,1,61139,61139.0,218184.0,12.2930986057468,999.0
3394,1,3,1030104,343368.0,955053.0,13.769523162366905,32.5
3395,17,6,2223462,370577.0,218926.0,12.2964936198974,20.4
3396,84,3,1152188,384062.6666666667,101118.0,11.52405332009128,16.5
3398,7,6,800507,133417.83333333334,41284.0,10.628254516851529,21.6
3399,31,3,1154811,384937.0,763720.0,13.545957818206945,17.5
3400,32,5,1752971,350594.2,0.0,0.0,18.0
3401,34,2,889966,444983.0,0.0,0.0,56.0
3402,38,3,638280,212760.0,389563.0,12.872783444017081,35.0
3403,33,3,1421821,473940.3333333333,233333.0,12.360226182496207,36.5
3405,2,5,1373196,274639.2,0.0,0.0,29.25
3407,52,2,897367,448683.5,0.0,0.0,4.0
3408,23,2,453072,226536.0,278504.0,12.537191291509682,60.0
3410,57,2,118951,59475.5,384664.0,12.860128104617054,25.0
3411,11,2,991320,495660.0,955340.0,13.769823623792066,67.0
3412,5,2,905905,452952.5,1308309.0,14.084246785976598,57.0
3413,10,2,145531,72765.5,202044.0,12.21624572385051,65.0
3414,16,4,1880765,470191.25,1047465.0,13.86188447201776,17.666666666666668
3415,82,1,440645,440645.0,6415.0,8.766550149546351,999.0
3416,40,3,1374610,458203.3333333333,0.0,0.0,39.5
3417,3,4,1263068,315767.0,0.0,0.0,16.666666666666668
3418,108,1,616515,616515.0,439922.0,12.994354990580158,999.0
3419,30,4,1654870,413717.5,0.0,0.0,29.333333333333332
3420,1,4,1714618,428654.5,148575.0,11.908851890819648,39.333333333333336
3421,22,2,149955,74977.5,359092.0,12.791336686846792,37.0
3422,68,2,1284500,642250.0,908064.0,13.719071240924366,16.0
3423,83,2,462493,231246.5,0.0,0.0,7.0
3425,28,1,559962,559962.0,0.0,0.0,999.0
3426,9,3,716119,238706.33333333334,525446.0,13.172004607885494,52.0
3427,94,2,1500145,750072.5,23720.0,10.074116010739036,8.0
3429,13,2,390485,195242.5,102909.0,11.541610098830137,21.0
3430,21,3,564959,188319.66666666666,65742.0,11.093508480494004,43.5
3431,5,4,2569716,642429.0,67867.0,11.12531992116283,38.0
3432,65,2,499136,249568.0,0.0,0.0,29.0
3433,19,1,38176,38176.0,1014780.0,13.830183383630924,999.0
3434,14,7,2507839,358262.71428571426,943525.0,13.75737920037979,15.666666666666666
3435,71,4,894411,223602.75,713575.0,13.478044227395364,16.0
3436,52,2,227107,113553.5,191204.0,12.16110142988513,49.0
3437,84,1,81781,81781.0,0.0,0.0,999.0
3438,5,3,718094,239364.66666666666,197651.0,12.194263187570677,53.5
3439,8,3,1004879,334959.6666666667,302588.0,12.620130728056358,35.5
3440,11,3,677795,225931.66666666666,1364277.0,14.126135908935352,13.5
3441,9,6,2315308,385884.6666666667,421569.0,12.95174111618222,20.0
3442,54,3,1023351,341117.0,0.0,0.0,32.5
3443,118,1,73091,73091.0,0.0,0.0,999.0
3445,82,2,399845,199922.5,734967.0,13.507582239832226,8.0
3446,40,3,634587,211529.0,762100.0,13.543834371817105,31.5
3447,37,2,58230,29115.0,232520.0,12.356735822511354,73.0
3448,39,3,922984,307661.3333333333,0.0,0.0,37.5
3449,95,1,69206,69206.0,0.0,0.0,999.0
3450,82,2,550996,275498.0,0.0,0.0,36.0
3452,50,3,1066712,355570.6666666667,724800.0,13.493652413400904,34.0
3453,5,2,786600,393300.0,479013.0,13.079485103523346,33.0
3454,3,3,1098411,366137.0,0.0,0.0,15.0
3455,14,1,92619,92619.0,1177603.0,13.97899242369011,999.0
3456,47,1,23807,23807.0,0.0,0.0,999.0
3457,54,1,46913,46913.0,0.0,0.0,999.0
3458,45,3,796037,265345.6666666667,650324.0,13.38522751691347,33.5
3459,28,2,795841,397920.5,1146895.0,13.952569720684137,89.0
3460,28,2,451293,225646.5,0.0,0.0,5.0
3461,6,2,39727,19863.5,149373.0,11.914208507084833,18.0
3462,41,3,1673314,557771.3333333334,80428.0,11.29513008664912,11.0
3463,32,1,95846,95846.0,960227.0,13.77492603524536,999.0
3464,117,1,608607,608607.0,617753.0,13.333845598941185,999.0
3465,12,1,124923,124923.0,56361.0,10.939550451543395,999.0
3466,101,1,34834,34834.0,233248.0,12.359861831454955,999.0
3467,21,1,1203135,1203135.0,0.0,0.0,999.0
3468,26,5,1614971,322994.2,455152.0,13.028388905145372,17.5
3469,12,3,713548,237849.33333333334,1305685.0,14.08223913112068,38.5
3470,81,1,38274,38274.0,332764.0,12.71519181412939,999.0
3471,44,2,337101,168550.5,230755.0,12.349116154193895,45.0
3472,22,4,705351,176337.75,36170.0,10.49601297178542,30.333333333333332
3473,41,2,611653,305826.5,354304.0,12.777913403088165,69.0
3474,80,1,369387,369387.0,527764.0,13.17640638785521,999.0
3476,31,3,733520,244506.66666666666,0.0,0.0,36.5
3477,71,1,99968,99968.0,0.0,0.0,999.0
3478,5,2,574480,287240.0,310008.0,12.644356608297965,96.0
3479,1,3,617009,205669.66666666666,0.0,0.0,45.5
3480,31,6,1989418,331569.6666666667,931316.0,13.74435499239662,17.0
3481,12,3,817688,272562.6666666667,1138402.0,13.94513696103189,21.5
3482,0,3,1005612,335204.0,0.0,0.0,46.5
3484,2,2,353471,176735.5,1325897.0,14.09760052369229,17.0
3485,108,1,183744,183744.0,344523.0,12.749919033192148,999.0
3486,67,2,666310,333155.0,458174.0,13.035006486186077,14.0
3487,45,3,718897,239632.33333333334,31339.0,10.352650515910012,14.5
3488,50,2,635968,317984.0,0.0,0.0,68.0
3489,1,2,321269,160634.5,92331.0,11.433146055963888,22.0
3491,62,2,841835,420917.5,0.0,0.0,2.0
3493,34,1,19135,19135.0,0.0,0.0,999.0
3494,20,3,1146047,382015.6666666667,811397.0,13.606513964875923,26.5
3495,0,3,1296631,432210.3333333333,0.0,0.0,48.0
3496,6,2,1274602,637301.0,630045.0,13.353548111575202,94.0
3497,6,2,375994,187997.0,87578.0,11.380296522158208,58.0
3498,56,3,1241099,413699.6666666667,0.0,0.0,27.5
3499,39,1,222315,222315.0,0.0,0.0,999.0
3500,85,1,69226,69226.0,494786.0,13.111882645913608,999.0
3501,25,2,953359,476679.5,0.0,0.0,51.0
3502,47,1,160776,160776.0,0.0,0.0,999.0
3503,9,4,1843184,460796.0,499264.0,13.120892295894318,36.0
3504,11,3,788332,262777.3333333333,222011.0,12.310486713447602,19.0
3505,117,1,202588,202588.0,632409.0,13.357293196969158,999.0
3506,95,1,96704,96704.0,962665.0,13.77746179780573,999.0
3507,46,1,54642,54642.0,21025.0,9.953515046135776,999.0
3508,17,3,1747793,582597.6666666666,0.0,0.0,28.5
3509,28,2,441277,220638.5,1546867.0,14.251742799476428,27.0
3510,21,2,491115,245557.5,0.0,0.0,63.0
3511,37,1,963876,963876.0,1180307.0,13.981285979332002,999.0
3512,26,2,1253728,626864.0,775470.0,13.561225865670627,76.0
3513,50,3,380535,126845.0,328606.0,12.702617786853844,22.5
3514,112,1,702596,702596.0,589797.0,13.28753538437757,999.0
3516,4,3,1703110,567703.3333333334,902080.0,13.712459595456401,55.0
3517,35,1,12487,12487.0,372298.0,12.827452573851291,999.0
3518,84,3,1141488,380496.0,511135.0,13.144390978589684,12.5
3519,6,2,73936,36968.0,166942.0,12.025407715771593,31.0
3520,118,1,198139,198139.0,1103793.0,13.914263894205416,999.0
3521,41,5,1420084,284016.8,0.0,0.0,19.25
3522,1,4,2375786,593946.5,162743.0,11.999933693031787,38.333333333333336
3523,22,3,745940,248646.66666666666,0.0,0.0,48.5
3524,30,2,291195,145597.5,0.0,0.0,63.0
3525,1,4,490158,122539.5,49962.0,10.819038010475133,32.666666666666664
3526,69,1,102738,102738.0,721704.0,13.489371747122828,999.0
3527,17,3,852215,284071.6666666667,0.0,0.0,47.0
3528,101,1,448782,448782.0,907048.0,13.717951751893805,999.0
3530,75,1,812275,812275.0,180488.0,12.10342511306979,999.0
3531,12,1,51094,51094.0,743738.0,13.519445445816638,999.0
3532,3,3,979897,326632.3333333333,0.0,0.0,41.5
3533,78,1,207484,207484.0,34256.0,10.441646202369757,999.0
3534,73,2,157424,78712.0,198969.0,12.200909338573293,21.0
3535,79,3,1576476,525492.0,328438.0,12.702106407121951,15.5
3536,47,3,1708581,569527.0,1395746.0,14.148940313788245,22.0
3537,52,2,697504,348752.0,59370.0,10.991561170646536,28.0
3538,47,1,119458,119458.0,1119425.0,13.928326611898264,999.0
3540,79,1,292392,292392.0,487438.0,13.096920433385725,999.0
3541,39,5,2111294,422258.8,0.0,0.0,12.5
3543,44,2,321306,160653.0,46692.0,10.7513495394883,37.0
3544,39,2,540106,270053.0,131787.0,11.788949849864538,69.0
3545,8,4,2099196,524799.0,57519.0,10.959887992394929,33.333333333333336
3546,50,3,1023675,341225.0,24522.0,10.107366731668879,34.5
3547,31,4,678936,169734.0,0.0,0.0,11.666666666666666
3548,112,1,59672,59672.0,512115.0,13.146306440860238,999.0
3549,60,2,693279,346639.5,792034.0,13.582360861739321,4.0
3550,30,3,885538,295179.3333333333,527044.0,13.175041212872374,5.5
3551,48,1,168645,168645.0,598976.0,13.302978479031509,999.0
3553,7,3,778834,259611.33333333334,0.0,0.0,42.5
3554,4,4,1958835,489708.75,0.0,0.0,36.666666666666664
3555,64,1,213014,213014.0,0.0,0.0,999.0
3556,6,3,968393,322797.6666666667,0.0,0.0,16.0
3557,66,4,2417833,604458.25,901070.0,13.711339334817666,12.666666666666666
3558,22,2,416891,208445.5,647868.0,13.381443794403397,25.0
3559,80,2,375508,187754.0,141138.0,11.857500499366054,21.0
3560,64,2,138645,69322.5,422756.0,12.954552824873296,50.0
3561,6,4,1950258,487564.5,382014.0,12.85321515383349,33.0
3562,5,7,1200731,171533.0,1011758.0,13.827200958176679,17.0
3563,105,1,286872,286872.0,1324020.0,14.096183876380497,999.0
3564,26,4,677627,169406.75,1074189.0,13.887077447156766,16.333333333333332
3565,16,2,963212,481606.0,140058.0,11.849819041386791,38.0
3567,33,4,1362461,340615.25,763219.0,13.54530160422359,16.333333333333332
3568,0,4,804871,201217.75,742192.0,13.517364596144056,30.333333333333332
3569,40,3,627104,209034.66666666666,495122.0,13.112561495532065,10.5
3570,13,1,456684,456684.0,0.0,0.0,999.0
3571,4,2,612928,306464.0,0.0,0.0,71.0
3572,19,2,251547,125773.5,870223.0,13.676505928755097,60.0
3573,47,1,542285,542285.0,302331.0,12.61928103027611,999.0
3574,58,3,710781,236927.0,156642.0,11.961724609777054,28.0
3575,23,1,429072,429072.0,368638.0,12.817573124372318,999.0
3576,27,2,133532,66766.0,863728.0,13.669014341178013,40.0
3577,1,3,1715477,571825.6666666666,77949.0,11.263822874485923,28.5
3579,1,3,529801,176600.33333333334,76141.0,11.24035529699366,8.5
3580,6,3,1022565,340855.0,2324054.0,14.658824062766845,39.5
3581,20,3,218774,72924.66666666667,420912.0,12.95018144047794,10.0
3582,42,2,202141,101070.5,343984.0,12.748353330753663,54.0
3583,19,7,3460596,494370.85714285716,75189.0,11.227773522372072,16.166666666666668
3584,86,3,1698112,566037.3333333334,0.0,0.0,7.0
3585,87,1,470685,470685.0,552223.0,13.221709040047305,999.0
3586,20,3,604527,201509.0,0.0,0.0,41.0
3587,35,4,1548153,387038.25,0.0,0.0,27.333333333333332
3588,1,4,936632,234158.0,0.0,0.0,29.666666666666668
3589,29,2,345613,172806.5,1487394.0,14.21253682567516,4.0
3590,35,1,112716,112716.0,522315.0,13.166028047690588,999.0
3591,33,2,92870,46435.0,0.0,0.0,84.0
3592,11,2,213619,106809.5,0.0,0.0,83.0
3593,8,5,1813796,362759.2,0.0,0.0,18.25
3594,39,3,650159,216719.66666666666,738492.0,13.512366902235662,34.0
3595,50,1,406632,406632.0,171842.0,12.054336548250804,999.0
3596,98,1,89492,89492.0,732079.0,13.50364507658926,999.0
3598,14,2,644495,322247.5,976296.0,13.791522122383066,32.0
3599,28,3,398577,132859.0,210342.0,12.256494810594731,31.5
3600,18,1,296012,296012.0,155205.0,11.9525085457778,999.0
3601,39,4,1935631,483907.75,608842.0,13.319315713784393,25.333333333333332
3602,58,2,156740,78370.0,0.0,0.0,19.0
3603,25,2,399008,199504.0,0.0,0.0,85.0
3604,1,2,411699,205849.5,19508.0,9.878631176537262,67.0
3605,31,2,590928,295464.0,1498513.0,14.219984508371223,79.0
3606,14,5,1707059,341411.8,426774.0,12.964012221248954,15.0
3608,33,6,714699,119116.5,557814.0,13.231782645172869,15.2
3610,26,2,1062261,531130.5,399762.0,12.89862715049263,38.0
3612,64,2,574940,287470.0,23647.0,10.071033823747928,19.0
3613,50,3,291137,97045.66666666667,0.0,0.0,21.0
3614,4,4,1971911,492977.75,378177.0,12.843120263234264,32.333333333333336
3615,6,1,46101,46101.0,164484.0,12.010574659619587,999.0
3616,11,3,600265,200088.33333333334,48292.0,10.785041901601423,34.5
3617,10,2,105581,52790.5,0.0,0.0,52.0
3618,12,1,937288,937288.0,638360.0,13.366659233026088,999.0
3619,67,1,361359,361359.0,227984.0,12.33703511629867,999.0
3620,0,3,1203002,401000.6666666667,305694.0,12.630343151840686,38.5
3621,48,4,1623056,405764.0,477795.0,13.076939142135162,12.333333333333334
3622,10,2,439244,219622.0,0.0,0.0,28.0
3623,92,1,97809,97809.0,0.0,0.0,999.0
3624,7,4,541317,135329.25,18053.0,9.8011225458581,30.333333333333332
3625,21,3,626354,208784.66666666666,1213648.0,14.009142081942976,42.0
3627,34,3,621664,207221.33333333334,659463.0,13.399182662841405,5.5
3628,68,1,609495,609495.0,642725.0,13.373473784874404,999.0
3629,66,2,29843,14921.5,0.0,0.0,3.0
3630,29,3,1375714,458571.3333333333,454487.0,13.026926789610851,23.5
3631,35,2,1274507,637253.5,509157.0,13.140513659938318,79.0
3632,5,1,569865,569865.0,0.0,0.0,999.0
3633,18,2,1289457,644728.5,704073.0,13.464638743252491,44.0
3634,11,1,834855,834855.0,152296.0,11.933587840724702,999.0
3635,74,1,354657,354657.0,920759.0,13.73295469495971,999.0
3636,23,5,1815174,363034.8,140227.0,11.851024948335597,15.75
3637,41,5,2209290,441858.0,724975.0,13.493893829840605,14.75
3638,20,2,594129,297064.5,0.0,0.0,48.0
3639,58,1,53990,53990.0,172612.0,12.058807373451009,999.0
3640,0,4,2020227,505056.75,88221.0,11.387611643998193,18.666666666666668
3641,39,3,1003516,334505.3333333333,0.0,0.0,33.5
3642,12,2,539758,269879.0,0.0,0.0,35.0
3643,10,3,670921,223640.33333333334,371772.0,12.82603873194454,53.5
3644,2,5,1628713,325742.6,1058932.0,13.872772355348848,28.5
3646,2,3,583346,194448.66666666666,265892.0,12.490849251198236,19.0
3647,79,1,467186,467186.0,0.0,0.0,999.0
3648,4,2,296318,148159.0,74016.0,11.212050075532202,18.0
3649,17,4,1272001,318000.25,82955.0,11.326065625733266,32.0
3650,41,1,35590,35590.0,621518.0,13.339921760664327,999.0
3651,3,6,1682936,280489.3333333333,55520.0,10.924516606545858,15.6
3652,43,3,988969,329656.3333333333,194409.0,12.177724610014685,36.5
3653,15,4,927376,231844.0,0.0,0.0,26.666666666666668
3654,1,3,1015883,338627.6666666667,907475.0,13.718422398490443,50.5
3655,56,3,1042649,347549.6666666667,182692.0,12.115562427455846,15.5
3656,8,2,948684,474342.0,959195.0,13.773850712544961,2.0
3657,17,5,1809883,361976.6,0.0,0.0,17.5
3658,21,3,1311531,437177.0,445258.0,13.0064114143109,45.5
3659,60,3,973231,324410.3333333333,1135621.0,13.942691076411966,27.0
3660,7,3,1025776,341925.3333333333,0.0,0.0,13.0
3661,21,5,1285377,257075.4,4540.0,8.420902531097951,22.25
3662,56,3,630341,210113.66666666666,594484.0,13.295450763507864,1.5
3663,2,3,1043633,347877.6666666667,643404.0,13.374529664972286,56.0
3664,109,2,767643,383821.5,237027.0,12.375933556598795,2.0
3666,5,3,355836,118612.0,1788420.0,14.396843665612543,36.0
3667,56,2,599760,299880.0,0.0,0.0,25.0
3668,76,1,483468,483468.0,486752.0,13.09551208654365,999.0
3669,115,1,106272,106272.0,0.0,0.0,999.0
3671,49,1,130652,130652.0,103024.0,11.542726956207018,999.0
3672,15,2,638761,319380.5,0.0,0.0,30.0
3673,57,3,682755,227585.0,688185.0,13.441814429215029,24.5
3674,63,3,1378958,459652.6666666667,0.0,0.0,27.0
3675,43,2,1048281,524140.5,84162.0,11.340510673724053,21.0
3676,87,3,700942,233647.33333333334,0.0,0.0,5.5
3677,72,1,49455,49455.0,124588.0,11.732775598934348,999.0
3679,9,2,437558,218779.0,347962.0,12.759851431264963,99.0
3680,70,1,105692,105692.0,120386.0,11.698466832605382,999.0
3681,2,3,1051720,350573.3333333333,694845.0,13.451445517260035,52.5
3682,36,2,311110,155555.0,84790.0,11.347944684072116,49.0
3683,29,4,1667502,416875.5,911416.0,13.722755810260301,28.333333333333332
3684,70,2,878963,439481.5,0.0,0.0,47.0
3685,81,1,183879,183879.0,627638.0,13.349720439401707,999.0
3686,35,4,1197599,299399.75,936041.0,13.749415626247892,22.0
3687,38,2,197533,98766.5,0.0,0.0,76.0
3688,65,3,1986599,662199.6666666666,0.0,0.0,19.0
3689,34,6,1333519,222253.16666666666,0.0,0.0,14.8
3690,20,4,1636175,409043.75,303298.0,12.622474396605625,23.0
3691,14,4,1486483,371620.75,938576.0,13.75212017746092,24.666666666666668
3692,85,1,74417,74417.0,0.0,0.0,999.0
3693,85,1,1082845,1082845.0,214392.0,12.275566058392053,999.0
3694,43,4,1807180,451795.0,471283.0,13.06321616368289,25.333333333333332
3695,67,3,548371,182790.33333333334,947222.0,13.761289824911668,23.5
3696,30,2,1406281,703140.5,77744.0,11.261189519291916,20.0
3697,114,1,37692,37692.0,0.0,0.0,999.0
3698,105,2,802677,401338.5,0.0,0.0,11.0
3699,27,1,208344,208344.0,257201.0,12.457617047365135,999.0
3700,8,3,815439,271813.0,276269.0,12.529133927383523,53.5
3702,116,1,215636,215636.0,445748.0,13.007511292312888,999.0
3703,9,1,395876,395876.0,1543519.0,14.249576080404381,999.0
3704,17,2,118388,59194.0,469269.0,13.058933574744547,39.0
3705,1,4,1341814,335453.5,1530375.0,14.241024014810618,37.666666666666664
3707,19,3,1280682,426894.0,0.0,0.0,41.0
3708,3,1,90423,90423.0,70216.0,11.159345725938799,999.0
3709,30,3,961691,320563.6666666667,0.0,0.0,41.5
3710,22,5,446104,89220.8,0.0,0.0,17.75
3711,90,1,54314,54314.0,23817.0,10.078196876327942,999.0
3712,10,3,1163206,387735.3333333333,1114571.0,13.923981032682349,51.5
3713,0,5,1673679,334735.8,734768.0,13.507311443082582,27.5
3714,30,2,628399,314199.5,0.0,0.0,47.0
3715,1,3,1000416,333472.0,148308.0,11.907053214079603,55.5
3716,72,1,628544,628544.0,0.0,0.0,999.0
3717,26,7,2605013,372144.71428571426,853645.0,13.657271866927259,11.666666666666666
3718,31,2,370401,185200.5,0.0,0.0,71.0
3719,56,1,99198,99198.0,0.0,0.0,999.0
3720,36,2,235475,117737.5,0.0,0.0,11.0
3721,32,2,287791,143895.5,232841.0,12.358115390938199,64.0
3722,16,5,1374777,274955.4,312488.0,12.65232454753906,25.75
3723,8,2,190406,95203.0,0.0,0.0,70.0
3725,6,3,655208,218402.66666666666,1595852.0,14.282918947486783,17.0
3726,0,6,1592697,265449.5,405452.0,12.91276023953142,11.2
3727,52,3,1163108,387702.6666666667,354515.0,12.778508757927348,22.0
3728,45,3,919471,306490.3333333333,449696.0,13.01632930162247,16.5
3729,29,3,1437047,479015.6666666667,0.0,0.0,27.0
3730,17,2,363423,181711.5,449471.0,13.015828839518692,1.0
3731,45,1,77932,77932.0,68514.0,11.134807978380302,999.0
3732,11,1,630471,630471.0,83013.0,11.326764547253553,999.0
3733,45,1,330488,330488.0,0.0,0.0,999.0
3734,51,2,760289,380144.5,922128.0,13.734440405983891,6.0
3735,36,2,831188,415594.0,0.0,0.0,68.0
3736,6,3,761160,253720.0,327362.0,12.698824925926282,40.0
3737,34,2,85020,42510.0,353049.0,12.774364968944493,13.0
3738,43,3,1061792,353930.6666666667,549524.0,13.216809547696274,26.0
3739,50,1,200061,200061.0,0.0,0.0,999.0
3740,23,2,1375061,687530.5,502453.0,13.12725937243656,16.0
3742,64,3,839038,279679.3333333333,172096.0,12.055813550321956,12.5
3743,3,3,391281,130427.0,242496.0,12.39874461814913,50.0
3744,110,1,107555,107555.0,0.0,0.0,999.0
3745,45,1,1017805,1017805.0,143994.0,11.877533855733086,999.0
3746,33,1,93655,93655.0,20316.0,9.919213252997611,999.0
3747,114,1,149737,149737.0,0.0,0.0,999.0
3748,0,5,1931306,386261.2,882444.0,13.690451742901258,24.5
3749,25,3,198674,66224.66666666667,15972.0,9.678655075789957,46.0
3750,27,1,239104,239104.0,66833.0,11.109967212073245,999.0
3751,85,3,627285,209095.0,183796.0,12.121587166681289,7.0
3753,0,3,2192205,730735.0,0.0,0.0,49.0
3754,2,3,700662,233554.0,0.0,0.0,18.0
3755,38,2,516932,258466.0,159542.0,11.980068757350004,70.0
3756,31,3,835867,278622.3333333333,719699.0,13.486589737495896,37.5
3757,0,4,2044848,511212.0,1781247.0,14.39282480019145,39.333333333333336
3758,103,1,577266,577266.0,0.0,0.0,999.0
3760,0,1,54788,54788.0,1038702.0,13.8534833774374,999.0
3761,61,6,582721,97120.16666666667,1363766.0,14.125761281679587,10.6
3762,78,3,709009,236336.33333333334,0.0,0.0,20.5
3763,6,3,1386433,462144.3333333333,0.0,0.0,5.0
3764,5,1,387288,387288.0,0.0,0.0,999.0
3765,18,3,1298700,432900.0,0.0,0.0,34.0
3766,26,5,1219318,243863.6,19526.0,9.879553402240496,22.75
3767,45,1,84082,84082.0,0.0,0.0,999.0
3768,80,1,448974,448974.0,38212.0,10.550931050837072,999.0
3769,36,3,828681,276227.0,0.0,0.0,22.0
3771,22,3,961935,320645.0,49070.0,10.801023507926635,48.0
3772,16,4,301587,75396.75,0.0,0.0,26.666666666666668
3773,76,2,208144,104072.0,130705.0,11.780705805215101,19.0
3774,25,2,536045,268022.5,1665465.0,14.325615522117493,60.0
3775,22,3,961917,320639.0,447836.0,13.012184605905835,40.5
3776,45,1,90591,90591.0,21111.0,9.95759687818316,999.0
3777,2,4,1744734,436183.5,100030.0,11.513235416930156,36.0
3778,11,3,1336513,445504.3333333333,54857.0,10.912503307392482,33.0
3779,25,1,34053,34053.0,0.0,0.0,999.0
3780,84,2,817709,408854.5,546303.0,13.21093087634126,20.0
3781,30,3,311191,103730.33333333333,193936.0,12.175288643037236,13.0
3782,5,4,953240,238310.0,349710.0,12.764862378090067,36.333333333333336
3783,25,2,139561,69780.5,108102.0,11.590839755323623,11.0
3784,42,2,854768,427384.0,0.0,0.0,37.0
3785,14,3,742454,247484.66666666666,535872.0,13.191652471679644,20.5
3786,3,5,2910228,582045.6,276496.0,12.529955249976082,25.75
3788,5,4,362891,90722.75,420362.0,12.948873902694004,16.666666666666668
3789,2,2,975987,487993.5,0.0,0.0,44.0
3790,8,1,504344,504344.0,639845.0,13.368982801381014,999.0
3791,44,1,244393,244393.0,505524.0,13.13335277220393,999.0
3792,89,1,410132,410132.0,0.0,0.0,999.0
3793,38,2,1644051,822025.5,922645.0,13.735000907956799,55.0
3794,26,4,1078402,269600.5,94869.0,11.460262812386922,29.333333333333332
3795,22,3,713449,237816.33333333334,1038192.0,13.852992259913698,41.0
3796,105,2,213031,106515.5,84491.0,11.344412134307133,5.0
3797,11,3,1537796,512598.6666666667,0.0,0.0,53.0
3798,0,3,1057461,352487.0,143514.0,11.874194838335697,46.5
3799,111,1,756508,756508.0,170975.0,12.049278474757498,999.0
3800,21,1,588024,588024.0,191295.0,12.16157724564361,999.0
3801,72,2,617883,308941.5,17021.0,9.742261904036907,29.0
3802,35,2,483244,241622.0,546297.0,13.210919893384979,26.0
3803,68,1,140333,140333.0,230748.0,12.349085818661234,999.0
3804,16,2,126121,63060.5,56264.0,10.937827951184097,63.0
3807,4,4,997128,249282.0,230013.0,12.345895455618074,37.0
3808,47,4,1594498,398624.5,1188670.0,13.98834643427169,22.333333333333332
3810,6,4,768298,192074.5,773258.0,13.558369329664838,32.333333333333336
3811,57,2,222783,111391.5,24132.0,10.091335477455614,55.0
3812,47,1,65315,65315.0,0.0,0.0,999.0
3813,36,3,630201,210067.0,972234.0,13.787352823768353,40.0
3814,47,1,278554,278554.0,985396.0,13.80079988463841,999.0
3815,2,3,633460,211153.33333333334,0.0,0.0,44.5
3816,31,2,560094,280047.0,216462.0,12.285174911126653,19.0
3818,23,3,1054710,351570.0,0.0,0.0,38.0
3819,32,1,13292,13292.0,160356.0,11.98515785867424,999.0
3820,38,4,808978,202244.5,22701.0,10.030208305315284,26.666666666666668
3821,104,5,1625899,325179.8,0.0,0.0,3.5
3822,1,3,807167,269055.6666666667,62424.0,11.041721115147974,21.5
3823,3,2,130051,65025.5,0.0,0.0,18.0
3824,59,3,749689,249896.33333333334,792572.0,13.583039894056048,9.0
3825,36,2,1092152,546076.0,0.0,0.0,47.0
3826,15,3,1153613,384537.6666666667,0.0,0.0,48.5
3827,16,3,1309445,436481.6666666667,0.0,0.0,19.5
3828,8,4,810852,202713.0,132737.0,11.796132539538041,31.333333333333332
3829,0,2,218370,109185.0,831802.0,13.631350912920656,85.0
3831,72,1,747352,747352.0,0.0,0.0,999.0
3832,21,3,535522,178507.33333333334,515631.0,13.153148611736508,13.0
3833,10,3,635429,211809.66666666666,665672.0,13.408553837955989,37.5
3834,0,3,1999565,666521.6666666666,0.0,0.0,17.5
3835,8,5,1241497,248299.4,307866.0,12.637423150513573,25.0
3836,0,1,14772,14772.0,0.0,0.0,999.0
3837,10,1,15611,15611.0,699935.0,13.458744181274266,999.0
3838,12,3,1307125,435708.3333333333,0.0,0.0,45.0
3839,18,6,1736484,289414.0,103358.0,11.545963644047026,18.6
3840,110,1,133071,133071.0,1059695.0,13.8734926325026,999.0
3841,0,4,1161951,290487.75,0.0,0.0,25.666666666666668
3843,63,1,924945,924945.0,0.0,0.0,999.0
3844,3,2,1067088,533544.0,0.0,0.0,9.0
3845,90,2,465626,232813.0,0.0,0.0,6.0
3846,15,6,2181996,363666.0,0.0,0.0,18.6
3847,46,6,2668555,444759.1666666667,84209.0,11.341068958024039,14.6
3850,15,1,271101,271101.0,607023.0,13.316323607974992,999.0
3852,55,2,848114,424057.0,1949106.0,14.482881876931442,9.0
3853,18,2,738493,369246.5,758235.0,13.538749961812949,80.0
3854,23,3,1678850,559616.6666666666,935675.0,13.749024541688504,35.0
3855,15,3,477742,159247.33333333334,25088.0,10.130184782049636,41.5
3856,114,1,719946,719946.0,202806.0,12.220010066868761,999.0
3857,42,3,949040,316346.6666666667,0.0,0.0,28.0
3858,79,1,4604,4604.0,219244.0,12.297945104957288,999.0
3859,49,2,818638,409319.0,244374.0,12.406459209721767,31.0
3860,1,5,932390,186478.0,0.0,0.0,20.75
3861,39,5,1530378,306075.6,0.0,0.0,18.25
3862,99,2,437412,218706.0,396324.0,12.88998986071143,5.0
3863,8,1,363406,363406.0,567693.0,13.249337820140486,999.0
3864,26,2,675371,337685.5,217983.0,12.292176944582305,59.0
3865,13,2,630424,315212.0,391019.0,12.876513988554482,103.0
3866,4,1,406295,406295.0,38789.0,10.565917760434013,999.0
3867,14,3,336120,112040.0,0.0,0.0,16.0
3868,17,1,10474,10474.0,262457.0,12.47784634821245,999.0
3869,19,4,638240,159560.0,398305.0,12.894975833078368,31.666666666666668
3870,73,4,514462,128615.5,438374.0,12.99082998744248,14.666666666666666
3871,7,2,574740,287370.0,0.0,0.0,49.0
3873,30,3,1312849,437616.3333333333,1440695.0,14.180636888117585,21.5
3874,61,2,449837,224918.5,756428.0,13.536363954534409,12.0
3875,14,4,774121,193530.25,0.0,0.0,26.666666666666668
3876,37,2,255021,127510.5,22718.0,10.030956857781932,7.0
3877,2,3,1443318,481106.0,0.0,0.0,55.0
3878,67,1,524814,524814.0,183692.0,12.121021164870212,999.0
3879,46,5,1385235,277047.0,0.0,0.0,16.5
3880,74,4,791492,197873.0,19002.0,9.852352140421358,12.333333333333334
3881,15,1,57489,57489.0,780887.0,13.56818701264833,999.0
3883,48,4,739394,184848.5,0.0,0.0,16.0
3884,47,2,229388,114694.0,0.0,0.0,17.0
3885,85,1,64901,64901.0,0.0,0.0,999.0
3886,29,1,60056,60056.0,0.0,0.0,999.0
3887,16,2,313496,156748.0,177334.0,12.085795878107747,67.0
3888,58,3,466164,155388.0,0.0,0.0,25.0
3889,25,2,507747,253873.5,344313.0,12.749309310713116,1.0
3890,70,2,826432,413216.0,0.0,0.0,37.0
3891,27,3,581621,193873.66666666666,300244.0,12.612354087014229,30.0
3892,29,2,190268,95134.0,648160.0,13.381894401264258,48.0
3893,87,2,507816,253908.0,60997.0,11.0185963557327,25.0
3894,6,2,1250000,625000.0,789628.0,13.579318493883912,76.0
3896,54,2,898028,449014.0,480599.0,13.082790602284506,34.0
3897,17,8,1939741,242467.625,90214.0,11.409950989342398,13.428571428571429
3898,28,5,2154782,430956.4,1066823.0,13.88019656822479,16.5
3899,32,1,346676,346676.0,0.0,0.0,999.0
3900,68,2,733557,366778.5,0.0,0.0,36.0
3901,7,2,930681,465340.5,451857.0,13.021123250163965,72.0
3902,19,1,560216,560216.0,278454.0,12.537011745401758,999.0
3903,80,4,1995103,498775.75,200615.0,12.209147912047102,8.666666666666666
3904,5,4,973663,243415.75,0.0,0.0,21.333333333333332
3905,22,3,1585588,528529.3333333334,632615.0,13.35761888197772,37.5
3906,14,3,1319535,439845.0,1152489.0,13.957435377025709,42.0
3907,66,1,98585,98585.0,491175.0,13.104557794686531,999.0
3908,43,2,80509,40254.5,0.0,0.0,45.0
3909,13,3,1205816,401938.6666666667,296889.0,12.60111697881042,52.0
3910,34,1,180577,180577.0,0.0,0.0,999.0
3911,11,2,898879,449439.5,729306.0,13.499850047171154,76.0
3912,75,4,1099599,274899.75,0.0,0.0,9.666666666666666
3913,2,2,386237,193118.5,0.0,0.0,99.0
3914,110,1,101866,101866.0,171152.0,12.050313172288496,999.0
3915,11,3,958295,319431.6666666667,0.0,0.0,38.5
3916,5,5,795335,159067.0,0.0,0.0,25.25
3917,3,4,417689,104422.25,0.0,0.0,27.666666666666668
3918,1,3,488078,162692.66666666666,0.0,0.0,34.5
3919,0,1,125565,125565.0,1182465.0,13.983112646292154,999.0
3920,28,5,1655500,331100.0,1575.0,7.362645270417825,18.75
3921,6,2,799690,399845.0,792964.0,13.583534363451278,42.0
3922,71,2,1400811,700405.5,0.0,0.0,23.0
3923,70,4,2294315,573578.75,521553.0,13.164568095521549,10.666666666666666
3924,24,2,840048,420024.0,0.0,0.0,39.0
3925,91,1,416936,416936.0,841845.0,13.643352378634377,999.0
3926,16,1,565116,565116.0,1044660.0,13.85920298883749,999.0
3927,55,2,872149,436074.5,0.0,0.0,12.0
3928,48,2,1410415,705207.5,1156731.0,13.961109345809618,37.0
3929,29,1,619935,619935.0,51412.0,10.847646337752757,999.0
3930,41,4,1486373,371593.25,0.0,0.0,24.333333333333332
3931,1,4,514911,128727.75,379348.0,12.846211904674702,35.0
3932,6,1,232185,232185.0,0.0,0.0,999.0
3933,71,2,1142466,571233.0,966465.0,13.781401398532697,22.0
3934,10,4,420153,105038.25,447020.0,13.010360852357959,35.333333333333336
3935,9,5,2514578,502915.6,1265178.0,14.050724172109582,25.75
3936,59,1,359908,359908.0,0.0,0.0,999.0
3937,52,1,120838,120838.0,0.0,0.0,999.0
3938,40,3,1422956,474318.6666666667,477536.0,13.076396922811961,8.0
3939,51,2,1495646,747823.0,708078.0,13.470310948371962,19.0
3940,9,4,365412,91353.0,0.0,0.0,28.333333333333332
3941,93,1,193992,193992.0,0.0,0.0,999.0
3942,31,2,686075,343037.5,0.0,0.0,18.0
3943,11,3,1841575,613858.3333333334,730976.0,13.502137274488632,51.5
3944,7,4,813053,203263.25,0.0,0.0,33.666666666666664
3945,26,4,258648,64662.0,0.0,0.0,27.0
3947,24,4,2018058,504514.5,46030.0,10.737070361537285,22.333333333333332
3948,107,2,1523640,761820.0,0.0,0.0,11.0
3949,94,2,1122891,561445.5,78519.0,11.271108648390397,2.0
3950,14,1,246045,246045.0,0.0,0.0,999.0
3951,30,1,357782,357782.0,0.0,0.0,999.0
3952,26,2,1568687,784343.5,946989.0,13.761043812450371,42.0
3953,27,5,2250321,450064.2,150438.0,11.921312965393874,15.0
3954,20,2,640977,320488.5,0.0,0.0,62.0
3956,15,5,1015490,203098.0,0.0,0.0,22.0
3958,6,4,1404231,351057.75,134584.0,11.809951248675143,36.0
3959,52,1,120489,120489.0,215781.0,12.282023917761979,999.0
3960,33,4,1244298,311074.5,967972.0,13.782959473307725,25.333333333333332
3961,46,1,89039,89039.0,285592.0,12.562322999343275,999.0
3962,35,3,251651,83883.66666666667,397788.0,12.893676992933207,36.0
3963,17,2,618573,309286.5,647784.0,13.381314130156435,55.0
3964,57,4,1125140,281285.0,0.0,0.0,19.666666666666668
3965,29,2,745204,372602.0,0.0,0.0,87.0
3967,62,3,802294,267431.3333333333,268438.0,12.500378979037999,24.0
3968,56,2,227355,113677.5,898845.0,13.708866997333939,45.0
3969,6,1,468035,468035.0,0.0,0.0,999.0
3970,109,1,255756,255756.0,691752.0,13.446984234466656,999.0
3971,34,2,667909,333954.5,569532.0,13.25257200575688,43.0
3972,47,2,992408,496204.0,140544.0,11.853283001173251,41.0
3973,82,1,29893,29893.0,17811.0,9.787627666441592,999.0
3974,82,1,225045,225045.0,173874.0,12.066091929225744,999.0
3975,27,3,1387748,462582.6666666667,0.0,0.0,11.0
3976,117,1,106237,106237.0,0.0,0.0,999.0
3977,95,3,464008,154669.33333333334,0.0,0.0,8.0
3978,6,4,2628888,657222.0,0.0,0.0,34.0
3979,103,1,45776,45776.0,0.0,0.0,999.0
3980,33,2,98276,49138.0,49014.0,10.799881652695827,82.0
3981,15,4,1925613,481403.25,0.0,0.0,24.0
3982,77,2,1299212,649606.0,0.0,0.0,31.0
3983,15,1,66458,66458.0,0.0,0.0,999.0
3984,2,3,665842,221947.33333333334,1348060.0,14.114177821656057,48.0
3985,31,2,762404,381202.0,308589.0,12.639768813979163,65.0
3986,34,3,1266572,422190.6666666667,0.0,0.0,39.0
3988,118,1,234414,234414.0,336951.0,12.7276957659555,999.0
3989,77,2,418737,209368.5,378916.0,12.845072462719662,23.0
3990,15,3,653261,217753.66666666666,0.0,0.0,32.5
3991,76,3,678160,226053.33333333334,248721.0,12.4240910858711,18.5
3992,117,1,245508,245508.0,0.0,0.0,999.0
3993,33,2,510634,255317.0,596960.0,13.299607063607695,65.0
3994,28,3,1766158,588719.3333333334,0.0,0.0,26.0
3995,81,1,1183875,1183875.0,1328861.0,14.099833494832115,999.0
3996,28,6,3236731,539455.1666666666,380488.0,12.849212546536165,18.2
3997,27,3,1032881,344293.6666666667,0.0,0.0,32.0
3998,32,4,849168,212292.0,0.0,0.0,22.333333333333332
3999,25,4,1911365,477841.25,0.0,0.0,26.333333333333332
4000,14,4,1345338,336334.5,0.0,0.0,27.0
4001,74,2,373831,186915.5,1924293.0,14.470069705186848,17.0
4003,23,2,177509,88754.5,210321.0,12.256394968677682,75.0
4004,73,2,304394,152197.0,108928.0,11.59845157282688,29.0
4006,45,4,1308995,327248.75,167238.0,12.027179206021867,23.666666666666668
4007,75,1,109324,109324.0,58018.0,10.968525822090808,999.0
4008,50,3,964043,321347.6666666667,0.0,0.0,26.0
4010,117,1,524975,524975.0,269452.0,12.504149257090718,999.0
4011,59,2,109983,54991.5,0.0,0.0,10.0
4012,15,3,1149262,383087.3333333333,166133.0,12.02054997062031,41.0
4013,14,4,1347620,336905.0,0.0,0.0,29.333333333333332
4014,34,2,83190,41595.0,1291283.0,14.07114763014387,43.0
4015,47,3,1099597,366532.3333333333,273885.0,12.520467240399737,31.5
4016,80,2,859714,429857.0,536469.0,13.192765921502469,3.0
4017,42,2,763735,381867.5,1436560.0,14.177762620822906,43.0
4018,23,6,1464881,244146.83333333334,40675.0,10.613393516911028,15.8
4019,106,1,157668,157668.0,346202.0,12.754780587197965,999.0
4020,32,4,624233,156058.25,38099.0,10.547969561114792,23.333333333333332
4021,11,2,857954,428977.0,340888.0,12.739312190078252,80.0
4022,7,2,96146,48073.0,181834.0,12.110854961447988,97.0
4023,0,1,834196,834196.0,762770.0,13.544713134156654,999.0
4025,17,5,1896601,379320.2,0.0,0.0,24.0
4026,45,2,861372,430686.0,0.0,0.0,55.0
4027,9,4,1657207,414301.75,224829.0,12.323099840055049,34.333333333333336
4028,13,2,671580,335790.0,945447.0,13.759414168212343,15.0
4029,24,3,568710,189570.0,730092.0,13.500927202270507,30.5
4030,81,3,426746,142248.66666666666,462365.0,13.04411206422512,14.0
4031,52,1,242115,242115.0,0.0,0.0,999.0
4032,53,2,324337,162168.5,435964.0,12.985317243879585,63.0
4033,4,1,92492,92492.0,354251.0,12.777763803267407,999.0
4034,8,1,217308,217308.0,321567.0,12.680964308848685,999.0
4035,9,4,915577,228894.25,0.0,0.0,20.0
4036,32,1,148549,148549.0,972785.0,13.787919398643114,999.0
4037,74,4,1648245,412061.25,233929.0,12.362777204287813,15.0
4038,64,2,231590,115795.0,0.0,0.0,23.0
4039,4,2,1322730,661365.0,93053.0,11.440935248787508,79.0
4040,5,3,526803,175601.0,0.0,0.0,49.0
4041,5,3,1374298,458099.3333333333,402216.0,12.904747022956034,49.0
4042,2,4,506587,126646.75,390915.0,12.876247982127834,21.333333333333332
4043,11,4,1130919,282729.75,394168.0,12.884535030324328,32.0
4044,10,5,795849,159169.8,1017941.0,13.833293500009773,15.5
4045,104,1,389416,389416.0,783748.0,13.571844095011388,999.0
4046,10,2,320795,160397.5,31696.0,10.363977318163013,40.0
4047,3,6,1429503,238250.5,0.0,0.0,9.0
4048,112,3,630374,210124.66666666666,132597.0,11.79507727366389,3.0
4050,13,3,1947424,649141.3333333334,0.0,0.0,45.5
4051,47,2,1150707,575353.5,0.0,0.0,71.0
4052,40,2,360165,180082.5,0.0,0.0,46.0
4053,63,2,59566,29783.0,45795.0,10.731952030043702,40.0
4054,14,1,969065,969065.0,163515.0,12.004666123858751,999.0
4055,10,4,2147124,536781.0,269578.0,12.504616761811384,29.333333333333332
4056,20,2,397056,198528.0,149896.0,11.91770367054819,72.0
4057,27,3,568670,189556.66666666666,854313.0,13.658054086691259,42.0
4058,38,3,1197082,399027.3333333333,0.0,0.0,26.5
4059,12,4,1502116,375529.0,102097.0,11.533688415322308,22.0
4060,13,3,249119,83039.66666666667,421180.0,12.95081794901273,52.5
4061,2,2,322145,161072.5,0.0,0.0,96.0
4062,107,1,163481,163481.0,117131.0,11.671056782962966,999.0
4063,7,1,116337,116337.0,0.0,0.0,999.0
4064,10,3,512293,170764.33333333334,898440.0,13.708416318052492,54.5
4065,21,2,819914,409957.0,0.0,0.0,3.0
4066,3,4,1431752,357938.0,322539.0,12.683982438534507,25.333333333333332
4067,45,2,103919,51959.5,261432.0,12.473933315509523,61.0
4069,8,4,906124,226531.0,444696.0,13.005148430355053,30.333333333333332
4070,79,1,322274,322274.0,1853413.0,14.43253990179132,999.0
4071,87,2,583673,291836.5,0.0,0.0,19.0
4073,32,3,848420,282806.6666666667,781543.0,13.569026729242136,17.5
4074,7,1,181427,181427.0,319795.0,12.675438571486382,999.0
4075,16,1,965615,965615.0,856252.0,13.66032117220207,999.0
4076,68,1,237897,237897.0,338048.0,12.730946134372163,999.0
4077,34,2,271815,135907.5,631830.0,13.356377232306594,17.0
4078,63,1,305121,305121.0,0.0,0.0,999.0
4079,81,1,570654,570654.0,104343.0,11.555448412050119,999.0
4080,6,3,249958,83319.33333333333,203349.0,12.22268391133537,25.5
4081,43,1,254094,254094.0,0.0,0.0,999.0
4082,5,2,206231,103115.5,75332.0,11.229673564797762,27.0
4083,50,2,1053569,526784.5,52664.0,10.871706377270643,18.0
4086,24,2,941718,470859.0,362628.0,12.801135552041943,6.0
4088,89,2,217985,108992.5,0.0,0.0,28.0
4089,12,4,833312,208328.0,735687.0,13.508561394791,18.0
4090,67,4,1302914,325728.5,0.0,0.0,14.333333333333334
4091,65,3,1067219,355739.6666666667,22036.0,10.000478137849756,22.5
4092,73,2,617421,308710.5,280047.0,12.542716296030617,30.0
4094,100,2,428684,214342.0,0.0,0.0,7.0
4095,3,4,714635,178658.75,159453.0,11.97951075835748,34.0
4097,118,1,40292,40292.0,163312.0,12.003423883873284,999.0
4099,5,1,7489,7489.0,411011.0,12.926377690132437,999.0
4100,16,5,1132104,226420.8,875071.0,13.682061447668753,25.75
4101,86,1,664671,664671.0,675576.0,13.423322419523371,999.0
4102,63,3,1236239,412079.6666666667,1212840.0,14.008476099367433,25.0
4103,8,3,640174,213391.33333333334,72157.0,11.186613438166152,15.5
4104,20,3,1014639,338213.0,99750.0,11.510432359764517,38.0
4105,66,1,32597,32597.0,620016.0,13.337502176000209,999.0
4106,37,3,633565,211188.33333333334,0.0,0.0,21.5
4107,6,4,1407795,351948.75,0.0,0.0,28.0
4108,114,1,204764,204764.0,830956.0,13.630333327613092,999.0
4109,2,1,834212,834212.0,82004.0,11.31453549999721,999.0
4110,20,4,1342925,335731.25,0.0,0.0,30.333333333333332
4111,102,3,251867,83955.66666666667,620684.0,13.338578985845839,8.5
4112,6,3,992753,330917.6666666667,1014949.0,13.830349908160914,35.0
4113,16,3,578677,192892.33333333334,980176.0,13.795488446583224,23.5
4114,61,3,186332,62110.666666666664,0.0,0.0,8.0
4115,3,3,991110,330370.0,80567.0,11.29685682732798,36.5
4116,40,4,1606466,401616.5,67748.0,11.123564978485414,24.666666666666668
4117,79,2,130370,65185.0,0.0,0.0,1.0
4118,37,2,611622,305811.0,0.0,0.0,48.0
4119,38,1,193015,193015.0,101774.0,11.53051977337118,999.0
4120,119,1,393754,393754.0,0.0,0.0,999.0
4121,10,3,648615,216205.0,0.0,0.0,5.5
4122,49,2,996801,498400.5,0.0,0.0,44.0
4123,18,5,1361672,272334.4,906530.0,13.717380506055092,23.25
4124,87,2,1006850,503425.0,40832.0,10.617245857000183,8.0
4125,59,2,176964,88482.0,0.0,0.0,5.0
4126,15,2,78128,39064.0,976068.0,13.791288559617646,87.0
4127,14,2,561372,280686.0,599488.0,13.303832904657515,89.0
4128,53,2,1295407,647703.5,199870.0,12.205427437428185,18.0
4129,26,3,1501891,500630.3333333333,0.0,0.0,27.0
4130,41,1,246364,246364.0,512862.0,13.147764031956747,999.0
4131,65,1,111541,111541.0,11387.0,9.340315448397929,999.0
4132,0,5,2507212,501442.4,381188.0,12.851050594102393,28.5
4133,19,2,1042562,521281.0,156354.0,11.959884341907753,16.0
4134,18,3,503137,167712.33333333334,0.0,0.0,34.0
4135,41,4,1550782,387695.5,102461.0,11.537247277115293,13.0
4137,15,5,1395942,279188.4,0.0,0.0,21.75
4138,32,2,1130346,565173.0,230547.0,12.348214362689395,33.0
4140,44,1,189768,189768.0,136242.0,11.822195335058902,999.0
4141,28,5,1020538,204107.6,88879.0,11.395042424313512,20.75
4142,49,1,612625,612625.0,0.0,0.0,999.0
4143,73,2,530841,265420.5,26119.0,10.170456583390367,38.0
4145,52,1,136865,136865.0,538268.0,13.196113714185573,999.0
4146,4,3,441061,147020.33333333334,1067042.0,13.880401829378151,28.0
4147,11,2,628614,314307.0,0.0,0.0,53.0
4148,49,4,913117,228279.25,255630.0,12.451490277386384,9.0
4149,10,2,442037,221018.5,125661.0,11.741351041793992,81.0
4151,3,3,684677,228225.66666666666,45547.0,10.726521993930495,50.0
4152,31,2,116040,58020.0,0.0,0.0,0.0
4153,65,3,416029,138676.33333333334,645785.0,13.378223458533082,23.5
4154,7,5,843981,168796.2,366808.0,12.8125965555956,20.5
4155,27,4,2187224,546806.0,176224.0,12.079516866642077,28.333333333333332
4157,13,3,1142499,380833.0,41848.0,10.64182318076953,46.0
4158,28,5,1398314,279662.8,142771.0,11.86900423123036,21.75
4159,40,3,334502,111500.66666666667,477804.0,13.076957978448645,34.5
4160,7,1,106524,106524.0,196362.0,12.187720266115985,999.0
4161,0,4,838308,209577.0,0.0,0.0,36.333333333333336
4162,45,1,38695,38695.0,0.0,0.0,999.0
4163,55,2,919770,459885.0,819548.0,13.616509467934955,38.0
4164,69,1,44244,44244.0,244710.0,12.407833201424085,999.0
4166,7,4,202839,50709.75,0.0,0.0,36.0
4167,80,3,800988,266996.0,520018.0,13.161620628351635,2.0
4168,19,3,1780283,593427.6666666666,285085.0,12.560546168118055,43.0
4169,9,3,677085,225695.0,0.0,0.0,16.5
4170,49,5,941772,188354.4,0.0,0.0,17.5
4171,34,4,1135027,283756.75,123059.0,11.720427320294482,19.333333333333332
4172,12,4,2302110,575527.5,0.0,0.0,20.666666666666668
4173,58,1,452688,452688.0,784790.0,13.573172719277625,999.0
4174,2,2,656926,328463.0,0.0,0.0,74.0
4175,87,2,176989,88494.5,686235.0,13.438976870869181,16.0
4176,19,1,73729,73729.0,26427.0,10.182179333149776,999.0
4177,11,3,758870,252956.66666666666,0.0,0.0,5.0
4178,13,3,557689,185896.33333333334,0.0,0.0,43.5
4179,66,3,709760,236586.66666666666,0.0,0.0,22.5
4180,21,2,967224,483612.0,0.0,0.0,48.0
4181,2,4,1498637,374659.25,103316.0,11.545557210783578,38.666666666666664
4182,1,2,202572,101286.0,0.0,0.0,118.0
4183,9,4,723403,180850.75,95818.0,11.470216274148049,35.333333333333336
4184,52,2,300475,150237.5,451941.0,13.021309131996764,55.0
4185,12,2,1508109,754054.5,167726.0,12.030092936640813,52.0
4186,38,1,585564,585564.0,0.0,0.0,999.0
4188,12,2,1159552,579776.0,0.0,0.0,105.0
4189,53,4,715622,178905.5,271837.0,12.512961579609712,20.666666666666668
4190,33,2,332733,166366.5,488651.0,13.099405858667641,67.0
4191,6,2,162260,81130.0,298312.0,12.605898549841546,105.0
4192,61,1,289552,289552.0,1022359.0,13.837624238209385,999.0
4193,107,1,184195,184195.0,0.0,0.0,999.0
4194,97,1,648063,648063.0,1307378.0,14.083534927617812,999.0
4195,19,3,631263,210421.0,18490.0,9.825039406206987,42.5
4196,11,3,969454,323151.3333333333,800972.0,13.593582517617206,44.5
4197,1,5,2501331,500266.2,1118400.0,13.92741054459576,23.25
4198,28,1,60836,60836.0,0.0,0.0,999.0
4199,19,4,925949,231487.25,349884.0,12.765359808045606,14.0
4200,25,2,225599,112799.5,293866.0,12.590882563013304,85.0
4201,23,2,822557,411278.5,0.0,0.0,60.0
4202,21,1,111041,111041.0,817799.0,13.614373086912678,999.0
4204,17,3,894267,298089.0,1032964.0,13.847943865630384,19.5
4205,25,2,1042726,521363.0,305582.0,12.629976706454942,22.0
4206,58,4,1765816,441454.0,945500.0,13.75947022472155,20.333333333333332
4207,34,2,500597,250298.5,0.0,0.0,62.0
4208,65,2,773148,386574.0,604695.0,13.312481131389086,40.0
4211,27,2,1494697,747348.5,1335770.0,14.105019211201208,25.0
4212,8,4,449908,112477.0,569876.0,13.25317582705115,14.666666666666666
4213,19,3,348221,116073.66666666667,540134.0,13.199574387295664,9.0
4214,33,2,489871,244935.5,688778.0,13.442675743826017,17.0
4215,20,4,818301,204575.25,150324.0,11.92055489590777,29.333333333333332
4216,85,1,78468,78468.0,0.0,0.0,999.0
4217,56,2,797675,398837.5,0.0,0.0,50.0
4218,9,3,779933,259977.66666666666,0.0,0.0,45.5
4219,72,1,265345,265345.0,0.0,0.0,999.0
4220,119,1,178792,178792.0,0.0,0.0,999.0
4221,33,2,807654,403827.0,797825.0,13.589645807543873,28.0
4222,17,4,1662765,415691.25,758404.0,13.538972822728221,10.666666666666666
4223,47,6,1819432,303238.6666666667,0.0,0.0,10.6
4224,67,2,132717,66358.5,405957.0,12.914004984956865,1.0
4225,0,5,1017652,203530.4,766844.0,13.550039973877713,26.0
4227,50,2,890362,445181.0,0.0,0.0,50.0
4228,9,4,1302600,325650.0,798304.0,13.590246008923808,20.0
4229,22,2,888359,444179.5,0.0,0.0,29.0
4230,47,3,451279,150426.33333333334,154836.0,11.950128229665347,35.0
4231,81,1,704056,704056.0,188838.0,12.148650079157958,999.0
4232,15,2,468852,234426.0,122157.0,11.713070567787307,13.0
4234,75,3,706136,235378.66666666666,0.0,0.0,14.5
4236,9,1,430234,430234.0,118068.0,11.679024478313329,999.0
4238,39,3,956126,318708.6666666667,612195.0,13.324807771659625,24.0
4239,2,3,1032378,344126.0,931576.0,13.744634127979952,55.0
4240,33,2,692916,346458.0,0.0,0.0,17.0
4241,55,2,706544,353272.0,0.0,0.0,20.0
4242,31,1,260566,260566.0,212077.0,12.264709410514818,999.0
4245,9,3,700100,233366.66666666666,49974.0,10.8192781593686,29.0
4246,10,4,603733,150933.25,0.0,0.0,13.333333333333334
4247,55,3,877496,292498.6666666667,106647.0,11.577288970793512,27.5
4248,3,2,709612,354806.0,1065891.0,13.87932256525456,56.0
4249,32,2,985120,492560.0,934252.0,13.7475025584745,25.0
4250,56,3,1327564,442521.3333333333,901974.0,13.712342082474407,20.0
4251,87,1,244297,244297.0,1001925.0,13.817434705604322,999.0
4252,12,1,70891,70891.0,558869.0,13.233672166951864,999.0
4253,17,3,634585,211528.33333333334,0.0,0.0,30.0
4254,47,1,529665,529665.0,81436.0,11.307584994170686,999.0
4255,50,2,125213,62606.5,0.0,0.0,59.0
4256,39,1,92940,92940.0,0.0,0.0,999.0
4257,34,3,620546,206848.66666666666,0.0,0.0,31.5
4258,17,2,1459909,729954.5,182221.0,12.112981002951223,60.0
4259,52,2,566284,283142.0,345639.0,12.753153049955335,27.0
4260,44,4,1207667,301916.75,917348.0,13.729243267709798,22.666666666666668
4261,17,6,2429432,404905.3333333333,0.0,0.0,15.4
4262,48,2,977420,488710.0,137084.0,11.828356450374411,56.0
4263,41,2,254756,127378.0,153392.0,11.940758534540338,27.0
4264,95,1,121196,121196.0,0.0,0.0,999.0
4265,53,2,200684,100342.0,19139.0,9.859535665006945,47.0
4266,53,1,29719,29719.0,2400340.0,14.691121368558626,999.0
4267,2,5,1643804,328760.8,0.0,0.0,18.75
4268,69,2,891533,445766.5,94451.0,11.455847047930451,50.0
4270,79,2,453581,226790.5,29053.0,10.276911446432829,20.0
4271,38,1,868644,868644.0,1231405.0,14.023667163950218,999.0
4272,85,1,716804,716804.0,0.0,0.0,999.0
4273,22,2,83813,41906.5,181705.0,12.110145275303017,79.0
4275,18,1,311766,311766.0,0.0,0.0,999.0
4276,74,2,69618,34809.0,0.0,0.0,34.0
4277,10,3,1873310,624436.6666666666,65631.0,11.091818660872107,42.5
4278,36,3,527904,175968.0,157054.0,11.964351341454593,25.0
4279,65,5,913901,182780.2,19119.0,9.858490186605392,9.25
4280,60,1,138108,138108.0,0.0,0.0,999.0
4281,94,2,1170807,585403.5,0.0,0.0,0.0
4282,15,2,1636613,818306.5,238824.0,12.38348634513821,54.0
4283,56,3,740622,246874.0,753590.0,13.532605059497817,28.0
4284,109,1,272103,272103.0,263871.0,12.483219416066571,999.0
4285,19,1,525588,525588.0,683207.0,13.434554630989814,999.0
4286,88,1,14583,14583.0,111394.0,11.620837722164623,999.0
4287,19,2,747440,373720.0,647635.0,13.381084089110848,14.0
4288,40,4,440707,110176.75,165874.0,12.018989771634509,18.333333333333332
4289,34,4,1815319,453829.75,452345.0,13.0222026527045,18.0
4290,7,1,32061,32061.0,459862.0,13.038683898019324,999.0
4291,105,1,93110,93110.0,122349.0,11.714641068870817,999.0
4292,18,1,62284,62284.0,888552.0,13.697349575895142,999.0
4293,0,7,4641973,663139.0,708013.0,13.470219146491653,19.0
4295,79,4,914379,228594.75,145434.0,11.88748453038251,12.0
4296,117,1,293396,293396.0,511992.0,13.146066232053183,999.0
4297,68,1,228368,228368.0,76797.0,11.248933877130007,999.0
4299,38,2,415403,207701.5,140042.0,11.849704797289872,22.0
4300,34,4,1229870,307467.5,0.0,0.0,26.0
4301,39,3,697259,232419.66666666666,466122.0,13.052204826777361,37.5
4302,16,3,906486,302162.0,0.0,0.0,47.0
4303,83,1,37625,37625.0,0.0,0.0,999.0
4304,71,1,418515,418515.0,0.0,0.0,999.0
4305,23,2,973823,486911.5,0.0,0.0,46.0
4307,10,3,600932,200310.66666666666,0.0,0.0,42.5
4308,3,2,319478,159739.0,427208.0,12.965028633821937,14.0
4309,2,3,1276482,425494.0,412254.0,12.92939736891106,48.5
4310,10,2,171033,85516.5,0.0,0.0,56.0
4311,18,2,784872,392436.0,0.0,0.0,26.0
4312,5,5,1047730,209546.0,147565.0,11.90203081230982,27.75
4313,35,4,1585290,396322.5,0.0,0.0,23.333333333333332
4314,102,1,333412,333412.0,557963.0,13.23204972315316,999.0
4315,18,3,464947,154982.33333333334,0.0,0.0,48.0
4316,118,1,314234,314234.0,788225.0,13.577540129750632,999.0
4317,30,3,344298,114766.0,205732.0,12.23433449058137,15.5
4318,72,2,723658,361829.0,0.0,0.0,34.0
4319,62,1,426605,426605.0,76627.0,11.24671782418499,999.0
4321,21,2,1459003,729501.5,371916.0,12.826425990081127,6.0
4322,59,3,642044,214014.66666666666,0.0,0.0,25.0
4323,59,3,2685461,895153.6666666666,116572.0,11.666272965192228,9.5
4324,0,4,667735,166933.75,315629.0,12.662325920470444,12.0
4325,55,2,107319,53659.5,349352.0,12.763838151320282,32.0
4326,106,1,37615,37615.0,59901.0,11.000465172527777,999.0
4327,0,3,1214242,404747.3333333333,0.0,0.0,40.5
4328,38,2,1277673,638836.5,0.0,0.0,69.0
4330,27,4,497129,124282.25,337878.0,12.730443122206415,23.666666666666668
4331,30,3,1275656,425218.6666666667,984112.0,13.799496006839455,16.5
4332,44,3,412670,137556.66666666666,653041.0,13.389396724720083,31.5
4335,2,4,1161049,290262.25,0.0,0.0,19.0
4336,6,4,1137391,284347.75,64904.0,11.080679941327094,26.333333333333332
4338,2,3,873876,291292.0,188893.0,12.148941290147672,58.0
4339,7,4,1729161,432290.25,677815.0,13.426631143659893,12.0
4340,45,1,20111,20111.0,766045.0,13.548997499138988,999.0
4341,69,1,118911,118911.0,670445.0,13.415698441547848,999.0
4342,6,7,2403761,343394.4285714286,982917.0,13.798280977541987,16.0
4343,116,1,755388,755388.0,199841.0,12.20528233331573,999.0
4344,93,2,88489,44244.5,0.0,0.0,22.0
4345,2,6,2334688,389114.6666666667,413289.0,12.931904804707472,18.4
4346,76,3,792956,264318.6666666667,209000.0,12.250094315624496,4.0
4347,42,1,136179,136179.0,232891.0,12.358330105776249,999.0
4348,23,5,1832311,366462.2,0.0,0.0,17.5
4349,37,3,352558,117519.33333333333,0.0,0.0,40.5
4350,57,2,1693724,846862.0,355972.0,12.782610164261335,11.0
4352,58,1,745155,745155.0,773748.0,13.559002810573,999.0
4353,15,3,276498,92166.0,0.0,0.0,49.0
4355,79,2,942928,471464.0,188341.0,12.146014738100801,21.0
4356,53,1,131245,131245.0,940956.0,13.754652721455408,999.0
4357,57,3,1437993,479331.0,0.0,0.0,26.5
4359,21,1,238249,238249.0,1522038.0,14.235561441254188,999.0
4360,47,2,325571,162785.5,2044033.0,14.53043586421827,17.0
4362,77,2,152887,76443.5,791675.0,13.581907496186957,18.0
4363,1,2,163867,81933.5,0.0,0.0,24.0
4365,28,1,434841,434841.0,469008.0,13.058377237009754,999.0
4369,104,1,46429,46429.0,339103.0,12.734062123974562,999.0
4370,38,2,108592,54296.0,1017657.0,13.833014466799082,12.0
4371,16,4,976072,244018.0,776889.0,13.563054049186215,27.333333333333332
4372,40,1,145599,145599.0,0.0,0.0,999.0
4373,39,2,1106996,553498.0,538640.0,13.19680457974499,5.0
4374,65,1,71785,71785.0,0.0,0.0,999.0
4375,24,6,1157223,192870.5,574188.0,13.26071388939748,16.8
4376,29,2,126251,63125.5,164726.0,12.012044837156182,75.0
4377,15,4,1179754,294938.5,0.0,0.0,31.666666666666668
4378,59,1,519952,519952.0,392360.0,12.879937613354787,999.0
4379,37,7,1974226,282032.28571428574,1014555.0,13.829961636330282,12.5
4380,69,1,51363,51363.0,132328.0,11.79304652487313,999.0
4381,45,1,163878,163878.0,340466.0,12.738073483575457,999.0
4382,25,1,649435,649435.0,448294.0,13.01320677683574,999.0
4383,87,1,911708,911708.0,1019188.0,13.834517770963144,999.0
4384,19,2,200723,100361.5,0.0,0.0,58.0
4385,67,1,1071355,1071355.0,438915.0,12.992063329785163,999.0
4386,64,2,844947,422473.5,0.0,0.0,15.0
4387,1,5,739632,147926.4,1913096.0,14.464233952834757,15.5
4388,17,1,15363,15363.0,559035.0,13.233969150779163,999.0
4389,46,2,1117630,558815.0,768054.0,13.551616624148942,37.0
4390,3,1,1186115,1186115.0,606815.0,13.315980893940136,999.0
4392,30,4,1919626,479906.5,0.0,0.0,25.333333333333332
4393,41,2,761840,380920.0,189186.0,12.150491222879841,30.0
4394,7,5,797596,159519.2,637431.0,13.365202883658759,19.5
4395,53,2,869142,434571.0,0.0,0.0,2.0
4396,0,2,1259083,629541.5,742911.0,13.518332877923696,117.0
4397,32,2,396993,198496.5,0.0,0.0,36.0
4398,38,3,789448,263149.3333333333,0.0,0.0,36.0
4399,1,2,83267,41633.5,316622.0,12.665467070663418,57.0
4400,4,4,1973340,493335.0,292864.0,12.587467030967671,27.666666666666668
4401,4,4,1211305,302826.25,0.0,0.0,20.666666666666668
4402,50,2,206836,103418.0,0.0,0.0,7.0
4403,38,2,662114,331057.0,0.0,0.0,68.0
4404,71,1,44964,44964.0,409894.0,12.923656308320934,999.0
4405,6,4,453038,113259.5,135339.0,11.815545409786216,35.333333333333336
4406,76,1,74409,74409.0,0.0,0.0,999.0
4407,22,3,282387,94129.0,0.0,0.0,46.5
4408,26,3,1503894,501298.0,0.0,0.0,20.0
4409,98,2,1334043,667021.5,291807.0,12.583851330733392,4.0
4411,33,2,89145,44572.5,0.0,0.0,50.0
4412,23,2,527240,263620.0,51098.0,10.841520206528687,9.0
4413,22,2,448446,224223.0,420308.0,12.948745434040179,40.0
4414,24,4,1120683,280170.75,1117215.0,13.926350434468688,25.666666666666668
4416,8,5,2403479,480695.8,15751.0,9.664722620318962,23.0
4417,40,5,1982278,396455.6,308168.0,12.6384036127729,19.0
4418,0,2,747562,373781.0,21630.0,9.981882749963502,9.0
4419,32,2,1359443,679721.5,279936.0,12.542319856835089,9.0
4422,26,5,474638,94927.6,739928.0,13.5143095146313,12.75
4423,37,2,261565,130782.5,473545.0,13.068004335780858,24.0
4424,47,4,1045645,261411.25,556389.0,13.22922476618839,22.0
4425,52,2,237716,118858.0,0.0,0.0,33.0
4427,5,2,786627,393313.5,13163.0,9.48524111006323,64.0
4428,5,4,1458260,364565.0,474764.0,13.070575223752021,26.666666666666668
4429,65,2,580627,290313.5,534156.0,13.188445082221236,23.0
4431,48,2,431676,215838.0,532551.0,13.185435824380173,40.0
4432,18,1,500451,500451.0,104502.0,11.556971058108903,999.0
4434,28,2,525660,262830.0,172463.0,12.057943798021409,76.0
4435,78,1,442752,442752.0,77754.0,11.261318136655438,999.0
4436,106,1,178786,178786.0,0.0,0.0,999.0
4437,16,3,261426,87142.0,194138.0,12.176329676330937,50.5
4438,30,2,615893,307946.5,430305.0,12.972251862489646,8.0
4439,22,2,310928,155464.0,722457.0,13.490414565791134,28.0
4440,54,2,674097,337048.5,19386.0,9.872358017339208,18.0
4441,28,2,321472,160736.0,557535.0,13.231282354222632,68.0
4442,28,3,738202,246067.33333333334,116976.0,11.669732613258695,44.5
4443,32,4,2083224,520806.0,18576.0,9.829679535391405,29.0
4444,5,4,1725845,431461.25,1476027.0,14.204865254152326,28.333333333333332
4446,56,3,360458,120152.66666666667,313416.0,12.655289851210837,13.0
4447,23,4,539143,134785.75,370948.0,12.823819865832936,30.666666666666668
4448,31,2,103664,51832.0,90945.0,11.418021202770205,8.0
4449,28,2,1055388,527694.0,69656.0,11.151338476670475,47.0
4450,32,6,1113386,185564.33333333334,208387.0,12.24715700562957,17.0
4451,93,2,874747,437373.5,1468750.0,14.199922937725438,9.0
4453,2,7,3400912,485844.5714285714,2431517.0,14.704026311636332,18.833333333333332
4455,20,1,274388,274388.0,266925.0,12.494726745410189,999.0
4456,33,1,643671,643671.0,731469.0,13.502811486981358,999.0
4457,14,4,1339592,334898.0,259698.0,12.467278547046584,25.0
4458,1,5,2259767,451953.4,18211.0,9.809835996454673,28.5
4460,42,3,767646,255882.0,112305.0,11.628982567616301,10.0
4461,4,6,798102,133017.0,266708.0,12.493913455382506,22.6
4462,58,1,116350,116350.0,0.0,0.0,999.0
4463,86,1,456775,456775.0,896672.0,13.706446526081994,999.0
4464,75,1,153896,153896.0,0.0,0.0,999.0
4465,55,1,50192,50192.0,364656.0,12.806712464717913,999.0
4466,10,1,65530,65530.0,50858.0,10.836812376966062,999.0
4468,5,3,1649759,549919.6666666666,461193.0,13.041574057752086,17.5
4469,51,1,139872,139872.0,0.0,0.0,999.0
4470,40,3,538104,179368.0,0.0,0.0,27.5
4471,36,1,52296,52296.0,610195.0,13.321535496015427,999.0
4472,72,2,849600,424800.0,0.0,0.0,12.0
4473,115,1,367182,367182.0,123318.0,11.722529772982453,999.0
4474,35,2,304922,152461.0,24479.0,10.105611736626262,34.0
4475,32,1,211244,211244.0,239278.0,12.385385514090817,999.0
4476,65,1,627792,627792.0,922970.0,13.735353093706452,999.0
4477,60,4,1129358,282339.5,439388.0,12.993140404481828,16.0
4478,8,2,892369,446184.5,457227.0,13.032937451372264,16.0
4479,109,3,976210,325403.3333333333,264830.0,12.486847165679297,3.5
4481,46,5,1618639,323727.8,0.0,0.0,12.0
4482,19,2,147631,73815.5,264873.0,12.487009520197734,59.0
4483,117,1,69592,69592.0,0.0,0.0,999.0
4484,3,4,1658414,414603.5,0.0,0.0,17.0
4485,21,4,399935,99983.75,0.0,0.0,28.0
4486,20,3,1757249,585749.6666666666,0.0,0.0,7.0
4487,45,2,538583,269291.5,0.0,0.0,55.0
4488,21,2,1037642,518821.0,56251.0,10.937596874990138,68.0
4489,41,1,21547,21547.0,849052.0,13.65187688972902,999.0
4492,41,1,542836,542836.0,1036286.0,13.85115469046369,999.0
4494,1,1,114342,114342.0,71261.0,11.174118505002296,999.0
4495,82,2,69987,34993.5,15664.0,9.659184203386292,11.0
4496,4,2,889020,444510.0,310828.0,12.646998200716054,14.0
4497,27,1,178296,178296.0,10589.0,9.267665438595452,999.0
4498,111,1,394175,394175.0,0.0,0.0,999.0
4499,9,5,1549727,309945.4,0.0,0.0,23.0
4500,32,3,819468,273156.0,0.0,0.0,31.0
4501,20,3,616170,205390.0,0.0,0.0,13.5
4502,11,1,588375,588375.0,263250.0,12.480863228659473,999.0
4503,100,1,134146,134146.0,680693.0,13.430868144941488,999.0
4504,16,5,1135866,227173.2,122676.0,11.717310164065477,21.0
4505,94,1,170686,170686.0,869231.0,13.675365342149233,999.0
4506,18,1,88636,88636.0,613317.0,13.326638840604554,999.0
4508,6,3,922814,307604.6666666667,1609684.0,14.291549065644348,29.0
4509,22,4,989338,247334.5,1323474.0,14.095771411162236,27.333333333333332
4510,71,1,192254,192254.0,89232.0,11.399006205308515,999.0
4511,20,2,1786597,893298.5,0.0,0.0,55.0
4512,36,2,766526,383263.0,210606.0,12.257749116496202,57.0
4513,26,3,1053946,351315.3333333333,0.0,0.0,33.5
4515,31,2,170127,85063.5,0.0,0.0,33.0
4516,63,3,1033160,344386.6666666667,705524.0,13.466697485508261,5.5
4517,73,2,134056,67028.0,233317.0,12.36015760891244,14.0
4519,5,5,1661544,332308.8,1298206.0,14.076494639648311,14.5
4520,14,2,901055,450527.5,4392.0,8.38776764397578,70.0
4521,55,2,429230,214615.0,500748.0,13.123860256521578,2.0
4522,28,1,246515,246515.0,433607.0,12.979896179121873,999.0
4523,49,2,205100,102550.0,0.0,0.0,3.0
4524,0,4,1923675,480918.75,450254.0,13.017569367918242,31.333333333333332
4525,18,3,884437,294812.3333333333,0.0,0.0,40.0
4526,12,2,792094,396047.0,261632.0,12.474698037398335,42.0
4527,2,3,1130418,376806.0,0.0,0.0,36.5
4529,99,2,749616,374808.0,12896.0,9.464750005164392,12.0
4530,3,4,492202,123050.5,0.0,0.0,37.0
4531,19,2,807907,403953.5,102401.0,11.536661522646812,69.0
4532,22,2,323713,161856.5,740515.0,13.515102519478845,25.0
4533,54,2,269804,134902.0,0.0,0.0,46.0
4534,18,5,795915,159183.0,864106.0,13.669451882710925,13.0
4535,13,2,398769,199384.5,425972.0,12.962131242961203,22.0
4536,10,1,106313,106313.0,912070.0,13.723473116903438,999.0
4537,107,1,12998,12998.0,0.0,0.0,999.0
4538,78,1,401556,401556.0,1149966.0,13.955243804275531,999.0
4539,8,4,1208557,302139.25,352775.0,12.773588573589933,30.333333333333332
4540,64,4,1515766,378941.5,0.0,0.0,18.0
4543,102,1,223632,223632.0,172221.0,12.056539621235796,999.0
4544,78,1,400988,400988.0,1839879.0,14.425210910067117,999.0
4545,20,4,892292,223073.0,0.0,0.0,31.666666666666668
4546,20,4,363398,90849.5,0.0,0.0,20.666666666666668
4547,17,2,247197,123598.5,1095354.0,13.90658906960422,77.0
4548,3,2,378996,189498.0,627144.0,13.348933052846695,57.0
4549,1,2,564779,282389.5,399012.0,12.896749276794871,12.0
4550,41,3,471963,157321.0,197602.0,12.194015246366892,22.0
4551,65,1,60384,60384.0,324944.0,12.691411216221502,999.0
4552,5,5,453633,90726.6,141835.0,11.862426739560817,22.0
4553,59,2,637731,318865.5,81298.0,11.305888995337254,55.0
4554,19,1,276765,276765.0,691943.0,13.447260306469722,999.0
4555,1,3,953501,317833.6666666667,1020904.0,13.836200046784452,52.0
4556,4,4,1011752,252938.0,0.0,0.0,22.666666666666668
4557,0,3,1081498,360499.3333333333,93331.0,11.44391830766695,48.5
4558,10,2,725929,362964.5,0.0,0.0,15.0
4559,2,3,907112,302370.6666666667,549048.0,13.215942969696453,32.0
4560,47,3,985938,328646.0,1446568.0,14.184705103608735,21.0
4561,29,1,71796,71796.0,99249.0,11.505397198549437,999.0
4562,58,3,560116,186705.33333333334,0.0,0.0,19.5
4563,23,1,68101,68101.0,0.0,0.0,999.0
4565,2,3,456530,152176.66666666666,0.0,0.0,47.0
4566,23,2,476509,238254.5,990851.0,13.806320458062313,32.0
4567,22,7,2763171,394738.71428571426,1371494.0,14.131411943709693,13.5
4569,60,2,229313,114656.5,164230.0,12.009029252334562,56.0
4570,28,5,1297290,259458.0,692817.0,13.448522617417098,19.25
4571,105,1,87660,87660.0,166808.0,12.024604724285698,999.0
4572,34,3,1036192,345397.3333333333,0.0,0.0,36.0
4573,0,3,711698,237232.66666666666,723025.0,13.491200461766786,33.0
4574,2,5,1049743,209948.6,706280.0,13.467768454284792,23.5
4575,6,4,801848,200462.0,0.0,0.0,23.666666666666668
4576,43,1,282392,282392.0,366007.0,12.81041047006812,999.0
4577,82,3,2412380,804126.6666666666,696428.0,13.453721128743197,15.0
4578,47,4,1417169,354292.25,1055288.0,13.869325221028621,18.333333333333332
4579,4,2,403176,201588.0,0.0,0.0,58.0
4580,26,2,83543,41771.5,1262287.0,14.048436505239298,9.0
4581,15,1,176929,176929.0,167905.0,12.031159577984011,999.0
4583,61,2,731700,365850.0,552498.0,13.222206902417655,28.0
4585,34,3,1579719,526573.0,632219.0,13.356992713821628,25.0
4586,27,1,51137,51137.0,440212.0,12.99501397966933,999.0
4587,86,2,174341,87170.5,556749.0,13.229871585119614,29.0
4588,33,2,431229,215614.5,60117.0,11.004064576513825,43.0
4589,37,4,2484706,621176.5,0.0,0.0,21.333333333333332
4590,34,2,626810,313405.0,298120.0,12.605254723343956,15.0
4591,12,2,541784,270892.0,783306.0,13.57127997986589,34.0
4592,28,3,965183,321727.6666666667,871080.0,13.67749024806641,8.0
4593,75,2,811040,405520.0,161172.0,11.990233601229486,27.0
4594,96,2,845810,422905.0,1296847.0,14.075447262907367,7.0
4596,74,2,335591,167795.5,0.0,0.0,37.0
4597,14,3,1641265,547088.3333333334,421536.0,12.951662834303367,40.5
4598,102,1,49575,49575.0,26727.0,10.193466984036592,999.0
4599,23,1,689715,689715.0,299838.0,12.611000942914574,999.0
4600,66,2,1091112,545556.0,0.0,0.0,7.0
4601,5,3,734267,244755.66666666666,76421.0,11.244025891817815,37.0
4602,38,3,882050,294016.6666666667,0.0,0.0,31.0
4603,5,3,1887582,629194.0,0.0,0.0,46.5
4605,44,2,983864,491932.0,0.0,0.0,32.0
4606,2,2,139981,69990.5,89044.0,11.396897138910106,54.0
4607,21,1,213183,213183.0,0.0,0.0,999.0
4608,19,1,479895,479895.0,245669.0,12.411744450932344,999.0
4609,40,3,1475254,491751.3333333333,190393.0,12.156850888237827,20.5
4610,54,2,366291,183145.5,0.0,0.0,41.0
4611,3,4,1458792,364698.0,0.0,0.0,19.0
4612,25,2,340836,170418.0,868535.0,13.674564314581438,32.0
4613,2,1,294507,294507.0,1207604.0,14.004149617250105,999.0
4614,23,2,545200,272600.0,335668.0,12.723880834349044,16.0
4615,13,2,973856,486928.0,39088.0,10.573596376469498,99.0
4616,15,2,573770,286885.0,0.0,0.0,10.0
4617,53,1,61409,61409.0,446058.0,13.008206509248565,999.0
4618,88,1,382791,382791.0,0.0,0.0,999.0
4619,113,1,177206,177206.0,260340.0,12.469747589143903,999.0
4620,90,4,1627312,406828.0,0.0,0.0,6.666666666666667
4621,19,3,631547,210515.66666666666,762544.0,13.544416802115748,34.5
4622,35,1,337088,337088.0,0.0,0.0,999.0
4623,57,1,125672,125672.0,37232.0,10.52495074379763,999.0
4624,15,3,1200750,400250.0,568269.0,13.25035193687194,21.5
4625,35,2,330528,165264.0,88537.0,11.391187117370512,9.0
4626,32,2,1077358,538679.0,0.0,0.0,72.0
4628,5,3,1323469,441156.3333333333,0.0,0.0,25.5
4629,29,2,1195573,597786.5,0.0,0.0,84.0
4630,21,3,912283,304094.3333333333,0.0,0.0,21.5
4631,94,1,433544,433544.0,435836.0,12.985023599219629,999.0
4632,26,1,144908,144908.0,0.0,0.0,999.0
4633,56,3,637777,212592.33333333334,261352.0,12.473627262934952,10.0
4635,15,3,1309765,436588.3333333333,35206.0,10.4690002054518,35.0
4636,17,3,210451,70150.33333333333,0.0,0.0,27.0
4638,5,4,1555113,388778.25,0.0,0.0,32.333333333333336
4639,30,3,2322932,774310.6666666666,1179031.0,13.980204320796643,41.0
4641,53,1,337606,337606.0,0.0,0.0,999.0
4644,52,1,935224,935224.0,505804.0,13.133906498499313,999.0
4645,38,2,681757,340878.5,0.0,0.0,70.0
4646,109,1,232001,232001.0,16064.0,9.68439827154996,999.0
4647,65,2,443150,221575.0,0.0,0.0,30.0
4648,30,3,300597,100199.0,0.0,0.0,39.0
4649,3,2,860846,430423.0,0.0,0.0,94.0
4650,79,2,498450,249225.0,519070.0,13.159795954332974,25.0
4651,65,3,1658350,552783.3333333334,0.0,0.0,8.5
4652,9,4,1176532,294133.0,60630.0,11.012561592414833,28.666666666666668
4653,20,1,52817,52817.0,652686.0,13.388852967158218,999.0
4656,19,1,42058,42058.0,0.0,0.0,999.0
4657,35,4,167632,41908.0,159632.0,11.980632709541807,26.0
4658,67,2,1164598,582299.0,19583.0,9.882468185312053,29.0
4659,73,1,174249,174249.0,0.0,0.0,999.0
4661,21,4,900732,225183.0,1375766.0,14.134521951741897,30.333333333333332
4662,6,3,1137041,379013.6666666667,0.0,0.0,20.5
4663,39,1,93290,93290.0,16030.0,9.682279626689674,999.0
4664,7,3,2104201,701400.3333333334,57690.0,10.962856461127396,29.0
4665,41,1,490584,490584.0,334395.0,12.720081198398654,999.0
4666,59,1,102906,102906.0,909825.0,13.721008651419092,999.0
4667,101,1,55354,55354.0,1278346.0,14.061078395062147,999.0
4668,10,3,1203232,401077.3333333333,298198.0,12.605516327853094,45.0
4669,50,4,1913382,478345.5,0.0,0.0,11.0
4670,21,2,206614,103307.0,838852.0,13.639790761516881,15.0
4671,11,4,1241626,310406.5,0.0,0.0,24.0
4673,0,2,358876,179438.0,0.0,0.0,76.0
4674,56,2,853956,426978.0,0.0,0.0,29.0
4675,21,2,472156,236078.0,0.0,0.0,46.0
4676,35,4,1625639,406409.75,0.0,0.0,14.666666666666666
4677,114,1,91126,91126.0,429884.0,12.971273010040328,999.0
4678,89,2,1096835,548417.5,138438.0,11.83818507437734,19.0
4679,13,4,1320861,330215.25,485359.0,13.09264616261618,32.666666666666664
4682,3,1,962605,962605.0,135423.0,11.816165876337863,999.0
4683,116,1,101133,101133.0,0.0,0.0,999.0
4684,52,4,2643569,660892.25,306732.0,12.633732941314527,18.333333333333332
4685,61,4,1473421,368355.25,307840.0,12.63733869489495,19.0
4686,20,2,120819,60409.5,0.0,0.0,63.0
4688,0,5,1474318,294863.6,709302.0,13.472038076703297,29.75
4689,8,3,547575,182525.0,0.0,0.0,27.5
4690,83,1,154842,154842.0,640803.0,13.370478916914058,999.0
4691,50,2,667392,333696.0,0.0,0.0,48.0
4692,25,1,110212,110212.0,67449.0,11.119141861635901,999.0
4693,29,2,599150,299575.0,0.0,0.0,58.0
4694,29,2,501856,250928.0,56783.0,10.947009874886279,83.0
4695,38,1,86642,86642.0,0.0,0.0,999.0
4696,15,3,368048,122682.66666666667,722596.0,13.49060694601255,29.0
4698,89,1,171886,171886.0,0.0,0.0,999.0
4699,0,1,55071,55071.0,0.0,0.0,999.0
4700,17,3,1124160,374720.0,1504184.0,14.223761781246537,26.5
4701,10,1,461628,461628.0,0.0,0.0,999.0
4702,6,5,1447059,289411.8,605456.0,13.313738823764037,26.75
4703,43,1,75241,75241.0,499822.0,13.122009314731537,999.0
4704,98,1,562251,562251.0,31383.0,10.354053487889388,999.0
4705,70,3,558476,186158.66666666666,490712.0,13.103614714492505,5.0
4706,78,2,471444,235722.0,1046692.0,13.861146228135507,41.0
4708,13,2,907883,453941.5,618207.0,13.33458024939228,29.0
4709,36,2,644028,322014.0,92134.0,11.43101017176896,17.0
4710,17,2,742421,371210.5,0.0,0.0,87.0
4711,67,2,78716,39358.0,335541.0,12.723502413847845,44.0
4712,35,1,669356,669356.0,0.0,0.0,999.0
4713,45,4,587356,146839.0,0.0,0.0,19.666666666666668
4714,17,5,2510080,502016.0,0.0,0.0,23.75
4715,58,2,259857,129928.5,0.0,0.0,25.0
4716,0,3,1234570,411523.3333333333,882115.0,13.690078845615403,20.5
4717,29,2,570477,285238.5,0.0,0.0,33.0
4718,21,2,203682,101841.0,0.0,0.0,54.0
4719,11,5,2374492,474898.4,68744.0,11.138159285611334,24.5
4721,48,2,75706,37853.0,259051.0,12.464784092730406,69.0
4722,10,1,345332,345332.0,214544.0,12.27627478555711,999.0
4723,5,3,1485189,495063.0,0.0,0.0,55.5
4724,11,4,1159557,289889.25,40808.0,10.61665792430154,24.333333333333332
4725,27,3,224776,74925.33333333333,0.0,0.0,42.5
4726,65,1,714297,714297.0,0.0,0.0,999.0
4727,9,2,185895,92947.5,906546.0,13.717398155599128,41.0
4728,1,3,1115912,371970.6666666667,25530.0,10.147648679072807,26.0
4729,65,2,489590,244795.0,0.0,0.0,16.0
4730,77,2,1017261,508630.5,430160.0,12.971914836197243,26.0
4731,36,3,561517,187172.33333333334,0.0,0.0,25.5
4732,99,2,803844,401922.0,1004721.0,13.820221444294374,14.0
4733,38,4,577743,144435.75,266714.0,12.493935951558157,19.0
4734,53,4,659041,164760.25,462272.0,13.043910904636753,13.666666666666666
4735,117,1,270776,270776.0,214994.0,12.278370051025426,999.0
4736,43,2,428267,214133.5,0.0,0.0,0.0
4738,12,1,253145,253145.0,727104.0,13.496826175247705,999.0
4740,0,3,1036324,345441.3333333333,0.0,0.0,47.5
4741,14,1,40882,40882.0,390915.0,12.876247982127834,999.0
4742,1,3,1134245,378081.6666666667,603600.0,13.310668662600767,9.0
4743,3,1,4609,4609.0,229794.0,12.344942886109603,999.0
4744,13,2,880017,440008.5,114548.0,11.648757958031227,43.0
4745,51,2,480668,240334.0,1559986.0,14.260188045857664,36.0
4746,42,1,460958,460958.0,0.0,0.0,999.0
4747,51,4,1270162,317540.5,650182.0,13.385009140708842,18.0
4748,6,3,2156305,718768.3333333334,46875.0,10.755261096378494,24.5
4749,38,4,949576,237394.0,216666.0,12.286116891664065,25.666666666666668
4750,5,1,174366,174366.0,851228.0,13.654436466538035,999.0
4751,13,3,750906,250302.0,407455.0,12.917688230373162,44.5
4752,12,4,1825474,456368.5,247655.0,12.41979596546366,33.666666666666664
4753,85,1,106288,106288.0,29227.0,10.282882432911109,999.0
4754,67,1,233648,233648.0,1222345.0,14.016282521025962,999.0
4755,0,2,91428,45714.0,86799.0,11.371361900648441,1.0
4756,87,1,190947,190947.0,0.0,0.0,999.0
4757,29,3,668254,222751.33333333334,0.0,0.0,43.0
4758,4,2,687594,343797.0,557592.0,13.231384584547643,44.0
4759,20,2,880858,440429.0,0.0,0.0,82.0
4760,35,2,470942,235471.0,369561.0,12.820073799611146,76.0
4761,73,2,210417,105208.5,0.0,0.0,19.0
4763,61,4,325624,81406.0,646952.0,13.380028927876866,11.0
4764,14,2,201450,100725.0,125073.0,11.736660841121566,96.0
4765,8,2,504412,252206.0,927905.0,13.740685713534397,98.0
4766,12,2,105570,52785.0,0.0,0.0,94.0
4768,25,5,668455,133691.0,0.0,0.0,22.0
4769,40,4,816806,204201.5,0.0,0.0,24.0
4770,21,5,1568653,313730.6,161873.0,11.99457353381068,23.25
4771,11,2,874218,437109.0,507933.0,13.138106796860278,60.0
4772,23,3,219817,73272.33333333333,0.0,0.0,22.5
4773,77,1,483702,483702.0,587503.0,13.283638333487911,999.0
4774,5,3,873315,291105.0,633725.0,13.359371963347964,49.0
4776,12,2,774019,387009.5,158075.0,11.970831209017827,58.0
4777,35,2,781290,390645.0,0.0,0.0,76.0
4778,19,3,1303816,434605.3333333333,0.0,0.0,35.5
4779,39,2,1338279,669139.5,943805.0,13.757675915533301,25.0
4781,3,2,176107,88053.5,451005.0,13.019235922165722,72.0
4782,75,2,299932,149966.0,0.0,0.0,39.0
4783,73,2,2016820,1008410.0,0.0,0.0,33.0
4784,58,3,696178,232059.33333333334,0.0,0.0,21.0
4785,5,4,223630,55907.5,0.0,0.0,27.666666666666668
4786,10,3,443351,147783.66666666666,0.0,0.0,54.5
4787,79,2,21760,10880.0,725851.0,13.495101416276011,10.0
4788,3,2,266968,133484.0,89706.0,11.404304082906213,87.0
4789,1,1,84607,84607.0,124994.0,11.736029015484418,999.0
4790,23,1,465678,465678.0,0.0,0.0,999.0
4791,84,1,77848,77848.0,781545.0,13.569029288275845,999.0
4792,32,3,326964,108988.0,373430.0,12.830488527532843,33.0
4794,64,2,996813,498406.5,0.0,0.0,19.0
4795,7,3,1510147,503382.3333333333,0.0,0.0,29.5
4796,77,1,82366,82366.0,0.0,0.0,999.0
4797,10,2,207448,103724.0,0.0,0.0,56.0
4798,14,2,721035,360517.5,0.0,0.0,63.0
4799,69,2,866970,433485.0,0.0,0.0,7.0
4800,23,3,1421437,473812.3333333333,258094.0,12.461083013182755,43.0
4801,20,3,1353523,451174.3333333333,0.0,0.0,21.5
4802,1,3,491836,163945.33333333334,585485.0,13.280197550547012,55.0
4803,18,1,88323,88323.0,0.0,0.0,999.0
4804,21,3,1408463,469487.6666666667,690181.0,13.444710609908691,11.0
4807,101,1,98888,98888.0,2445.0,7.802209316247118,999.0
4808,15,2,367522,183761.0,70070.0,11.157264292705586,8.0
4809,45,2,446255,223127.5,0.0,0.0,11.0
4810,42,3,1616820,538940.0,110504.0,11.612816047785024,38.5
4811,63,2,371467,185733.5,0.0,0.0,41.0
4812,66,1,1041585,1041585.0,774221.0,13.559613933151809,999.0
4813,26,2,187049,93524.5,679652.0,13.429337652790288,31.0
4814,15,5,2413302,482660.4,0.0,0.0,25.0
4815,33,3,1998908,666302.6666666666,336416.0,12.726106740881365,15.0
4816,62,3,459655,153218.33333333334,187593.0,12.142035332100365,21.5
4817,81,2,1381137,690568.5,0.0,0.0,32.0
4818,12,4,1224072,306018.0,0.0,0.0,29.0
4819,12,4,1017705,254426.25,72095.0,11.185753843231971,32.666666666666664
4820,3,3,421194,140398.0,0.0,0.0,39.0
4821,18,2,53852,26926.0,365852.0,12.809986892360556,19.0
4822,15,2,372461,186230.5,1386591.0,14.142359495965733,70.0
4823,8,2,1165983,582991.5,0.0,0.0,6.0
4824,14,6,2216858,369476.3333333333,193033.0,12.170621618174758,17.4
4825,99,2,1204948,602474.0,98604.0,11.498877249244169,9.0
4826,9,2,366937,183468.5,746586.0,13.523267433042072,14.0
4827,71,1,344406,344406.0,128556.0,11.764127664731527,999.0
4828,1,5,1879365,375873.0,390378.0,12.87487334109068,24.0
4829,30,2,179805,89902.5,1307791.0,14.083850776947308,32.0
4830,8,8,1648212,206026.5,0.0,0.0,8.857142857142858
4831,72,1,157644,157644.0,495819.0,13.113968236615946,999.0
4832,43,3,774708,258236.0,17464.0,9.767954157240933,36.0
4833,0,3,1553940,517980.0,2181682.0,14.59560715526102,58.5
4834,67,1,242577,242577.0,356688.0,12.784619532632057,999.0
4835,1,1,551095,551095.0,319448.0,12.67435291564525,999.0
4836,52,1,77180,77180.0,213444.0,12.271134467222122,999.0
4837,63,4,514829,128707.25,14070.0,9.551871220788255,15.666666666666666
4838,16,5,471665,94333.0,0.0,0.0,13.75
4839,23,2,869040,434520.0,694200.0,13.450516822915844,62.0
4840,18,3,1057386,352462.0,1223692.0,14.017383893601101,37.5
4841,104,1,21621,21621.0,382958.0,12.855683212824209,999.0
4842,25,2,851866,425933.0,0.0,0.0,36.0
4843,3,1,83993,83993.0,0.0,0.0,999.0
4844,56,1,195096,195096.0,540835.0,13.200871369542675,999.0
4845,80,2,804232,402116.0,0.0,0.0,36.0
4846,41,1,11142,11142.0,30102.0,10.31238011354455,999.0
4847,21,4,1296409,324102.25,0.0,0.0,22.333333333333332
4848,24,3,571310,190436.66666666666,719148.0,13.485823847500582,20.0
4849,74,1,311432,311432.0,0.0,0.0,999.0
4850,66,3,1067702,355900.6666666667,468268.0,13.056798196098182,13.5
4851,80,1,214844,214844.0,0.0,0.0,999.0
4853,33,2,1224112,612056.0,1306455.0,14.082828685610675,42.0
4854,18,3,422220,140740.0,1175831.0,13.977486540092798,47.0
4855,50,3,393578,131192.66666666666,0.0,0.0,12.5
4856,13,2,1157591,578795.5,0.0,0.0,7.0
4857,1,3,1282240,427413.3333333333,183574.0,12.12037858231981,49.5
4858,55,3,1659830,553276.6666666666,285924.0,12.563484817649417,28.0
4859,9,4,2401441,600360.25,1138441.0,13.945171218963374,35.0
4860,77,2,489216,244608.0,1199676.0,13.997562911859713,6.0
4861,18,3,273306,91102.0,610128.0,13.321425689201558,32.5
4862,18,1,435852,435852.0,17607.0,9.776108623206298,999.0
4863,1,4,1777757,444439.25,265216.0,12.488303637803465,24.666666666666668
4864,71,3,856770,285590.0,0.0,0.0,21.5
4865,1,2,1234901,617450.5,247830.0,12.420502341240528,32.0
4866,48,1,586152,586152.0,78294.0,11.268239022979543,999.0
4867,41,2,1253998,626999.0,0.0,0.0,58.0
4868,14,4,1956950,489237.5,50046.0,10.82071784288695,35.0
4869,30,3,1022001,340667.0,297856.0,12.604368784543304,41.5
4870,10,8,2698819,337352.375,121563.0,11.708196152050393,15.571428571428571
4871,58,3,545247,181749.0,433222.0,12.97900788595904,30.0
4872,0,5,1512099,302419.8,369791.0,12.820695964385852,24.25
4873,64,3,435402,145134.0,0.0,0.0,18.5
4874,19,2,636502,318251.0,243701.0,12.403701446391276,74.0
4875,65,1,149504,149504.0,0.0,0.0,999.0
4876,18,1,317264,317264.0,575334.0,13.262707758824584,999.0
4879,13,4,1641048,410262.0,592536.0,13.292168597299058,31.0
4880,33,3,631016,210338.66666666666,382248.0,12.85382750769894,41.5
4881,40,1,236756,236756.0,0.0,0.0,999.0
4882,32,1,100557,100557.0,1588798.0,14.278488942867007,999.0
4883,27,2,230642,115321.0,0.0,0.0,57.0
4884,118,1,584125,584125.0,134930.0,11.812518815647648,999.0
4886,92,1,999412,999412.0,189572.0,12.152529453599204,999.0
4887,66,3,643320,214440.0,0.0,0.0,19.0
4889,77,1,199736,199736.0,236597.0,12.37411777740532,999.0
4890,68,1,402055,402055.0,0.0,0.0,999.0
4891,71,1,57708,57708.0,0.0,0.0,999.0
4892,20,1,947335,947335.0,231022.0,12.350272551647024,999.0
4893,76,2,595074,297537.0,701067.0,13.460360165591716,36.0
4895,43,4,513386,128346.5,781515.0,13.568990902082586,21.666666666666668
4896,76,1,12467,12467.0,5284.0,8.572627898304338,999.0
4897,63,2,443125,221562.5,495173.0,13.112664494935366,22.0
4898,51,2,852294,426147.0,0.0,0.0,22.0
4899,89,1,182646,182646.0,0.0,0.0,999.0
4900,95,2,212942,106471.0,0.0,0.0,6.0
4901,89,2,968318,484159.0,0.0,0.0,13.0
4902,3,4,1294167,323541.75,632432.0,13.3573295651192,35.0
4903,0,4,1585046,396261.5,0.0,0.0,22.333333333333332
4904,5,2,852390,426195.0,866373.0,13.67207196498502,97.0
4905,68,2,1025639,512819.5,288788.0,12.573451596632758,33.0
4906,107,1,70845,70845.0,234028.0,12.36320031828488,999.0
4907,14,2,526206,263103.0,0.0,0.0,44.0
4908,41,3,750045,250015.0,0.0,0.0,30.5
4909,44,3,1527732,509244.0,0.0,0.0,23.5
4910,87,1,125232,125232.0,0.0,0.0,999.0
4912,87,1,70300,70300.0,1879231.0,14.446373740704631,999.0
4913,80,1,52394,52394.0,0.0,0.0,999.0
4914,29,5,650075,130015.0,125537.0,11.740363780567305,10.25
4915,13,1,349576,349576.0,598422.0,13.302053140732644,999.0
4916,53,2,303809,151904.5,0.0,0.0,62.0
4917,12,1,220818,220818.0,415596.0,12.93747131970185,999.0
4918,37,1,62154,62154.0,483986.0,13.089813325833914,999.0
4919,21,2,692747,346373.5,446729.0,13.00970966425236,53.0
4920,5,3,293297,97765.66666666667,98820.0,11.501065411757567,28.0
4921,82,4,754139,188534.75,17098.0,9.746775261248594,12.0
4922,12,4,1348232,337058.0,652347.0,13.388333440850305,16.0
4923,64,1,84256,84256.0,526299.0,13.17362667134187,999.0
4925,12,5,1356751,271350.2,0.0,0.0,11.25
4926,72,1,380484,380484.0,212746.0,12.26785894527862,999.0
4927,70,1,837128,837128.0,0.0,0.0,999.0
4928,59,1,11602,11602.0,95895.0,11.471019549886936,999.0
4929,19,6,1866814,311135.6666666667,166529.0,12.022930752352316,18.6
4930,68,3,1435908,478636.0,160381.0,11.985313748666107,23.0
4931,21,3,1509623,503207.6666666667,387452.0,12.867349830096693,28.5
4932,67,2,251811,125905.5,112999.0,11.635143097694478,9.0
4935,11,2,1108703,554351.5,1229436.0,14.022066898983951,107.0
4937,46,1,631716,631716.0,595038.0,13.296382228598194,999.0
4939,7,3,305295,101765.0,486410.0,13.094809224509955,48.0
4940,23,3,1639844,546614.6666666666,254385.0,12.446608077487278,37.5
4941,7,3,1352881,450960.3333333333,95692.0,11.468900429520243,8.5
4942,25,4,1432157,358039.25,298708.0,12.607225134316069,29.0
4943,18,1,17057,17057.0,1238372.0,14.029308979254344,999.0
4944,89,2,772169,386084.5,0.0,0.0,15.0
4945,35,2,714689,357344.5,0.0,0.0,82.0
4946,39,2,1101010,550505.0,103527.0,11.547597386501506,30.0
4947,6,3,1186426,395475.3333333333,249736.0,12.428163643103993,52.0
4948,6,1,30042,30042.0,51734.0,10.853889814039052,999.0
4949,61,1,58751,58751.0,370767.0,12.823331809057661,999.0
4950,30,3,1666591,555530.3333333334,95415.0,11.466001558258505,28.0
4951,98,1,349407,349407.0,1255228.0,14.042828584021896,999.0
4953,5,2,477505,238752.5,0.0,0.0,92.0
4955,36,3,1299939,433313.0,0.0,0.0,8.5
4956,94,1,78718,78718.0,0.0,0.0,999.0
4958,98,1,71013,71013.0,44375.0,10.700454061735071,999.0
4960,35,1,49761,49761.0,235813.0,12.370798637672388,999.0
4961,13,4,196927,49231.75,1333486.0,14.103307873775284,33.666666666666664
4962,1,3,223853,74617.66666666667,568436.0,13.250645768090013,21.5
4963,104,2,219782,109891.0,711936.0,13.47574470333318,13.0
4964,4,2,748998,374499.0,1428137.0,14.171882055867915,46.0
4965,70,1,316748,316748.0,615634.0,13.330409534431386,999.0
4966,7,1,90842,90842.0,892523.0,13.701808683030684,999.0
4967,7,1,241842,241842.0,1549680.0,14.253559661262763,999.0
4968,76,3,955419,318473.0,61842.0,11.0323541943744,16.0
4969,66,1,372934,372934.0,719181.0,13.48586973401767,999.0
4970,2,4,339057,84764.25,628904.0,13.35173549088956,17.0
4971,113,1,270762,270762.0,389060.0,12.871491422646145,999.0
4972,44,2,85149,42574.5,1560110.0,14.260267530540558,48.0
4973,20,2,72972,36486.0,455032.0,13.028125222775625,47.0
4974,5,5,2701806,540361.2,111742.0,11.623956870692831,25.75
4976,41,2,458475,229237.5,618351.0,13.33481315357914,64.0
4977,1,4,2169511,542377.75,942368.0,13.756152196601574,26.333333333333332
4978,81,4,472306,118076.5,735243.0,13.507957695893316,11.666666666666666
4979,67,1,90710,90710.0,125753.0,11.742082896601215,999.0
4981,74,2,182033,91016.5,0.0,0.0,20.0
4983,16,1,103185,103185.0,263490.0,12.481774490782515,999.0
4984,42,2,1885136,942568.0,87792.0,11.38273704979339,77.0
4985,14,3,1279251,426417.0,0.0,0.0,7.0
4986,63,2,113747,56873.5,80475.0,11.295714282309127,39.0
4988,11,4,1852727,463181.75,475068.0,13.071215335625002,22.0
4989,6,1,119838,119838.0,34392.0,10.445608334282829,999.0
4990,54,2,1092033,546016.5,0.0,0.0,27.0
4991,4,2,592512,296256.0,0.0,0.0,69.0
4992,16,5,1046825,209365.0,0.0,0.0,19.5
4994,109,2,687281,343640.5,1231860.0,14.024036592035095,8.0
4995,34,5,2458774,491754.8,0.0,0.0,20.0
4997,20,5,1820417,364083.4,0.0,0.0,12.0
4998,44,6,1884224,314037.3333333333,475113.0,13.071310054221385,11.6
4999,33,2,125678,62839.0,69543.0,11.1497149247589,37.0
5000,33,3,926694,308898.0,27016.0,10.204221576482523,12.0
5001,95,1,593307,593307.0,904629.0,13.715281299305289,999.0
5002,28,4,794698,198674.5,60448.0,11.00955531330892,29.666666666666668
5004,20,3,1173566,391188.6666666667,0.0,0.0,48.0
5005,0,2,1136282,568141.0,3718.0,8.22121009392507,6.0
5006,30,3,372539,124179.66666666667,477849.0,13.077052154694325,44.5
5007,40,1,742875,742875.0,0.0,0.0,999.0
5008,46,4,1684623,421155.75,0.0,0.0,16.333333333333332
5009,118,1,16830,16830.0,0.0,0.0,999.0
5010,30,2,51644,25822.0,1014392.0,13.829800962010374,5.0
5011,41,3,947962,315987.3333333333,365140.0,12.808038859339328,29.5
5012,74,3,268378,89459.33333333333,1017398.0,13.832759928472736,20.5
5013,62,2,384890,192445.0,671293.0,13.416962472005178,21.0
5014,82,1,218256,218256.0,1439337.0,14.179693843625303,999.0
5015,57,1,137613,137613.0,0.0,0.0,999.0
5016,38,4,1623239,405809.75,0.0,0.0,14.666666666666666
5017,97,2,771563,385781.5,54394.0,10.904027516855184,10.0
5019,10,1,720036,720036.0,18999.0,9.852194258148577,999.0
5020,32,2,404289,202144.5,52155.0,10.861994506543363,66.0
5021,65,1,259521,259521.0,0.0,0.0,999.0
5022,62,1,201396,201396.0,132507.0,11.794398299944266,999.0
5023,12,1,463248,463248.0,851578.0,13.654847552232875,999.0
5024,10,4,1662902,415725.5,1170382.0,13.972841603633828,31.333333333333332
5025,32,4,1768232,442058.0,207291.0,12.241883706265792,25.666666666666668
5026,68,1,96313,96313.0,1012823.0,13.828253026773751,999.0
5028,98,2,1111434,555717.0,7350.0,8.902591637374087,19.0
5029,41,3,1272081,424027.0,1051242.0,13.865483831507529,18.5
5030,33,2,921771,460885.5,0.0,0.0,12.0
5031,19,5,1927886,385577.2,26625.0,10.189643460991862,18.25
5032,73,2,1499993,749996.5,29776.0,10.301491562412671,8.0
5033,13,4,233198,58299.5,0.0,0.0,28.666666666666668
5035,92,1,28990,28990.0,807788.0,13.602056164786745,999.0
5036,87,2,158084,79042.0,0.0,0.0,21.0
5037,90,2,1025383,512691.5,0.0,0.0,9.0
5039,35,1,194736,194736.0,0.0,0.0,999.0
5040,23,1,275748,275748.0,100489.0,11.517813499043005,999.0
5041,111,1,284068,284068.0,0.0,0.0,999.0
5042,115,1,341572,341572.0,45127.0,10.717258175419811,999.0
5043,93,1,887296,887296.0,0.0,0.0,999.0
5044,32,2,489792,244896.0,0.0,0.0,72.0
5045,7,4,511092,127773.0,77562.0,11.258845788340366,36.333333333333336
5046,12,4,493188,123297.0,785210.0,13.573707750455954,15.666666666666666
5047,33,3,561430,187143.33333333334,79443.0,11.282807649918682,31.0
5048,41,1,699411,699411.0,34697.0,10.454437327386273,999.0
5049,19,1,454959,454959.0,1237559.0,14.028652257098114,999.0
5050,50,2,163458,81729.0,407150.0,12.916939402989522,36.0
5051,8,4,1812133,453033.25,787196.0,13.576233813737309,26.666666666666668
5053,82,1,91232,91232.0,769801.0,13.55388861790583,999.0
5054,119,1,39486,39486.0,2695327.0,14.80703046178412,999.0
5055,28,2,1287043,643521.5,258968.0,12.46446364239843,51.0
5056,4,4,1021723,255430.75,0.0,0.0,36.0
5058,65,1,204357,204357.0,315976.0,12.66342470510998,999.0
5059,2,2,283269,141634.5,1975436.0,14.496300197664473,63.0
5061,102,1,1200465,1200465.0,0.0,0.0,999.0
5062,19,1,15112,15112.0,0.0,0.0,999.0
5063,14,3,1322244,440748.0,0.0,0.0,33.5
5064,15,4,671920,167980.0,431964.0,12.976099845425551,20.666666666666668
5065,14,2,606042,303021.0,1435532.0,14.177046766784771,53.0
5066,28,2,255127,127563.5,0.0,0.0,5.0
5067,51,4,978630,244657.5,1425188.0,14.169814994469045,16.666666666666668
5068,113,1,41234,41234.0,0.0,0.0,999.0
5070,111,1,244348,244348.0,0.0,0.0,999.0
5071,56,2,149494,74747.0,213762.0,12.272623203663073,12.0
5072,77,2,680018,340009.0,0.0,0.0,11.0
5073,68,2,680468,340234.0,119688.0,11.692651990915644,8.0
5074,7,4,2556644,639161.0,923745.0,13.73619242105926,35.333333333333336
5075,8,3,762717,254239.0,284825.0,12.559633746487917,50.5
5076,85,1,492124,492124.0,71208.0,11.173374493906074,999.0
5077,102,1,691612,691612.0,0.0,0.0,999.0
5078,88,2,296578,148289.0,544876.0,13.2083153601006,25.0
5079,41,2,103610,51805.0,260906.0,12.47191930096804,6.0
5080,81,1,292752,292752.0,90947.0,11.41804319360003,999.0
5081,59,1,907025,907025.0,937533.0,13.75100830283575,999.0
5082,106,2,1573593,786796.5,0.0,0.0,6.0
5083,18,5,1680190,336038.0,0.0,0.0,24.75
5084,49,1,1105095,1105095.0,671775.0,13.417680230604049,999.0
5085,1,3,511956,170652.0,0.0,0.0,46.5
5086,12,2,442724,221362.0,0.0,0.0,57.0
5087,9,1,94022,94022.0,0.0,0.0,999.0
5088,49,5,1691498,338299.6,1368661.0,14.12934417824267,14.5
5089,94,3,1294384,431461.3333333333,1869488.0,14.441175689455811,12.5
5090,10,3,642052,214017.33333333334,0.0,0.0,19.0
5092,8,2,155527,77763.5,0.0,0.0,25.0
5093,4,4,450060,112515.0,302688.0,12.620461154739335,22.333333333333332
5094,30,1,396825,396825.0,0.0,0.0,999.0
5095,100,3,1764802,588267.3333333334,0.0,0.0,9.0
5096,15,2,630016,315008.0,102164.0,11.534344432343529,60.0
5097,6,4,951737,237934.25,129932.0,11.774774211966035,21.333333333333332
5098,20,2,387749,193874.5,119253.0,11.689010951164974,60.0
5099,12,5,1091420,218284.0,2287901.0,14.64314579839667,13.5
5100,17,4,1789853,447463.25,244602.0,12.407391767082318,32.0
5102,107,1,183545,183545.0,1151730.0,13.956776586026537,999.0
5103,11,4,803283,200820.75,179842.0,12.09983952704299,32.0
5104,24,2,284660,142330.0,83047.0,11.327174032873081,32.0
5105,46,2,486823,243411.5,201726.0,12.214670577155104,31.0
5106,16,2,521553,260776.5,650334.0,13.385242893722168,16.0
5107,27,3,565543,188514.33333333334,679539.0,13.429171377654587,25.0
5108,9,4,1379026,344756.5,369494.0,12.819892487479109,27.666666666666668
5109,6,3,619494,206498.0,0.0,0.0,19.0
5110,17,5,2380272,476054.4,173877.0,12.066109182851163,18.75
5111,66,2,579158,289579.0,0.0,0.0,24.0
5112,0,3,1162068,387356.0,0.0,0.0,39.5
5117,101,1,387285,387285.0,26521.0,10.185729856237545,999.0
5119,21,5,723572,144714.4,0.0,0.0,21.5
5120,4,1,44508,44508.0,24624.0,10.11151746604029,999.0
5121,3,2,1064805,532402.5,271699.0,12.512453795414439,92.0
5122,18,2,69721,34860.5,97979.0,11.492518655192566,41.0
5123,39,2,607952,303976.0,0.0,0.0,78.0
5124,26,1,64406,64406.0,312126.0,12.651165435250773,999.0
5125,16,1,219692,219692.0,831388.0,13.630853075017935,999.0
5126,107,1,14736,14736.0,651276.0,13.38669032992353,999.0
5127,118,1,246287,246287.0,527568.0,13.176034941465245,999.0
5128,33,2,748752,374376.0,741924.0,13.51700343887366,14.0
5129,26,2,1162864,581432.0,95762.0,11.469631668061934,81.0
5130,108,1,190458,190458.0,31694.0,10.363914218718266,999.0
5131,20,2,821530,410765.0,0.0,0.0,55.0
5132,31,2,741395,370697.5,0.0,0.0,53.0
5133,85,1,168952,168952.0,530446.0,13.18147532629597,999.0
5134,19,3,1043590,347863.3333333333,737463.0,13.51097255244537,47.5
5135,22,3,351870,117290.0,451806.0,13.021010376477246,3.0
5136,52,3,797408,265802.6666666667,668339.0,13.41255230506729,17.0
5137,12,5,1090855,218171.0,5378.0,8.590257762273243,14.0
5138,35,1,104975,104975.0,790665.0,13.580630907260968,999.0
5139,58,2,1323126,661563.0,1706045.0,14.349688970327927,23.0
5140,49,4,1712931,428232.75,0.0,0.0,22.333333333333332
5141,20,3,622163,207387.66666666666,222127.0,12.311009071274583,16.0
5142,44,2,661388,330694.0,174324.0,12.068676652089211,22.0
5143,7,3,1099335,366445.0,1252025.0,14.040273597199718,12.5
5144,2,3,1141844,380614.6666666667,269009.0,12.502503832614202,28.5
5145,108,1,663172,663172.0,0.0,0.0,999.0
5146,6,3,848221,282740.3333333333,102838.0,11.540919937489686,47.5
5149,1,3,1246545,415515.0,1797741.0,14.402041990947886,42.0
5151,19,4,317062,79265.5,44824.0,10.710521298473333,25.333333333333332
5152,90,2,232042,116021.0,0.0,0.0,15.0
5153,39,5,246666,49333.2,25751.0,10.156267572978644,17.5
5154,84,1,384395,384395.0,0.0,0.0,999.0
5155,24,2,680079,340039.5,0.0,0.0,36.0
5157,2,2,1006640,503320.0,1008142.0,13.823620582630918,88.0
5158,72,1,545812,545812.0,0.0,0.0,999.0
5161,33,1,593065,593065.0,196245.0,12.18712425327133,999.0
5162,35,2,348399,174199.5,23322.0,10.057195277130344,4.0
5163,22,1,10834,10834.0,404846.0,12.911264496934898,999.0
5164,64,2,940485,470242.5,1285493.0,14.066653638232614,24.0
5165,103,2,66732,33366.0,0.0,0.0,2.0
5166,33,1,84400,84400.0,0.0,0.0,999.0
5167,54,1,742173,742173.0,103195.0,11.5443853715885,999.0
5168,48,2,1200848,600424.0,694325.0,13.450696869829354,24.0
5169,111,1,280528,280528.0,176326.0,12.080095504703106,999.0
5170,20,3,1277561,425853.6666666667,0.0,0.0,37.0
5171,8,1,60297,60297.0,100171.0,11.514643987464193,999.0
5173,99,3,1566812,522270.6666666667,1422143.0,14.167676150041071,9.5
5174,39,2,728271,364135.5,236646.0,12.37432485830496,20.0
5176,4,4,1259274,314818.5,1065407.0,13.878868382353684,25.666666666666668
5177,16,6,2194326,365721.0,0.0,0.0,18.2
5178,42,4,990516,247629.0,677298.0,13.425868108751292,17.333333333333332
5179,66,1,5233,5233.0,392044.0,12.87913190810242,999.0
5180,40,1,175345,175345.0,105852.0,11.569806618154772,999.0
5181,42,3,603888,201296.0,8353.0,9.03049574505712,24.0
5183,14,3,560817,186939.0,936028.0,13.749401737885751,40.0
5184,69,1,474936,474936.0,453562.0,13.02488945840379,999.0
5185,82,1,628765,628765.0,1099819.0,13.910657088015071,999.0
5186,20,4,2138140,534535.0,33256.0,10.412020550242234,26.0
5187,106,2,355928,177964.0,0.0,0.0,4.0
5188,35,2,1019427,509713.5,459108.0,13.037042933617373,10.0
5189,20,1,57424,57424.0,1176905.0,13.978399518991937,999.0
5190,46,2,229566,114783.0,258461.0,12.462503960190542,11.0
5191,87,1,123025,123025.0,1056933.0,13.870882822032474,999.0
5192,59,3,1902998,634332.6666666666,396988.0,12.891663851476896,27.5
5193,66,1,39156,39156.0,1596619.0,14.283399452734443,999.0
5194,106,2,814447,407223.5,0.0,0.0,11.0
5195,19,4,1873185,468296.25,37652.0,10.536167911328556,23.333333333333332
5196,38,2,6688,3344.0,566988.0,13.248095182168965,48.0
5197,24,5,1502999,300599.8,0.0,0.0,18.0
5198,26,1,576987,576987.0,0.0,0.0,999.0
5199,92,1,94316,94316.0,0.0,0.0,999.0
5200,4,2,578720,289360.0,231914.0,12.354126204204805,101.0
5201,69,2,691569,345784.5,783461.0,13.571477839282952,41.0
5202,16,3,1277728,425909.3333333333,0.0,0.0,30.0
5203,0,3,786763,262254.3333333333,0.0,0.0,9.0
5205,27,1,251565,251565.0,251712.0,12.436044828577895,999.0
5206,41,2,118602,59301.0,651966.0,13.387749226130952,9.0
5209,19,2,393775,196887.5,9122.0,9.118553976345474,66.0
5212,2,4,2053674,513418.5,98485.0,11.497669685078778,27.666666666666668
5213,58,2,1086070,543035.0,1077694.0,13.890335059064093,56.0
5214,12,3,539087,179695.66666666666,0.0,0.0,53.0
5215,8,3,658814,219604.66666666666,0.0,0.0,10.5
5216,10,1,108707,108707.0,508781.0,13.139774913023766,999.0
5217,13,2,231416,115708.0,0.0,0.0,71.0
5218,61,2,198482,99241.0,0.0,0.0,42.0
5220,12,2,630843,315421.5,171074.0,12.049857335820699,18.0
5221,38,4,488206,122051.5,1111718.0,13.92141802401746,18.0
5222,22,3,1435233,478411.0,175778.0,12.076982803173111,35.0
5223,107,1,55211,55211.0,893140.0,13.702499742131415,999.0
5224,33,2,110111,55055.5,17920.0,9.793728488543389,16.0
5225,34,1,136656,136656.0,512480.0,13.14701891613674,999.0
5226,20,3,307706,102568.66666666667,0.0,0.0,35.0
5227,9,1,243038,243038.0,0.0,0.0,999.0
5228,43,2,407937,203968.5,0.0,0.0,71.0
5229,52,5,2036785,407357.0,864682.0,13.670118244757575,15.5
5230,6,3,500583,166861.0,135444.0,11.816320932841501,36.0
5231,22,3,968952,322984.0,1038213.0,13.853012487162019,27.0
5232,29,3,1346718,448906.0,0.0,0.0,23.0
5233,83,1,652412,652412.0,0.0,0.0,999.0
5234,101,1,452406,452406.0,978265.0,13.79353689567619,999.0
5235,38,2,712430,356215.0,0.0,0.0,43.0
5237,99,2,227698,113849.0,40678.0,10.613467267756123,18.0
5238,56,2,738937,369468.5,393028.0,12.88163867947755,16.0
5239,46,3,333884,111294.66666666667,630784.0,13.35472035446045,29.0
5241,3,2,658868,329434.0,0.0,0.0,91.0
5243,19,5,1701733,340346.6,30022.0,10.309719033572193,18.25
5244,19,3,498177,166059.0,0.0,0.0,29.5
5245,10,2,109372,54686.0,554556.0,13.225924875800574,22.0
5246,6,3,1437693,479231.0,22733.0,10.031616880246656,44.0
5247,106,1,554144,554144.0,0.0,0.0,999.0
5248,21,1,547148,547148.0,64601.0,11.076000649043772,999.0
5250,34,4,2202657,550664.25,23700.0,10.073272520325904,10.333333333333334
5251,18,1,875036,875036.0,212641.0,12.267365279470937,999.0
5252,27,4,2185087,546271.75,0.0,0.0,19.0
5253,13,3,762616,254205.33333333334,260731.0,12.471248338840724,22.5
5254,96,1,473455,473455.0,108280.0,11.59248497900144,999.0
5255,59,2,537239,268619.5,994324.0,13.809819393968983,40.0
5256,35,3,981354,327118.0,0.0,0.0,19.0
5257,37,1,110281,110281.0,81028.0,11.302562394270387,999.0
5258,75,2,530949,265474.5,710332.0,13.473489153149277,5.0
5259,1,3,1385469,461823.0,502355.0,13.127064310682973,37.5
5260,33,3,2521879,840626.3333333334,460594.0,13.040274410903809,24.5
5262,78,1,99081,99081.0,0.0,0.0,999.0
5264,8,5,880837,176167.4,0.0,0.0,14.5
5265,15,3,544453,181484.33333333334,545405.0,13.209285750433224,15.5
5266,83,2,189328,94664.0,0.0,0.0,19.0
5267,5,2,937842,468921.0,0.0,0.0,37.0
5268,30,1,53388,53388.0,867668.0,13.67356558450974,999.0
5269,49,1,969825,969825.0,168037.0,12.031945423284377,999.0
5270,103,1,87945,87945.0,661837.0,13.4027760919811,999.0
5271,17,3,1458072,486024.0,1003667.0,13.819171847257184,32.5
5272,1,2,173820,86910.0,0.0,0.0,14.0
5273,51,1,683799,683799.0,0.0,0.0,999.0
5274,36,2,796650,398325.0,0.0,0.0,31.0
5275,5,1,117735,117735.0,0.0,0.0,999.0
5276,33,3,291426,97142.0,123034.0,11.7202241467226,23.0
5277,38,2,216879,108439.5,408046.0,12.919137642830172,13.0
5278,18,3,967392,322464.0,0.0,0.0,18.0
5279,17,1,197125,197125.0,82984.0,11.326415147554819,999.0
5281,12,3,165513,55171.0,677206.0,13.425732265868144,48.0
5282,75,1,144355,144355.0,0.0,0.0,999.0
5283,10,2,442547,221273.5,207315.0,12.24199947827225,6.0
5284,10,4,662400,165600.0,0.0,0.0,16.666666666666668
5285,20,1,970112,970112.0,0.0,0.0,999.0
5286,65,2,242476,121238.0,0.0,0.0,53.0
5287,3,2,633518,316759.0,513153.0,13.148331274035197,84.0
5288,47,2,374512,187256.0,646374.0,13.379135109698522,12.0
5289,0,7,3543544,506220.5714285714,161213.0,11.990487953918777,14.0
5291,28,1,7430,7430.0,0.0,0.0,999.0
5292,45,2,285127,142563.5,0.0,0.0,55.0
5293,28,1,859092,859092.0,505168.0,13.132648305738861,999.0
5294,9,4,1028416,257104.0,102161.0,11.534315067648699,30.0
5295,25,3,2039417,679805.6666666666,230219.0,12.346790652469053,20.0
5296,7,3,152679,50893.0,242446.0,12.398538408771648,13.0
5297,30,3,826443,275481.0,1140544.0,13.94701677630698,35.5
5298,2,3,299917,99972.33333333333,65272.0,11.086333753496243,33.5
5299,26,2,1050030,525015.0,93313.0,11.443725429169088,35.0
5300,62,1,637038,637038.0,670665.0,13.416026527497378,999.0
5301,33,2,285239,142619.5,413648.0,12.932773067112688,44.0
5302,63,1,623013,623013.0,19355.0,9.87075772791321,999.0
5303,46,4,356593,89148.25,431189.0,12.974304107213387,17.0
5304,7,3,1325175,441725.0,82516.0,11.320759611701263,21.0
5305,4,3,1358901,452967.0,0.0,0.0,50.0
5306,12,4,1529465,382366.25,773399.0,13.558551658155334,24.0
5308,2,4,265701,66425.25,0.0,0.0,32.666666666666664
5309,7,3,803178,267726.0,325047.0,12.691728142714132,50.0
5310,57,1,477948,477948.0,0.0,0.0,999.0
5311,2,1,597516,597516.0,589053.0,13.286273139246235,999.0
5312,17,1,317724,317724.0,0.0,0.0,999.0
5313,7,5,2410138,482027.6,415890.0,12.938178485679595,25.25
5314,41,2,530147,265073.5,300144.0,12.612020970203739,44.0
5315,90,2,240937,120468.5,38709.0,10.563853243571694,29.0
5316,20,4,1086677,271669.25,0.0,0.0,21.0
5317,50,1,388818,388818.0,1655562.0,14.319651690213654,999.0
5318,111,1,312372,312372.0,0.0,0.0,999.0
5319,30,4,1484442,371110.5,0.0,0.0,8.0
5320,73,3,194325,64775.0,245142.0,12.409596992725143,16.0
5321,86,2,90843,45421.5,0.0,0.0,28.0
5322,15,1,450318,450318.0,740173.0,13.514640572675555,999.0
5323,19,2,436297,218148.5,0.0,0.0,92.0
5324,12,2,1269555,634777.5,291441.0,12.58259629413488,22.0
5325,39,3,1654572,551524.0,2282395.0,14.640736326338708,11.5
5326,18,4,1008484,252121.0,247879.0,12.420700037076044,22.333333333333332
5327,55,2,264072,132036.0,29681.0,10.298296080455764,51.0
5328,12,3,1167286,389095.3333333333,643005.0,13.373909334435941,38.5
5329,55,1,311328,311328.0,0.0,0.0,999.0
5330,74,1,687249,687249.0,958636.0,13.773267762918138,999.0
5331,2,3,1327468,442489.3333333333,207718.0,12.243941483773742,50.5
5332,73,1,947748,947748.0,0.0,0.0,999.0
5333,31,3,942883,314294.3333333333,0.0,0.0,22.0
5334,8,2,590922,295461.0,0.0,0.0,62.0
5336,68,2,703027,351513.5,16158.0,9.690232448972248,18.0
5337,25,2,568516,284258.0,768272.0,13.55190041771576,77.0
5338,102,2,1557780,778890.0,0.0,0.0,4.0
5339,24,3,1167021,389007.0,216648.0,12.286033811417731,21.5
5340,0,3,1109395,369798.3333333333,7663.0,8.944289319650697,23.0
5341,0,5,1541383,308276.6,0.0,0.0,21.0
5342,48,2,494233,247116.5,0.0,0.0,46.0
5343,101,1,240372,240372.0,9276.0,9.135293497653272,999.0
5344,8,3,1181791,393930.3333333333,85722.0,11.358876446641931,14.5
5345,8,3,982678,327559.3333333333,206598.0,12.238534995384907,50.5
5346,44,3,1825415,608471.6666666666,122301.0,11.714248674771314,34.5
5347,56,2,177762,88881.0,359598.0,12.792744800708105,19.0
5348,83,3,1329482,443160.6666666667,1602457.0,14.287049258385137,12.0
5349,36,3,1631751,543917.0,0.0,0.0,30.5
5350,68,2,763242,381621.0,803974.0,13.597323453150295,35.0
5351,15,2,620181,310090.5,500718.0,13.123800344472448,84.0
5352,0,5,1664531,332906.2,173856.0,12.065988401221327,12.75
5353,1,1,96485,96485.0,790298.0,13.580166633849991,999.0
5355,27,5,1190327,238065.4,130058.0,11.77574347263455,21.0
5356,56,2,154747,77373.5,85563.0,11.357019912921697,7.0
5358,10,3,1012586,337528.6666666667,540934.0,13.201054402735977,44.0
5359,89,1,624816,624816.0,937469.0,13.750940036314692,999.0
5360,23,3,354220,118073.33333333333,1004014.0,13.81951751936125,48.0
5361,66,2,396024,198012.0,313029.0,12.654054311574662,19.0
5362,75,2,266727,133363.5,0.0,0.0,40.0
5363,15,3,1847993,615997.6666666666,63642.0,11.06104462150408,37.0
5364,26,2,1023875,511937.5,71725.0,11.180608582892493,3.0
5365,40,2,186384,93192.0,0.0,0.0,47.0
5366,21,2,161933,80966.5,0.0,0.0,46.0
5367,7,2,357754,178877.0,108206.0,11.591801338311129,54.0
5368,15,3,1308276,436092.0,0.0,0.0,33.5
5369,4,5,604144,120828.8,849633.0,13.65256094750147,26.75
5370,72,1,286128,286128.0,201042.0,12.211274094509637,999.0
5371,42,1,211604,211604.0,0.0,0.0,999.0
5372,71,3,755719,251906.33333333334,1258296.0,14.0452697774081,20.0
5373,22,5,1992218,398443.6,80066.0,11.29061906314858,23.75
5374,5,4,673606,168401.5,645725.0,13.378130544181465,32.0
5375,56,2,342791,171395.5,0.0,0.0,15.0
5376,20,1,115256,115256.0,615857.0,13.330771696461438,999.0
5378,89,1,9963,9963.0,71620.0,11.179143606035232,999.0
5379,90,2,125481,62740.5,0.0,0.0,2.0
5380,0,2,30563,15281.5,49796.0,10.815710020234329,21.0
5381,69,1,48170,48170.0,907632.0,13.71859539085662,999.0
5382,46,5,1242360,248472.0,198753.0,12.199823158100221,12.25
5384,47,1,99408,99408.0,0.0,0.0,999.0
5386,78,1,584585,584585.0,240564.0,12.390745602281793,999.0
5387,11,4,1834701,458675.25,328972.0,12.703730959510539,24.333333333333332
5388,61,1,257888,257888.0,19107.0,9.857862374509853,999.0
5389,4,3,586884,195628.0,0.0,0.0,42.5
5390,72,1,88612,88612.0,119097.0,11.687701962591143,999.0
5392,69,2,402510,201255.0,53206.0,10.881945245621354,15.0
5393,8,4,820062,205015.5,477912.0,13.07718398653986,34.0
5394,112,1,337616,337616.0,0.0,0.0,999.0
5395,76,1,114592,114592.0,845198.0,13.647327381571422,999.0
5396,83,1,53394,53394.0,0.0,0.0,999.0
5397,79,1,214565,214565.0,0.0,0.0,999.0
5398,45,2,658089,329044.5,1049078.0,13.863423194361667,24.0
5399,52,6,1737368,289561.3333333333,0.0,0.0,6.4
5400,9,4,1284608,321152.0,0.0,0.0,33.0
5401,119,1,97136,97136.0,462132.0,13.043608007422607,999.0
5402,82,1,739784,739784.0,57822.0,10.965141899385193,999.0
5403,54,2,118747,59373.5,0.0,0.0,34.0
5404,8,3,1677447,559149.0,1255953.0,14.043406001135777,23.0
5406,11,3,157874,52624.666666666664,897095.0,13.706918158725708,37.0
5407,97,1,151278,151278.0,0.0,0.0,999.0
5408,9,4,1300578,325144.5,719515.0,13.486334042727352,32.0
5409,104,1,201798,201798.0,175429.0,12.07499538192323,999.0
5410,58,1,165021,165021.0,873105.0,13.679812247840342,999.0
5411,4,1,178261,178261.0,35855.0,10.487266196040709,999.0
5412,35,5,1363729,272745.8,474636.0,13.070305580332741,14.0
5413,22,4,1714135,428533.75,334686.0,12.720951045692184,15.0
5414,20,2,476144,238072.0,0.0,0.0,84.0
5415,4,2,184334,92167.0,1704295.0,14.348662680205939,5.0
5416,50,3,178920,59640.0,0.0,0.0,12.5
5417,3,2,299390,149695.0,152316.0,11.933719154453085,51.0
5418,2,6,2793376,465562.6666666667,420302.0,12.948731158726478,20.2
5419,18,2,1894589,947294.5,239301.0,12.385481631571526,9.0
5420,10,4,1621035,405258.75,0.0,0.0,34.0
5421,24,1,98311,98311.0,49917.0,10.818136938138158,999.0
5422,16,3,2120644,706881.3333333334,0.0,0.0,15.0
5423,91,1,704424,704424.0,358732.0,12.790333658173598,999.0
5424,22,1,218769,218769.0,0.0,0.0,999.0
5425,21,4,305621,76405.25,0.0,0.0,28.333333333333332
5426,1,2,734368,367184.0,19213.0,9.863394458969683,104.0
5427,99,1,100064,100064.0,0.0,0.0,999.0
5428,4,3,859515,286505.0,1306394.0,14.082781993319372,17.5
5429,14,1,262655,262655.0,60036.0,11.002716317810147,999.0
5430,8,1,260592,260592.0,120686.0,11.700955696231164,999.0
5431,17,2,76347,38173.5,543057.0,13.20497140720818,62.0
5432,86,2,952260,476130.0,41604.0,10.63597563133453,27.0
5433,62,1,17740,17740.0,230625.0,12.348552629810888,999.0
5434,13,4,1371751,342937.75,0.0,0.0,12.0
5435,44,3,987685,329228.3333333333,0.0,0.0,24.5
5436,73,2,504779,252389.5,432318.0,12.97691902064989,32.0
5437,68,2,1046330,523165.0,58799.0,10.981897133886719,30.0
5438,22,3,1099760,366586.6666666667,0.0,0.0,22.5
5440,111,2,756268,378134.0,538821.0,13.197140554162122,0.0
5442,1,4,500183,125045.75,140841.0,11.85539397367938,12.333333333333334
5443,14,3,782783,260927.66666666666,0.0,0.0,43.5
5445,54,3,689070,229690.0,154965.0,11.950961017000882,30.5
5446,61,2,356764,178382.0,0.0,0.0,7.0
5447,29,1,540185,540185.0,1271234.0,14.055499426865264,999.0
5448,17,3,1181056,393685.3333333333,1523296.0,14.236387622714332,39.0
5449,6,4,1410805,352701.25,0.0,0.0,20.666666666666668
5450,4,1,610494,610494.0,83948.0,11.337964750582447,999.0
5451,11,4,1079390,269847.5,712676.0,13.476783581326174,18.333333333333332
5452,73,3,644903,214967.66666666666,0.0,0.0,15.5
5453,3,4,899580,224895.0,555368.0,13.22738803666871,24.0
5454,51,1,6686,6686.0,958728.0,13.773363727903508,999.0
5455,55,2,1293413,646706.5,0.0,0.0,49.0
5456,17,1,349444,349444.0,0.0,0.0,999.0
5457,75,1,303806,303806.0,166236.0,12.021169759971952,999.0
5458,16,3,1008435,336145.0,635410.0,13.362027312597196,10.5
5459,45,2,506669,253334.5,314604.0,12.65907316267773,21.0
5461,59,3,470322,156774.0,912545.0,13.723993774127099,5.0
5462,9,6,1404005,234000.83333333334,404406.0,12.910177075573104,21.8
5463,17,2,292776,146388.0,0.0,0.0,72.0
5465,84,1,139222,139222.0,0.0,0.0,999.0
5466,61,1,448704,448704.0,45462.0,10.724654087310103,999.0
5467,8,5,267881,53576.2,228082.0,12.3374648767796,19.75
5468,6,3,186029,62009.666666666664,927157.0,13.739879272311303,32.5
5470,1,4,468329,117082.25,1142231.0,13.94849480092972,18.666666666666668
5471,34,3,1426295,475431.6666666667,681127.0,13.431505526353586,40.5
5472,16,2,1094071,547035.5,124691.0,11.733601975640648,58.0
5473,87,2,965743,482871.5,245868.0,12.41255415274999,26.0
5474,48,1,18242,18242.0,0.0,0.0,999.0
5475,3,4,1369534,342383.5,279534.0,12.540882787351064,36.0
5476,0,3,288171,96057.0,54587.0,10.907569357358005,57.5
5477,116,2,416662,208331.0,0.0,0.0,3.0
5478,12,4,1494740,373685.0,385368.0,12.861956595816519,35.0
5479,45,4,736557,184139.25,511222.0,13.144561173208618,4.333333333333333
5480,64,1,146726,146726.0,288144.0,12.57121910464069,999.0
5481,39,2,734882,367441.0,937964.0,13.751467913859363,41.0
5482,15,1,90897,90897.0,0.0,0.0,999.0
5483,42,3,584944,194981.33333333334,0.0,0.0,20.0
5484,73,1,146568,146568.0,74322.0,11.216175738657967,999.0
5486,101,1,73113,73113.0,7474.0,8.919319398258887,999.0
5487,0,4,750242,187560.5,447788.0,13.012077418307339,22.666666666666668
5488,17,5,2346985,469397.0,0.0,0.0,23.25
5489,81,1,26280,26280.0,0.0,0.0,999.0
5490,12,1,435098,435098.0,709740.0,13.47265539373351,999.0
5491,22,2,599468,299734.0,1013905.0,13.829320756666528,66.0
5492,44,2,166359,83179.5,121751.0,11.709741467914636,45.0
5493,91,1,46511,46511.0,332577.0,12.714629698033109,999.0
5494,60,4,1385381,346345.25,147608.0,11.902322164899328,16.666666666666668
5496,4,3,267351,89117.0,1265432.0,14.050924914065167,49.5
5498,84,2,172641,86320.5,66340.0,11.102563386249358,27.0
5499,11,3,251136,83712.0,789031.0,13.578562156673506,50.5
5501,114,2,1617767,808883.5,287778.0,12.56994810343473,4.0
5502,41,4,1595514,398878.5,860875.0,13.665705754455153,21.333333333333332
5503,4,2,305468,152734.0,1382081.0,14.139101615847661,2.0
5504,34,3,425378,141792.66666666666,298124.0,12.605268140624743,42.0
5505,59,4,762936,190734.0,623524.0,13.34314413952935,8.666666666666666
5506,86,1,493332,493332.0,67931.0,11.12626248382466,999.0
5507,21,2,797025,398512.5,703588.0,13.463949657840441,1.0
5508,55,2,593631,296815.5,0.0,0.0,2.0
5510,0,1,428253,428253.0,0.0,0.0,999.0
5511,94,2,472300,236150.0,473883.0,13.068717844988587,18.0
5512,9,7,1068872,152696.0,17031.0,9.742849206573315,16.5
5513,15,4,665735,166433.75,0.0,0.0,26.333333333333332
5514,5,1,40889,40889.0,469868.0,13.060209211431399,999.0
5515,10,3,802175,267391.6666666667,33936.0,10.432261143602751,31.0
5516,2,3,771479,257159.66666666666,0.0,0.0,58.0
5517,7,3,914638,304879.3333333333,29589.0,10.295191745394256,54.5
5518,101,1,801328,801328.0,1119414.0,13.92831678538535,999.0
5519,46,2,215413,107706.5,941165.0,13.754874811085957,2.0
5520,44,2,405252,202626.0,0.0,0.0,21.0
5521,13,4,422003,105500.75,1152985.0,13.957865656939838,35.333333333333336
5522,1,2,710314,355157.0,330854.0,12.709435491914798,31.0
5523,28,3,1033784,344594.6666666667,1127013.0,13.935082215305005,37.5
5524,44,2,99659,49829.5,0.0,0.0,39.0
5525,102,1,9471,9471.0,0.0,0.0,999.0
5526,89,1,421752,421752.0,0.0,0.0,999.0
5527,49,1,200423,200423.0,0.0,0.0,999.0
5528,103,1,22177,22177.0,0.0,0.0,999.0
5529,36,4,912689,228172.25,0.0,0.0,26.0
5530,31,3,692556,230852.0,0.0,0.0,35.0
5534,18,1,382518,382518.0,0.0,0.0,999.0
5536,66,2,849628,424814.0,0.0,0.0,1.0
5537,30,1,67028,67028.0,237495.0,12.37790606020974,999.0
5538,30,3,1547306,515768.6666666667,205419.0,12.232811942719795,22.0
5539,16,4,170042,42510.5,932136.0,13.745235078573073,32.333333333333336
5540,27,3,959403,319801.0,1007923.0,13.82340332794557,31.5
5541,44,2,519188,259594.0,366808.0,12.8125965555956,21.0
5542,30,2,672838,336419.0,46294.0,10.742789242882148,1.0
5543,57,1,72186,72186.0,445584.0,13.00714330455106,999.0
5544,1,2,916780,458390.0,714764.0,13.479709096323214,33.0
5545,4,2,824586,412293.0,0.0,0.0,36.0
5546,9,3,1686373,562124.3333333334,973666.0,13.78882463505022,39.0
5547,51,1,202228,202228.0,710108.0,13.473173758361096,999.0
5548,112,1,291438,291438.0,469704.0,13.05986011705104,999.0
5549,27,5,1501849,300369.8,47096.0,10.759964583708427,20.25
5550,9,5,1333931,266786.2,0.0,0.0,26.0
5551,95,2,407483,203741.5,0.0,0.0,11.0
5552,31,3,1155493,385164.3333333333,148554.0,11.908710539025087,40.5
5554,2,4,1212678,303169.5,0.0,0.0,29.0
5555,50,1,703036,703036.0,669307.0,13.413999621803793,999.0
5556,23,3,1725335,575111.6666666666,48141.0,10.781910255966388,36.5
5557,42,2,618340,309170.0,0.0,0.0,67.0
5558,22,3,1411725,470575.0,460884.0,13.040903833158387,35.5
5559,3,3,1362166,454055.3333333333,0.0,0.0,51.5
5560,67,3,1136428,378809.3333333333,186134.0,12.13422749587683,23.5
5561,15,5,2865149,573029.8,0.0,0.0,18.5
5562,5,5,560796,112159.2,402216.0,12.904747022956034,26.0
5563,67,3,1185713,395237.6666666667,911347.0,13.72268010110412,18.0
5564,36,2,182957,91478.5,324665.0,12.690552240566364,46.0
5565,34,2,1112939,556469.5,0.0,0.0,0.0
5566,48,3,249565,83188.33333333333,362820.0,12.801664878679157,18.5
5567,44,3,1074590,358196.6666666667,549813.0,13.217335318194106,19.0
5568,3,2,574666,287333.0,920036.0,13.73216916560783,51.0
5569,7,2,356820,178410.0,0.0,0.0,20.0
5570,62,1,23936,23936.0,0.0,0.0,999.0
5572,2,5,1549775,309955.0,523204.0,13.167728635654386,22.75
5573,62,1,340302,340302.0,45576.0,10.727158482292175,999.0
5574,80,1,116826,116826.0,219766.0,12.300323173192332,999.0
5575,77,2,846540,423270.0,626068.0,13.34721586765023,7.0
5576,47,3,538380,179460.0,711501.0,13.475133507470849,20.0
5578,47,3,388880,129626.66666666667,161980.0,11.995234323385603,28.0
5579,79,1,51496,51496.0,57717.0,10.96332436225283,999.0
5580,3,2,356193,178096.5,170788.0,12.048184155452352,10.0
5581,5,4,883068,220767.0,57501.0,10.959575008789237,16.666666666666668
5582,1,2,1106657,553328.5,746616.0,13.52330761509356,74.0
5583,22,1,85001,85001.0,113300.0,11.63780327310248,999.0
5584,37,2,331135,165567.5,438744.0,12.991673657685881,51.0
5585,35,3,253257,84419.0,416091.0,12.938661668638646,38.0
5586,12,2,319042,159521.0,108736.0,11.596687401575542,84.0
5587,28,2,2167600,1083800.0,798632.0,13.590656795071565,36.0
5588,14,2,317213,158606.5,685917.0,13.438513366035624,99.0
5589,38,4,1752254,438063.5,919316.0,13.731386282011986,7.0
5590,22,3,1171001,390333.6666666667,0.0,0.0,23.0
5591,74,2,431198,215599.0,31777.0,10.366529505448312,30.0
5592,78,3,559710,186570.0,203358.0,12.222728169023307,19.0
5593,21,2,507111,253555.5,115724.0,11.658971965899472,20.0
5594,27,4,1433563,358390.75,0.0,0.0,21.666666666666668
5595,45,2,684801,342400.5,108553.0,11.595003024005683,59.0
5596,62,2,748910,374455.0,0.0,0.0,8.0
5597,49,5,442953,88590.6,1171077.0,13.973435250096793,12.5
5598,107,1,442105,442105.0,0.0,0.0,999.0
5599,57,1,239655,239655.0,0.0,0.0,999.0
5600,2,4,1137985,284496.25,941531.0,13.75526361481827,31.666666666666668
5601,47,2,1017594,508797.0,905215.0,13.715928868237096,49.0
5602,23,3,640782,213594.0,20115.0,9.909270797291855,44.5
5603,80,1,1017505,1017505.0,0.0,0.0,999.0
5604,73,1,50572,50572.0,0.0,0.0,999.0
5605,8,2,1173421,586710.5,937525.0,13.750999769775474,32.0
5606,0,1,89740,89740.0,143652.0,11.875155948282648,999.0
5607,10,2,525222,262611.0,302781.0,12.62076835360016,55.0
5608,55,2,632752,316376.0,733291.0,13.505299264435582,50.0
5610,61,1,499644,499644.0,622235.0,13.341074720981151,999.0
5611,3,4,848400,212100.0,782546.0,13.570309263490445,18.0
5613,47,3,222550,74183.33333333333,10977.0,9.303648549109834,35.5
5614,51,1,968316,968316.0,0.0,0.0,999.0
5616,3,3,649430,216476.66666666666,0.0,0.0,57.0
5617,25,2,505970,252985.0,0.0,0.0,89.0
5618,20,4,1539966,384991.5,901745.0,13.712088162936707,27.666666666666668
5619,36,3,350914,116971.33333333333,1783159.0,14.393897629218534,22.0
5620,31,3,984771,328257.0,432154.0,12.976539599170545,23.0
5621,25,4,850221,212555.25,81826.0,11.312362541478247,16.0
5622,54,1,148275,148275.0,174842.0,12.071643707375,999.0
5623,21,1,719228,719228.0,317150.0,12.66713328013921,999.0
5624,76,4,1292154,323038.5,485898.0,13.093756062355244,11.666666666666666
5625,16,2,321918,160959.0,2051523.0,14.534093489552955,97.0
5626,7,5,3044807,608961.4,148803.0,11.910385282740252,21.5
5627,87,3,235839,78613.0,48651.0,10.792448196738327,8.5
5628,73,3,1474487,491495.6666666667,0.0,0.0,19.5
5629,0,1,934855,934855.0,58276.0,10.97296278334936,999.0
5630,5,5,1736892,347378.4,0.0,0.0,27.75
5631,45,1,363234,363234.0,115069.0,11.653295917817504,999.0
5633,53,3,416448,138816.0,147537.0,11.901841048700488,12.5
5635,75,4,1301850,325462.5,1198617.0,13.996679784413901,10.0
5636,36,2,167868,83934.0,601561.0,13.307284884729164,61.0
5637,116,1,76491,76491.0,89168.0,11.398288724532005,999.0
5638,20,3,535450,178483.33333333334,208844.0,12.249347629011496,31.5
5639,47,1,510168,510168.0,301808.0,12.617549645944806,999.0
5640,51,2,941451,470725.5,708759.0,13.471272243272006,61.0
5641,11,5,1092673,218534.6,375404.0,12.835760722172113,21.75
5643,6,1,1540,1540.0,107195.0,11.58241421348984,999.0
5644,25,3,991703,330567.6666666667,28890.0,10.271285406914535,34.0
5645,12,2,660043,330021.5,63628.0,11.060824620246043,35.0
5646,0,4,412575,103143.75,3617726.0,15.101356486037359,32.0
5647,20,2,54170,27085.0,361959.0,12.79928898746507,46.0
5648,70,1,282785,282785.0,0.0,0.0,999.0
5649,5,5,1519329,303865.8,1245633.0,14.035155195211603,28.0
5650,37,2,1293643,646821.5,0.0,0.0,70.0
5651,1,2,961786,480893.0,0.0,0.0,37.0
5652,3,2,909292,454646.0,29019.0,10.27574052643818,27.0
5654,19,4,483885,120971.25,0.0,0.0,16.0
5655,51,1,493893,493893.0,0.0,0.0,999.0
5656,54,3,529566,176522.0,325913.0,12.694388821865552,18.5
5657,22,4,364910,91227.5,297028.0,12.601585056115702,31.333333333333332
5658,19,5,818437,163687.4,46383.0,10.744709851161437,22.25
5660,59,1,34378,34378.0,741871.0,13.516932000529975,999.0
5663,18,3,671248,223749.33333333334,188684.0,12.147834236941083,49.0
5664,84,2,588349,294174.5,117162.0,11.671321406622718,9.0
5665,3,3,1064455,354818.3333333333,350166.0,12.766165462526283,49.0
5666,9,2,764309,382154.5,153552.0,11.941801063288011,43.0
5667,5,4,751103,187775.75,1451674.0,14.188228620112282,36.333333333333336
5668,56,2,658659,329329.5,0.0,0.0,37.0
5669,14,3,832327,277442.3333333333,549181.0,13.216185177393468,5.5
5670,54,2,671709,335854.5,0.0,0.0,53.0
5671,4,2,872315,436157.5,281477.0,12.547809570754689,112.0
5673,55,4,1428372,357093.0,202563.0,12.218811164978362,17.333333333333332
5674,47,3,168280,56093.333333333336,350597.0,12.76739554694644,9.5
5675,94,1,401505,401505.0,403655.0,12.908318309075378,999.0
5676,3,6,1434122,239020.33333333334,739389.0,13.513580800913905,13.4
5677,87,1,335904,335904.0,391045.0,12.876580479106455,999.0
5678,0,4,498541,124635.25,568064.0,13.249991127775637,24.0
5680,73,2,218521,109260.5,0.0,0.0,34.0
5682,31,2,767694,383847.0,68062.0,11.128189025837498,85.0
5683,72,1,299796,299796.0,0.0,0.0,999.0
5684,66,2,243678,121839.0,0.0,0.0,24.0
5685,4,4,1889486,472371.5,0.0,0.0,25.0
5686,7,3,2478386,826128.6666666666,0.0,0.0,49.0
5688,1,2,649797,324898.5,0.0,0.0,23.0
5689,49,3,859408,286469.3333333333,24484.0,10.105815964136418,34.0
5690,14,3,1133503,377834.3333333333,119613.0,11.692025170504236,48.5
5691,8,2,1437537,718768.5,123171.0,11.721337031523923,97.0
5692,48,2,672047,336023.5,0.0,0.0,55.0
5694,15,2,498987,249493.5,0.0,0.0,54.0
5695,51,1,48072,48072.0,991898.0,13.80737656656743,999.0
5696,21,1,40937,40937.0,19079.0,9.856395945002278,999.0
5697,16,3,233545,77848.33333333333,682147.0,13.43300192208025,49.0
5698,1,4,1690747,422686.75,329416.0,12.705079704380015,33.666666666666664
5699,10,4,391937,97984.25,1775040.0,14.389334079216434,33.0
5700,89,2,980931,490465.5,598094.0,13.301504883191653,29.0
5703,25,3,330969,110323.0,119706.0,11.692802369368367,41.0
5704,20,2,1451849,725924.5,0.0,0.0,61.0
5705,21,3,1572700,524233.3333333333,696567.0,13.453920698448604,38.0
5706,44,2,409428,204714.0,835696.0,13.63602138617813,26.0
5707,47,1,475918,475918.0,44337.0,10.699597376153898,999.0
5708,18,3,1516882,505627.3333333333,250238.0,12.430171740167415,8.5
5709,9,3,1056265,352088.3333333333,874909.0,13.681876302906735,37.5
5710,76,2,939866,469933.0,235798.0,12.370735026194312,27.0
5711,6,3,1534113,511371.0,1463918.0,14.196627644103899,37.5
5712,0,2,1004191,502095.5,767547.0,13.550956297204513,106.0
5713,15,4,1556168,389042.0,0.0,0.0,24.333333333333332
5716,24,1,646395,646395.0,81112.0,11.303598523188434,999.0
5718,0,2,342216,171108.0,0.0,0.0,37.0
5719,57,3,787289,262429.6666666667,0.0,0.0,28.5
5720,15,4,1070517,267629.25,0.0,0.0,25.666666666666668
5721,1,4,540499,135124.75,253011.0,12.44119219741489,39.0
5722,1,1,672012,672012.0,131737.0,11.7885703806615,999.0
5723,7,3,1182785,394261.6666666667,524965.0,13.171088777571857,39.0
5724,40,2,1218937,609468.5,0.0,0.0,3.0
5725,98,2,524851,262425.5,0.0,0.0,19.0
5726,27,4,1588885,397221.25,863568.0,13.66882908073024,26.0
5727,10,4,875324,218831.0,35226.0,10.469568113011716,30.0
5728,27,3,1408108,469369.3333333333,99296.0,11.505870638096525,25.0
5729,70,1,35937,35937.0,519549.0,13.160718331280792,999.0
5730,29,1,897464,897464.0,0.0,0.0,999.0
5731,5,5,1024075,204815.0,94641.0,11.457856631142416,28.25
5733,0,3,486237,162079.0,218236.0,12.293336907208442,49.0
5734,58,3,883795,294598.3333333333,0.0,0.0,25.0
5735,98,1,617685,617685.0,183928.0,12.122305092559088,999.0
5736,60,1,27267,27267.0,290045.0,12.57779481007338,999.0
5737,28,4,1449144,362286.0,0.0,0.0,14.333333333333334
5738,36,1,47886,47886.0,135626.0,11.81766374971191,999.0
5739,27,1,5772,5772.0,76814.0,11.24915521256476,999.0
5740,72,3,2700714,900238.0,66302.0,11.101990424019032,18.5
5741,34,3,1173721,391240.3333333333,0.0,0.0,35.5
5742,117,1,37629,37629.0,0.0,0.0,999.0
5743,38,2,229945,114972.5,112484.0,11.6305751584036,49.0
5744,16,2,588488,294244.0,351234.0,12.76921079409189,69.0
5745,115,1,128994,128994.0,135303.0,11.815279377653878,999.0
5746,110,1,40467,40467.0,159458.0,11.97954211487164,999.0
5747,44,4,814278,203569.5,0.0,0.0,15.333333333333334
5748,52,5,1338327,267665.4,729928.0,13.500702548120515,10.0
5749,68,4,1585259,396314.75,1762236.0,14.382094582676014,13.0
5750,57,1,250324,250324.0,0.0,0.0,999.0
5751,2,3,1155279,385093.0,1180855.0,13.981750157178048,34.0
5752,16,2,833913,416956.5,773492.0,13.558671899180553,8.0
5753,54,1,233263,233263.0,797489.0,13.589224574377567,999.0
5754,51,1,81632,81632.0,251736.0,12.436140170717206,999.0
5755,29,2,743922,371961.0,144273.0,11.879469548347384,10.0
5756,2,4,2540025,635006.25,0.0,0.0,29.333333333333332
5757,24,3,757549,252516.33333333334,448309.0,13.013240236385935,22.5
5758,2,2,848369,424184.5,821634.0,13.619051536494398,26.0
5760,4,3,648655,216218.33333333334,69792.0,11.153288997188483,37.5
5761,29,4,744700,186175.0,0.0,0.0,11.0
5762,61,2,1328789,664394.5,0.0,0.0,42.0
5764,12,4,1166756,291689.0,1401508.0,14.153060071257407,25.0
5766,26,2,147229,73614.5,414765.0,12.9354697847649,58.0
5767,66,4,1362765,340691.25,24196.0,10.093983937518093,12.333333333333334
5768,105,1,313266,313266.0,452215.0,13.02191522077414,999.0
5769,94,3,1753596,584532.0,364212.0,12.805494140311861,11.5
5770,71,1,13629,13629.0,566292.0,13.246866891086068,999.0
5771,79,2,363714,181857.0,55501.0,10.924174335121279,32.0
5772,15,5,1549169,309833.8,505176.0,13.13266414189796,16.5
5773,10,1,300393,300393.0,256706.0,12.455690635673255,999.0
5774,16,2,629462,314731.0,497782.0,13.117919518071346,46.0
5775,66,1,285754,285754.0,0.0,0.0,999.0
5776,25,1,364704,364704.0,226784.0,12.33175771108241,999.0
5778,38,2,1702472,851236.0,0.0,0.0,43.0
5779,7,3,608502,202834.0,0.0,0.0,22.0
5780,96,1,262545,262545.0,249195.0,12.425995014402245,999.0
5781,0,3,585164,195054.66666666666,0.0,0.0,41.0
5782,0,2,1307089,653544.5,470152.0,13.060813452627118,51.0
5783,107,2,669140,334570.0,35964.0,10.490301522301456,7.0
5784,24,2,859796,429898.0,56945.0,10.949858729358548,76.0
5785,61,3,335799,111933.0,0.0,0.0,17.5
5786,2,6,2062264,343710.6666666667,351783.0,12.770772629864748,21.8
5787,9,5,1581186,316237.2,0.0,0.0,24.0
5788,2,2,900000,450000.0,166504.0,12.022780617981773,7.0
5789,55,2,461870,230935.0,980301.0,13.795615966439515,50.0
5790,38,4,763014,190753.5,0.0,0.0,23.666666666666668
5792,2,2,628823,314411.5,0.0,0.0,69.0
5793,30,3,581048,193682.66666666666,0.0,0.0,16.0
5794,2,2,932098,466049.0,0.0,0.0,91.0
5796,79,1,18498,18498.0,603696.0,13.31082769541653,999.0
5797,54,2,254085,127042.5,0.0,0.0,2.0
5798,16,2,1275283,637641.5,591112.0,13.289762479465224,72.0
5799,25,2,646541,323270.5,0.0,0.0,31.0
5800,40,2,521056,260528.0,0.0,0.0,25.0
5801,0,4,1061934,265483.5,72778.0,11.195182731033283,33.0
5802,70,2,369916,184958.0,0.0,0.0,29.0
5803,44,2,1008664,504332.0,0.0,0.0,55.0
5804,14,1,187185,187185.0,272783.0,12.516435552205012,999.0
5805,50,5,711119,142223.8,0.0,0.0,16.0
5806,37,3,746707,248902.33333333334,987132.0,13.802560061110464,15.0
5807,11,6,2413559,402259.8333333333,504558.0,13.131440059410723,19.8
5808,32,2,507108,253554.0,315242.0,12.661099048981116,76.0
5809,91,1,678015,678015.0,787844.0,13.57705664898432,999.0
5810,33,1,408994,408994.0,0.0,0.0,999.0
5811,44,2,165199,82599.5,0.0,0.0,33.0
5812,113,1,1106875,1106875.0,86882.0,11.372317664958343,999.0
5813,3,1,98228,98228.0,860692.0,13.665493157689424,999.0
5814,16,2,677118,338559.0,0.0,0.0,35.0
5815,47,2,1206895,603447.5,316245.0,12.664275670722533,59.0
5816,39,3,1904952,634984.0,2474451.0,14.721529515327784,30.5
5817,52,1,601077,601077.0,178217.0,12.090762799018679,999.0
5818,113,2,1188026,594013.0,616527.0,13.331859018235638,2.0
5819,116,1,318315,318315.0,0.0,0.0,999.0
5820,68,3,358423,119474.33333333333,0.0,0.0,24.5
5821,34,1,398276,398276.0,306066.0,12.6315593112159,999.0
5823,37,1,46972,46972.0,211943.0,12.264077367816748,999.0
5824,60,2,132955,66477.5,49495.0,10.809647137210824,22.0
5825,65,2,961210,480605.0,826796.0,13.625314478336144,1.0
5826,49,2,633227,316613.5,470468.0,13.061485348483025,57.0
5827,41,2,449149,224574.5,1188320.0,13.988051944426937,13.0
5828,51,4,1603988,400997.0,0.0,0.0,22.333333333333332
5829,22,2,346766,173383.0,0.0,0.0,24.0
5830,90,1,92760,92760.0,0.0,0.0,999.0
5831,6,5,1587010,317402.0,541159.0,13.201470262717297,27.75
5832,13,3,1488809,496269.6666666667,0.0,0.0,30.5
5833,9,1,292797,292797.0,39746.0,10.590289645536233,999.0
5834,15,4,1850121,462530.25,0.0,0.0,25.666666666666668
5835,21,6,1854593,309098.8333333333,116989.0,11.669843740041648,19.2
5836,6,2,1113089,556544.5,0.0,0.0,75.0
5837,57,2,75591,37795.5,160768.0,11.987723831071728,47.0
5839,23,5,2500656,500131.2,71887.0,11.182864631309942,22.5
5840,36,2,991151,495575.5,388406.0,12.869809037893955,81.0
5841,19,4,962390,240597.5,119016.0,11.687021619033414,28.333333333333332
5842,13,4,732750,183187.5,0.0,0.0,12.0
5843,4,2,207968,103984.0,0.0,0.0,76.0
5844,16,6,2299038,383173.0,409803.0,12.923434275598256,17.4
5846,69,4,1105363,276340.75,525599.0,13.172295746152537,12.666666666666666
5847,0,1,469025,469025.0,280424.0,12.544061588513424,999.0
5848,37,1,109170,109170.0,0.0,0.0,999.0
5849,7,4,2019588,504897.0,0.0,0.0,34.666666666666664
5850,1,1,264852,264852.0,843844.0,13.6457241074234,999.0
5851,31,2,533164,266582.0,0.0,0.0,3.0
5852,43,3,1254865,418288.3333333333,0.0,0.0,19.0
5853,16,3,805646,268548.6666666667,251562.0,12.435448734170684,24.0
5854,11,4,1296594,324148.5,0.0,0.0,32.333333333333336
5856,0,4,711169,177792.25,0.0,0.0,39.666666666666664
5857,23,2,244176,122088.0,1108813.0,13.918801533600691,39.0
5859,8,2,344617,172308.5,0.0,0.0,25.0
5860,18,3,524719,174906.33333333334,0.0,0.0,21.0
5861,8,2,303858,151929.0,0.0,0.0,24.0
5862,43,1,39671,39671.0,797698.0,13.589486612294323,999.0
5863,117,2,798924,399462.0,233103.0,12.359239984893778,2.0
5864,52,1,120348,120348.0,594012.0,13.294656483627183,999.0
5865,19,3,1291466,430488.6666666667,76286.0,11.242257822677576,41.0
5866,105,2,1522182,761091.0,406484.0,12.915302306920163,2.0
5867,24,2,611943,305971.5,91608.0,11.425284799110793,53.0
5868,35,2,107045,53522.5,1231718.0,14.023921312644811,63.0
5869,63,1,51647,51647.0,798185.0,13.59009693197916,999.0
5870,8,3,967315,322438.3333333333,814569.0,13.610415645627297,54.0
5871,21,5,1176602,235320.4,1048357.0,13.862735688583522,21.5
5872,82,1,7949,7949.0,0.0,0.0,999.0
5874,17,5,471543,94308.6,53309.0,10.883879209816806,25.25
5876,23,3,825386,275128.6666666667,0.0,0.0,19.5
5877,10,3,1645067,548355.6666666666,368398.0,12.81692186891878,19.5
5878,6,3,714217,238072.33333333334,0.0,0.0,31.0
5879,66,2,1002926,501463.0,477016.0,13.075307408648408,3.0
5880,6,3,353539,117846.33333333333,0.0,0.0,37.0
5881,5,3,463713,154571.0,0.0,0.0,19.0
5883,64,2,261210,130605.0,0.0,0.0,16.0
5884,38,1,210694,210694.0,27106.0,10.207547276096449,999.0
5885,5,2,594465,297232.5,0.0,0.0,22.0
5888,6,5,1323179,264635.8,1222602.0,14.016492750360763,21.75
5890,21,3,459774,153258.0,424044.0,12.957594860657956,48.0
5891,5,7,2647696,378242.28571428574,208833.0,12.249294956983443,16.0
5892,108,1,145944,145944.0,108355.0,11.59317738152729,999.0
5894,21,4,1178328,294582.0,0.0,0.0,30.0
5895,98,1,305769,305769.0,0.0,0.0,999.0
5896,34,3,862926,287642.0,1332668.0,14.102694256248277,22.0
5897,51,2,543598,271799.0,764424.0,13.546879196203294,1.0
5898,101,2,1229162,614581.0,0.0,0.0,15.0
5899,2,4,882398,220599.5,0.0,0.0,38.666666666666664
5900,2,2,216642,108321.0,128252.0,11.761760154572297,11.0
5901,14,1,44898,44898.0,114509.0,11.648417434407385,999.0
5902,8,5,1779549,355909.8,574619.0,13.26146423174372,26.5
5904,62,1,66796,66796.0,0.0,0.0,999.0
5905,64,5,1905452,381090.4,0.0,0.0,13.25
5906,33,1,1219905,1219905.0,1966007.0,14.491515648856963,999.0
5907,4,4,877204,219301.0,0.0,0.0,36.0
5908,119,1,342498,342498.0,706504.0,13.468085558222512,999.0
5909,30,3,477691,159230.33333333334,174907.0,12.072015400383732,42.0
5910,42,3,893917,297972.3333333333,287464.0,12.568856392678297,32.5
5911,17,3,1209412,403137.3333333333,881329.0,13.689187409130191,41.0
5912,69,3,619901,206633.66666666666,56594.0,10.94367592106652,20.5
5913,76,1,391508,391508.0,616010.0,13.331020099499078,999.0
5914,0,5,1121451,224290.2,0.0,0.0,20.75
5915,68,2,653858,326929.0,0.0,0.0,18.0
5916,43,3,620586,206862.0,167239.0,12.0271851854705,20.5
5917,38,4,1410555,352638.75,0.0,0.0,14.333333333333334
5918,48,3,1369976,456658.6666666667,320046.0,12.676223138990833,30.5
5919,62,2,601467,300733.5,0.0,0.0,3.0
5920,32,1,13132,13132.0,136278.0,11.82245953391411,999.0
5921,12,2,406223,203111.5,322184.0,12.682881193706473,81.0
5922,5,1,984115,984115.0,55982.0,10.932803352201582,999.0
5923,54,2,412915,206457.5,0.0,0.0,6.0
5925,3,5,1283734,256746.8,0.0,0.0,28.75
5926,51,3,1202114,400704.6666666667,0.0,0.0,23.5
5927,113,1,471266,471266.0,492665.0,13.107586738641286,999.0
5928,1,4,1605631,401407.75,272854.0,12.51669579753352,39.333333333333336
5929,23,5,1227263,245452.6,406893.0,12.916307988243314,23.5
5930,44,5,2241957,448391.4,157420.0,11.966679024109247,16.5
5931,13,2,56721,28360.5,861498.0,13.666429174183342,1.0
5932,99,2,166484,83242.0,0.0,0.0,13.0
5933,116,1,40984,40984.0,119845.0,11.693962864253422,999.0
5934,65,3,450831,150277.0,191024.0,12.160159588515768,26.5
5935,111,1,99414,99414.0,243572.0,12.403171971236533,999.0
5936,57,1,686574,686574.0,0.0,0.0,999.0
5937,82,2,576861,288430.5,376298.0,12.838139319123838,33.0
5938,111,1,220366,220366.0,0.0,0.0,999.0
5939,105,2,1524820,762410.0,500426.0,13.123217012953807,10.0
5940,14,2,439323,219661.5,283738.0,12.555810080506484,96.0
5943,42,2,1778769,889384.5,506164.0,13.134617982071328,60.0
5944,18,3,736792,245597.33333333334,0.0,0.0,37.5
5945,36,1,212414,212414.0,197493.0,12.193463483115003,999.0
5946,38,3,228593,76197.66666666667,74974.0,11.22491000361721,23.5
5947,0,4,1698710,424677.5,581154.0,13.272772781665575,39.0
5948,17,1,20422,20422.0,0.0,0.0,999.0
5949,48,3,1410706,470235.3333333333,0.0,0.0,25.0
5951,20,3,1072714,357571.3333333333,0.0,0.0,43.5
5952,37,1,120944,120944.0,851885.0,13.655207994042156,999.0
5953,31,4,501736,125434.0,711303.0,13.474855184212052,18.0
5954,61,1,143823,143823.0,1873368.0,14.44324897216643,999.0
5955,100,1,645279,645279.0,0.0,0.0,999.0
5956,85,1,562014,562014.0,0.0,0.0,999.0
5957,12,7,2843592,406227.4285714286,0.0,0.0,17.5
5958,11,2,454089,227044.5,769043.0,13.55290346401609,11.0
5959,55,3,908300,302766.6666666667,1456141.0,14.1913010304558,29.5
5961,43,4,769008,192252.0,1685980.0,14.337858148204045,18.0
5962,0,2,736048,368024.0,0.0,0.0,73.0
5963,11,4,1278700,319675.0,144339.0,11.879926906626265,25.666666666666668
5964,66,3,349935,116645.0,0.0,0.0,20.0
5965,39,3,1261298,420432.6666666667,515642.0,13.153169944552683,30.0
5966,64,1,466795,466795.0,0.0,0.0,999.0
5967,100,1,101430,101430.0,49586.0,10.811483981585463,999.0
5968,0,1,38070,38070.0,0.0,0.0,999.0
5969,6,2,863919,431959.5,442564.0,13.000342625297819,50.0
5970,80,3,1125610,375203.3333333333,0.0,0.0,7.0
5971,82,3,1400582,466860.6666666667,595401.0,13.296992086644499,18.5
5972,3,4,480612,120153.0,0.0,0.0,33.0
5973,36,3,1222405,407468.3333333333,0.0,0.0,34.5
5975,43,2,257608,128804.0,0.0,0.0,60.0
5976,31,1,437734,437734.0,126183.0,11.74549643816731,999.0
5977,25,2,251294,125647.0,478035.0,13.077441322445182,50.0
5978,11,1,81528,81528.0,0.0,0.0,999.0
5979,38,4,445857,111464.25,801125.0,13.593773517050405,25.0
5980,28,2,137523,68761.5,0.0,0.0,89.0
5981,51,3,670506,223502.0,565018.0,13.244614637881742,32.0
5982,9,5,1681373,336274.6,470524.0,13.061604371558765,25.5
5983,106,3,2005730,668576.6666666666,1176893.0,13.978389322713578,4.0
5985,38,4,1200208,300052.0,1266660.0,14.051894862334287,23.333333333333332
5987,28,1,121280,121280.0,316302.0,12.664455893915218,999.0
5988,9,1,366304,366304.0,1851511.0,14.431513160546235,999.0
5989,17,4,1301706,325426.5,23899.0,10.081633737919603,27.0
5990,88,2,512880,256440.0,1548980.0,14.253107853345728,23.0
5991,30,3,1838118,612706.0,759789.0,13.5407973582908,38.0
5992,8,4,1327361,331840.25,0.0,0.0,33.0
5993,28,1,61738,61738.0,867856.0,13.673782233526506,999.0
5994,90,1,48282,48282.0,217954.0,12.29204389844492,999.0
5995,34,1,132465,132465.0,85997.0,11.36207931915127,999.0
5997,24,3,610018,203339.33333333334,153401.0,11.940817205639949,37.5
5998,68,2,185092,92546.0,551236.0,13.219920122698674,21.0
5999,41,6,2923098,487183.0,1364041.0,14.125962908700343,13.0
6000,41,2,324906,162453.0,153587.0,11.942028971643792,7.0
6001,53,2,491959,245979.5,474414.0,13.069837745052801,40.0
6002,23,4,862637,215659.25,0.0,0.0,26.666666666666668
6003,10,4,664704,166176.0,12124.0,9.403024715805683,29.333333333333332
6004,50,2,104552,52276.0,0.0,0.0,54.0
6005,54,2,686971,343485.5,457894.0,13.03439517917085,42.0
6006,20,2,559376,279688.0,572453.0,13.257687661837371,67.0
6007,93,1,1055855,1055855.0,683928.0,13.435609390047382,999.0
6008,42,3,1019525,339841.6666666667,0.0,0.0,28.5
6011,41,4,1028412,257103.0,1171720.0,13.973984166172091,24.333333333333332
6012,1,5,3339069,667813.8,26936.0,10.201256085188918,17.5
6013,31,3,1486055,495351.6666666667,1346324.0,14.11288921620738,21.5
6014,77,2,1304325,652162.5,1699146.0,14.345636918394527,31.0
6015,114,1,90014,90014.0,0.0,0.0,999.0
6016,18,3,939786,313262.0,250725.0,12.432115988381998,21.0
6017,17,3,748713,249571.0,2162738.0,14.586886031912474,29.5
6018,33,5,862689,172537.8,0.0,0.0,14.25
6019,49,2,519211,259605.5,0.0,0.0,10.0
6020,33,1,507228,507228.0,108465.0,11.594192038798576,999.0
6021,26,2,245701,122850.5,1201085.0,13.998736705492634,34.0
6022,59,6,2670643,445107.1666666667,54937.0,10.913960555637539,11.4
6023,5,5,242926,48585.2,1668200.0,14.327256358237976,24.5
6024,1,2,92219,46109.5,362912.0,12.801918415100195,107.0
6025,46,3,1311299,437099.6666666667,127672.0,11.757227586619312,23.5
6026,3,5,2133215,426643.0,0.0,0.0,19.25
6027,16,4,2664428,666107.0,812922.0,13.608391673097474,32.666666666666664
6028,38,1,263524,263524.0,1004960.0,13.820459292752194,999.0
6029,87,1,210856,210856.0,0.0,0.0,999.0
6031,6,2,1146023,573011.5,286776.0,12.566460189233771,38.0
6032,36,3,522568,174189.33333333334,619580.0,13.336798722109545,31.5
6033,48,2,1099880,549940.0,0.0,0.0,58.0
6034,16,2,314841,157420.5,213765.0,12.27263723779877,30.0
6035,75,2,1738001,869000.5,0.0,0.0,30.0
6036,44,1,504435,504435.0,0.0,0.0,999.0
6037,13,5,976570,195314.0,984117.0,13.799501087543906,17.0
6038,7,4,1323229,330807.25,342552.0,12.744181669238266,22.0
6039,13,2,1498908,749454.0,1328800.0,14.09978758983964,84.0
6040,12,2,338075,169037.5,116716.0,11.667507480330368,1.0
6041,36,2,684028,342014.0,12997.0,9.472550778454295,24.0
6042,34,2,973418,486709.0,460396.0,13.039844439735655,29.0
6043,71,3,1181958,393986.0,0.0,0.0,24.0
6044,50,1,405375,405375.0,28550.0,10.259447240740453,999.0
6045,61,2,370590,185295.0,0.0,0.0,13.0
6046,4,1,557331,557331.0,0.0,0.0,999.0
6047,12,4,757406,189351.5,1783780.0,14.394245826739198,16.0
6048,51,2,573844,286922.0,625377.0,13.346111545900728,6.0
6049,56,1,230176,230176.0,87527.0,11.379714021156627,999.0
6050,52,4,1691786,422946.5,0.0,0.0,20.0
6051,41,3,1264644,421548.0,206454.0,12.237837749960173,25.5
6052,117,1,85959,85959.0,778924.0,13.565670042939368,999.0
6053,109,1,165376,165376.0,133878.0,11.804691685921807,999.0
6054,27,1,139337,139337.0,1169721.0,13.972276671703355,999.0
6055,4,4,663413,165853.25,0.0,0.0,11.666666666666666
6056,22,2,142071,71035.5,0.0,0.0,74.0
6057,16,4,1484778,371194.5,226652.0,12.33117549254877,26.0
6058,35,2,702779,351389.5,42511.0,10.657541667999595,42.0
6059,28,2,468657,234328.5,0.0,0.0,58.0
6060,24,1,754584,754584.0,255618.0,12.451443333621095,999.0
6061,3,6,2047020,341170.0,687175.0,13.440345724711698,17.4
6062,69,2,703512,351756.0,404797.0,12.911143456231725,3.0
6063,38,1,92089,92089.0,2069167.0,14.542657152077938,999.0
6064,74,2,1501779,750889.5,431855.0,12.97584747832501,33.0
6065,60,2,392997,196498.5,0.0,0.0,58.0
6066,5,3,552163,184054.33333333334,1098420.0,13.909384251971273,53.5
6067,0,2,426886,213443.0,104400.0,11.555994532928862,103.0
6069,50,2,471821,235910.5,682785.0,13.433936765884367,44.0
6070,20,2,161824,80912.0,459327.0,13.037519830789744,0.0
6071,90,3,295210,98403.33333333333,248131.0,12.421716141612555,12.5
6072,49,3,1211643,403881.0,202084.0,12.216443679954391,34.5
6073,3,4,716742,179185.5,0.0,0.0,20.0
6074,15,4,824953,206238.25,1508220.0,14.226441368536522,34.0
6075,46,3,1346555,448851.6666666667,24598.0,10.1104610706877,32.5
6077,60,2,706034,353017.0,173657.0,12.064843126791436,5.0
6078,19,4,452653,113163.25,34657.0,10.45328385820019,29.333333333333332
6079,18,5,2590554,518110.8,0.0,0.0,20.5
6080,14,4,1386145,346536.25,118908.0,11.686113773674624,27.333333333333332
6081,28,4,1593165,398291.25,0.0,0.0,16.0
6082,59,2,159901,79950.5,331077.0,12.710109276145035,32.0
6083,52,1,136684,136684.0,990713.0,13.8061811742835,999.0
6084,70,4,1516600,379150.0,256388.0,12.454451101392278,10.666666666666666
6085,67,1,173012,173012.0,310310.0,12.645330299373088,999.0
6086,112,2,471344,235672.0,0.0,0.0,1.0
6087,80,3,599017,199672.33333333334,0.0,0.0,5.5
6088,41,2,499020,249510.0,359695.0,12.79301450924379,53.0
6089,39,1,88637,88637.0,606084.0,13.314775519241776,999.0
6090,94,1,128228,128228.0,0.0,0.0,999.0
6091,58,2,661700,330850.0,657327.0,13.395938411853429,8.0
6092,8,5,1424132,284826.4,245667.0,12.411736309897048,27.75
6093,3,5,973296,194659.2,120079.0,11.695913466307344,16.0
6094,50,1,29106,29106.0,131274.0,11.78504963850606,999.0
6095,30,1,225426,225426.0,1471420.0,14.201739158500244,999.0
6096,27,2,653830,326915.0,561285.0,13.237985858520531,51.0
6097,105,1,99645,99645.0,0.0,0.0,999.0
6098,49,2,678742,339371.0,0.0,0.0,26.0
6099,2,4,1525939,381484.75,0.0,0.0,33.666666666666664
6100,82,1,494856,494856.0,0.0,0.0,999.0
6101,23,4,2164729,541182.25,620205.0,13.337806959900304,28.333333333333332
6102,32,1,574767,574767.0,0.0,0.0,999.0
6103,27,4,510683,127670.75,835255.0,13.635493543671203,24.0
6104,63,2,702081,351040.5,153265.0,11.93993025291638,2.0
6105,6,2,728991,364495.5,1132700.0,13.940115604034713,25.0
6106,50,2,1191933,595966.5,0.0,0.0,39.0
6107,21,3,1019459,339819.6666666667,0.0,0.0,37.0
6108,23,1,203972,203972.0,674726.0,13.422063443600509,999.0
6109,17,3,439962,146654.0,803284.0,13.596464849013579,19.0
6111,22,3,1471257,490419.0,518289.0,13.158290210146406,46.0
6114,13,2,628820,314410.0,0.0,0.0,93.0
6115,12,2,951670,475835.0,1172177.0,13.974374114720037,100.0
6116,5,1,225252,225252.0,1255860.0,14.04333195109623,999.0
6117,22,4,658414,164603.5,772756.0,13.557719918510436,29.666666666666668
6118,87,2,413297,206648.5,314482.0,12.658685299607605,19.0
6119,65,3,1305762,435254.0,704607.0,13.465396898784512,13.5
6120,29,3,1366566,455522.0,318434.0,12.671173651534211,26.0
6121,48,3,576712,192237.33333333334,359342.0,12.792032643090884,31.5
6122,8,5,1959889,391977.8,1099509.0,13.910375183978795,21.0
6125,42,5,1121703,224340.6,0.0,0.0,15.75
6126,22,3,1275368,425122.6666666667,6850.0,8.832149906002899,45.0
6127,75,5,2708119,541623.8,191464.0,12.162460303274779,11.0
6128,102,1,772465,772465.0,772872.0,13.557870019116942,999.0
6129,100,1,470048,470048.0,904345.0,13.71496730950959,999.0
6130,15,1,420382,420382.0,35472.0,10.476527122708163,999.0
6131,20,5,1123176,224635.2,73494.0,11.204972655676087,23.75
6132,53,2,801679,400839.5,234424.0,12.364890986287826,44.0
6133,4,4,970604,242651.0,630098.0,13.353632228879214,37.333333333333336
6134,39,1,110436,110436.0,12782.0,9.455871442168021,999.0
6136,22,3,564015,188005.0,547812.0,13.213689266818324,25.5
6137,12,3,364493,121497.66666666667,124448.0,11.73165127240789,45.0
6138,58,2,313755,156877.5,57612.0,10.961503515663267,28.0
6139,42,2,2348550,1174275.0,0.0,0.0,77.0
6140,99,1,251825,251825.0,1192405.0,13.991483672641895,999.0
6143,94,1,214743,214743.0,713958.0,13.478580816703772,999.0
6144,35,4,1259778,314944.5,0.0,0.0,20.333333333333332
6145,29,2,183916,91958.0,399825.0,12.898784731450172,67.0
6146,6,3,996263,332087.6666666667,295915.0,12.597830909248176,47.0
6148,85,2,387167,193583.5,289869.0,12.577187825594926,27.0
6149,13,3,693326,231108.66666666666,238172.0,12.380752579352782,24.0
6150,32,1,154363,154363.0,0.0,0.0,999.0
6151,21,5,1184310,236862.0,599651.0,13.304104765933218,18.25
6152,17,2,1154513,577256.5,255244.0,12.449979147196462,34.0
6153,36,1,134076,134076.0,0.0,0.0,999.0
6154,14,1,744728,744728.0,182927.0,12.11684791178175,999.0
6155,36,4,1563474,390868.5,301028.0,12.614961884605032,21.666666666666668
6156,73,1,622708,622708.0,0.0,0.0,999.0
6157,118,1,371774,371774.0,249498.0,12.427210186149646,999.0
6158,38,2,485639,242819.5,0.0,0.0,41.0
6159,74,2,903186,451593.0,308335.0,12.638945376437702,30.0
6161,51,2,57616,28808.0,552954.0,13.223031902871522,36.0
6162,24,4,1586325,396581.25,629112.0,13.35206616978588,17.333333333333332
6164,27,4,1453025,363256.25,25873.0,10.160993882477847,13.0
6165,31,2,673358,336679.0,0.0,0.0,18.0
6166,42,1,196235,196235.0,1429671.0,14.172955605297254,999.0
6167,32,3,805944,268648.0,642846.0,13.373662027782986,37.5
6168,34,2,159824,79912.0,150715.0,11.923152550179886,35.0
6169,10,3,1561820,520606.6666666667,232782.0,12.357861968118051,38.0
6170,0,1,148762,148762.0,0.0,0.0,999.0
6171,3,1,31742,31742.0,377622.0,12.841651622415432,999.0
6172,43,2,181373,90686.5,662025.0,13.403060109072378,50.0
6173,24,1,418416,418416.0,0.0,0.0,999.0
6174,4,2,767476,383738.0,0.0,0.0,84.0
6176,21,5,1746571,349314.2,0.0,0.0,20.25
6177,28,3,682135,227378.33333333334,0.0,0.0,35.5
6180,38,4,1359641,339910.25,544415.0,13.207468939481863,12.666666666666666
6182,98,1,348044,348044.0,817706.0,13.614259360710223,999.0
6183,11,2,718457,359228.5,185122.0,12.128775748000601,105.0
6184,4,3,1678497,559499.0,597230.0,13.30005925220819,44.5
6185,66,3,662020,220673.33333333334,0.0,0.0,21.0
6186,66,1,486453,486453.0,428222.0,12.96739936691334,999.0
6187,7,4,1240359,310089.75,988468.0,13.803912560453607,31.0
6188,0,5,891511,178302.2,63734.0,11.062489141217021,14.25
6189,84,1,113605,113605.0,293835.0,12.590777067550363,999.0
6190,64,2,701520,350760.0,1169502.0,13.972089430201883,28.0
6192,26,2,410855,205427.5,481714.0,13.085107931846997,35.0
6193,3,1,665016,665016.0,0.0,0.0,999.0
6194,19,2,380983,190491.5,15241.0,9.631810054226063,24.0
6196,40,4,853951,213487.75,0.0,0.0,21.0
6197,81,1,71717,71717.0,554370.0,13.225589416687368,999.0
6198,0,5,177416,35483.2,0.0,0.0,24.75
6199,2,4,912917,228229.25,209599.0,12.252956231429025,25.0
6200,66,2,1322579,661289.5,489763.0,13.101678921411487,44.0
6201,24,1,9798,9798.0,393147.0,12.881941410289846,999.0
6202,6,1,186716,186716.0,0.0,0.0,999.0
6203,58,4,2097056,524264.0,266972.0,12.494902808673546,18.333333333333332
6205,72,3,639115,213038.33333333334,0.0,0.0,16.0
6206,91,2,900979,450489.5,0.0,0.0,26.0
6207,114,1,239829,239829.0,0.0,0.0,999.0
6208,95,1,594198,594198.0,374484.0,12.833307027732713,999.0
6209,4,2,160923,80461.5,0.0,0.0,106.0
6210,78,2,1562447,781223.5,657856.0,13.396742861460941,14.0
6211,23,4,2190823,547705.75,43524.0,10.681090764636389,10.0
6212,17,3,222676,74225.33333333333,156103.0,11.958277730774835,25.0
6213,64,1,114445,114445.0,458336.0,13.035360000382699,999.0
6214,72,2,121000,60500.0,499651.0,13.121667135083886,20.0
6215,55,1,1044155,1044155.0,35639.0,10.481223881584746,999.0
6217,27,2,451471,225735.5,0.0,0.0,1.0
6218,50,5,1618382,323676.4,1375468.0,14.13430532183362,14.75
6219,19,1,283784,283784.0,0.0,0.0,999.0
6220,13,4,1659971,414992.75,371095.0,12.824216068224766,18.666666666666668
6221,108,2,144739,72369.5,451926.0,13.021275941346346,4.0
6222,53,2,1753140,876570.0,1606661.0,14.28966929279014,25.0
6223,39,1,25889,25889.0,0.0,0.0,999.0
6224,18,2,230528,115264.0,200334.0,12.207746244282182,4.0
6225,80,1,647853,647853.0,0.0,0.0,999.0
6226,0,3,79285,26428.333333333332,591024.0,13.289613596677999,33.5
6227,55,1,499465,499465.0,644688.0,13.376523308953677,999.0
6228,20,6,1139493,189915.5,0.0,0.0,15.8
6229,64,5,1653543,330708.6,97375.0,11.486335052696697,8.5
6230,25,3,528319,176106.33333333334,50029.0,10.82037810448225,34.5
6231,98,1,384868,384868.0,24417.0,10.103075844228801,999.0
6232,54,2,1507077,753538.5,414739.0,12.935407096851831,51.0
6233,70,2,1064991,532495.5,388594.0,12.870292949141723,16.0
6234,17,3,960605,320201.6666666667,0.0,0.0,29.0
6236,97,2,777024,388512.0,0.0,0.0,18.0
6238,79,1,612328,612328.0,41728.0,10.638951609723101,999.0
6239,19,2,186491,93245.5,169869.0,12.042788717613357,73.0
6240,34,5,982069,196413.8,613786.0,13.327403241406175,15.75
6241,66,3,1104658,368219.3333333333,109342.0,11.602245009423974,17.5
6242,108,1,23974,23974.0,365236.0,12.8083017369193,999.0
6243,4,3,580719,193573.0,0.0,0.0,34.0
6244,38,2,1297352,648676.0,0.0,0.0,40.0
6246,16,2,65567,32783.5,0.0,0.0,21.0
6247,59,3,647126,215708.66666666666,224548.0,12.321849225154821,18.5
6248,8,3,516934,172311.33333333334,168448.0,12.034388312337411,37.0
6250,54,3,963899,321299.6666666667,900622.0,13.710842025053374,31.0
6251,93,3,1054795,351598.3333333333,0.0,0.0,9.5
6252,32,2,486619,243309.5,371882.0,12.82633456765568,50.0
6253,4,3,328594,109531.33333333333,0.0,0.0,36.0
6254,15,2,234862,117431.0,833355.0,13.633216200800407,67.0
6255,15,1,166847,166847.0,452254.0,13.022001459028377,999.0
6256,63,2,91730,45865.0,0.0,0.0,50.0
6257,71,2,362190,181095.0,1183124.0,13.983669800945725,23.0
6258,2,6,2000936,333489.3333333333,0.0,0.0,20.8
6259,11,3,1576954,525651.3333333334,0.0,0.0,44.5
6261,99,1,194105,194105.0,124576.0,11.732679277606323,999.0
6262,17,3,759894,253298.0,0.0,0.0,20.5
6263,27,1,764268,764268.0,161536.0,11.992489497572137,999.0
6265,48,1,56795,56795.0,349662.0,12.764725112478033,999.0
6266,43,3,1251497,417165.6666666667,464616.0,13.048968689264608,10.5
6267,13,2,529966,264983.0,445736.0,13.007484370970317,87.0
6268,0,4,1245829,311457.25,99848.0,11.511414323771277,27.333333333333332
6269,17,2,149994,74997.0,692437.0,13.447973982349598,41.0
6270,15,3,1243388,414462.6666666667,25359.0,10.140928408551162,27.5
6271,21,3,779077,259692.33333333334,426959.0,12.964445611007827,39.5
6272,64,3,1373712,457904.0,0.0,0.0,14.0
6274,28,4,251512,62878.0,0.0,0.0,21.0
6276,11,3,1211017,403672.3333333333,250326.0,12.430523342157588,17.5
6277,73,2,475446,237723.0,238512.0,12.382179095162588,36.0
6278,26,3,203699,67899.66666666667,48726.0,10.79398857022398,46.5
6279,57,2,577099,288549.5,321965.0,12.68220122888941,17.0
6280,21,5,543198,108639.6,64432.0,11.07338120320919,23.25
6281,22,3,1104831,368277.0,306784.0,12.633902455493816,37.0
6282,9,2,807484,403742.0,0.0,0.0,89.0
6283,40,4,1153913,288478.25,0.0,0.0,19.333333333333332
6284,23,2,447653,223826.5,646510.0,13.379345491743809,6.0
6285,24,2,204174,102087.0,488403.0,13.098898211193339,21.0
6286,2,3,2133525,711175.0,944325.0,13.758226724494907,46.5
6287,77,3,1171951,390650.3333333333,0.0,0.0,19.0
6288,40,2,510259,255129.5,0.0,0.0,36.0
6289,9,5,952052,190410.4,58814.0,10.982152203394541,25.5
6290,119,1,176616,176616.0,0.0,0.0,999.0
6293,73,2,235515,117757.5,898416.0,13.708389604756283,44.0
6294,8,5,1320725,264145.0,0.0,0.0,16.75
6295,104,1,53704,53704.0,87533.0,11.37978256829995,999.0
6296,33,3,332350,110783.33333333333,698184.0,13.456239389606766,36.5
6297,31,3,944864,314954.6666666667,1277880.0,14.060713795343215,31.0
6298,28,2,699637,349818.5,117502.0,11.67421914415531,45.0
6300,62,3,1615105,538368.3333333334,261687.0,12.474908233435576,14.0
6301,15,5,2173944,434788.8,0.0,0.0,20.0
6303,40,3,1036603,345534.3333333333,1157999.0,13.962204937115077,38.5
6304,32,2,445182,222591.0,0.0,0.0,32.0
6305,52,3,1679819,559939.6666666666,499629.0,13.12162310346918,17.0
6307,29,3,637349,212449.66666666666,0.0,0.0,23.5
6309,16,5,480755,96151.0,90878.0,11.417284230373312,21.5
6310,56,1,145284,145284.0,290792.0,12.580366952824955,999.0
6311,17,4,1335163,333790.75,0.0,0.0,30.666666666666668
6312,9,5,1402375,280475.0,0.0,0.0,21.75
6313,39,3,212773,70924.33333333333,345722.0,12.753393155371445,31.0
6314,40,2,395418,197709.0,196580.0,12.188829839095167,77.0
6316,46,4,1887049,471762.25,466062.0,13.052076097103063,21.666666666666668
6317,69,2,1347037,673518.5,0.0,0.0,3.0
6318,72,4,826021,206505.25,0.0,0.0,15.333333333333334
6319,62,2,560526,280263.0,0.0,0.0,49.0
6321,43,3,1237618,412539.3333333333,28161.0,10.245728830477256,35.5
6322,95,1,242514,242514.0,707457.0,13.469433542779823,999.0
6323,80,3,1020615,340205.0,87510.0,11.37951977873004,10.0
6324,18,3,714896,238298.66666666666,0.0,0.0,27.5
6325,51,3,2023729,674576.3333333334,798545.0,13.590547852992954,31.5
6326,18,1,240107,240107.0,605007.0,13.31299696006605,999.0
6327,16,4,1375969,343992.25,1649265.0,14.315840898417473,25.0
6329,18,1,650199,650199.0,0.0,0.0,999.0
6331,28,5,1435436,287087.2,713980.0,13.478611630323394,20.75
6332,6,2,542509,271254.5,348198.0,12.760529434399407,105.0
6334,37,3,902911,300970.3333333333,0.0,0.0,37.5
6336,2,2,304825,152412.5,450201.0,13.017451649914914,94.0
6337,25,1,480786,480786.0,0.0,0.0,999.0
6338,75,1,42166,42166.0,121990.0,11.711702550502414,999.0
6339,26,1,66757,66757.0,0.0,0.0,999.0
6340,25,2,382247,191123.5,257593.0,12.459139981015609,64.0
6342,22,2,841813,420906.5,293563.0,12.58985095240075,65.0
6343,4,3,885776,295258.6666666667,0.0,0.0,36.0
6344,27,3,791812,263937.3333333333,0.0,0.0,28.5
6345,20,2,623661,311830.5,1784752.0,14.394790588270984,84.0
6347,57,3,1176238,392079.3333333333,413745.0,12.933007537952962,30.5
6348,61,3,290906,96968.66666666667,228839.0,12.340778348382464,16.0
6350,40,1,81251,81251.0,0.0,0.0,999.0
6351,66,4,186313,46578.25,1608138.0,14.290588167771157,16.666666666666668
6352,103,1,162914,162914.0,225105.0,12.32432668135967,999.0
6353,109,3,385375,128458.33333333333,0.0,0.0,4.5
6354,81,3,527917,175972.33333333334,724336.0,13.493012032683737,19.0
6355,33,3,538231,179410.33333333334,611947.0,13.324402590564274,16.5
6356,41,1,47563,47563.0,546846.0,13.211924334783252,999.0
6358,21,1,95616,95616.0,453646.0,13.025074641548244,999.0
6359,3,4,246167,61541.75,237672.0,12.378651058339612,8.666666666666666
6360,64,3,1243848,414616.0,0.0,0.0,14.0
6362,27,4,1168924,292231.0,21741.0,9.987001152763945,14.666666666666666
6363,24,3,1455422,485140.6666666667,1669219.0,14.327867009415437,41.5
6364,80,2,561197,280598.5,0.0,0.0,31.0
6365,83,1,322184,322184.0,1532253.0,14.242250411884626,999.0
6366,40,2,64707,32353.5,1695969.0,14.343765406498294,72.0
6367,103,1,470172,470172.0,168825.0,12.036623877718851,999.0
6368,6,3,656207,218735.66666666666,0.0,0.0,42.0
6369,47,1,110615,110615.0,404675.0,12.910842025917907,999.0
6370,35,2,591170,295585.0,0.0,0.0,57.0
6371,35,2,198435,99217.5,392293.0,12.879766837663146,57.0
6373,75,2,330488,165244.0,0.0,0.0,9.0
6374,98,1,325032,325032.0,749383.0,13.527006814700137,999.0
6375,2,3,975542,325180.6666666667,568751.0,13.25119976572463,45.5
6376,61,2,570465,285232.5,0.0,0.0,7.0
6377,3,1,219856,219856.0,0.0,0.0,999.0
6378,34,2,286850,143425.0,112748.0,11.632919388145993,64.0
6379,72,1,239209,239209.0,1479263.0,14.20705522474969,999.0
6381,39,2,769617,384808.5,824572.0,13.622620955570675,75.0
6382,34,4,697949,174487.25,317922.0,12.669564494077306,16.333333333333332
6383,31,1,160315,160315.0,569069.0,13.251758728388879,999.0
6384,15,3,211446,70482.0,854676.0,13.658478898765118,11.5
6385,17,4,1577000,394250.0,77526.0,11.25838154176552,28.666666666666668
6386,102,1,1227115,1227115.0,535566.0,13.19108127775685,999.0
6387,49,5,1063933,212786.6,708008.0,13.470212084459469,12.0
6388,4,3,734241,244747.0,82876.0,11.325112859926989,44.5
6389,22,3,932460,310820.0,0.0,0.0,45.5
6390,35,1,44317,44317.0,578036.0,13.267393159446547,999.0
6392,19,2,107584,53792.0,80432.0,11.295179818717612,32.0
6394,42,4,530666,132666.5,262292.0,12.477217478499242,8.0
6395,32,4,823536,205884.0,899440.0,13.709528738225922,18.666666666666668
6396,35,2,797542,398771.0,233508.0,12.360975899245508,8.0
6397,87,1,216694,216694.0,642900.0,13.373746025580427,999.0
6398,75,2,921430,460715.0,50336.0,10.826495672157808,19.0
6399,18,2,1615900,807950.0,0.0,0.0,4.0
6400,77,1,95052,95052.0,391036.0,12.876557463646456,999.0
6401,78,1,211175,211175.0,140963.0,11.856259817611885,999.0
6402,7,5,1283738,256747.6,77702.0,11.260649145649001,23.75
6403,34,1,449478,449478.0,0.0,0.0,999.0
6405,108,1,600096,600096.0,0.0,0.0,999.0
6406,60,2,374034,187017.0,1281774.0,14.063756394039313,24.0
6408,3,2,593560,296780.0,0.0,0.0,30.0
6409,47,3,608118,202706.0,0.0,0.0,29.0
6410,57,6,2907650,484608.3333333333,187836.0,12.143329844455147,11.8
6411,31,1,263952,263952.0,118802.0,11.685221938117094,999.0
6412,65,1,42760,42760.0,74121.0,11.213467663305627,999.0
6413,88,2,589608,294804.0,1007738.0,13.823219765514231,25.0
6414,20,6,1316377,219396.16666666666,1269089.0,14.053810666167495,11.4
6415,16,5,615893,123178.6,100599.0,11.518907536647776,25.25
6417,2,3,194301,64767.0,851009.0,13.654179158367786,33.5
6418,5,1,666664,666664.0,309848.0,12.643840361016965,999.0
6419,58,1,232213,232213.0,782104.0,13.569744281613636,999.0
6421,43,1,29449,29449.0,345925.0,12.753980158333436,999.0
6422,1,3,805149,268383.0,182772.0,12.11600022468611,28.0
6423,10,1,648498,648498.0,368313.0,12.816691114200518,999.0
6424,80,2,437201,218600.5,876601.0,13.683808348506565,25.0
6426,1,5,1945297,389059.4,575181.0,13.26244179143618,24.0
6428,9,4,1025120,256280.0,104078.0,11.552905505146379,17.666666666666668
6429,32,3,1288452,429484.0,1379360.0,14.13713090641739,30.0
6430,85,2,293485,146742.5,62549.0,11.043721515895058,17.0
6431,0,4,2092551,523137.75,151326.0,11.927198337259366,23.333333333333332
6432,73,1,274214,274214.0,298388.0,12.606153283361499,999.0
6434,24,4,1314133,328533.25,121079.0,11.704206763135655,26.333333333333332
6435,12,2,383069,191534.5,0.0,0.0,100.0
6436,50,3,686368,228789.33333333334,396650.0,12.890812079841304,32.0
6437,16,6,2711811,451968.5,0.0,0.0,19.6
6438,38,2,352493,176246.5,171383.0,12.051661931897055,70.0
6439,3,3,2010655,670218.3333333334,1448741.0,14.186206151619126,40.5
6440,58,4,1459385,364846.25,0.0,0.0,13.0
6441,101,1,413283,413283.0,1379676.0,14.13735997176653,999.0
6442,117,1,14538,14538.0,88227.0,11.387679651932478,999.0
6443,69,1,316016,316016.0,0.0,0.0,999.0
6444,79,3,1160790,386930.0,74291.0,11.215758553307232,17.5
6445,51,4,821238,205309.5,170902.0,12.04885142307483,22.0
6446,26,3,809170,269723.3333333333,127061.0,11.752430435291636,30.5
6447,55,2,218448,109224.0,187241.0,12.140157176835277,3.0
6448,101,1,39125,39125.0,0.0,0.0,999.0
6449,5,3,1681071,560357.0,1357090.0,14.120853996259099,11.0
6450,71,2,106189,53094.5,353899.0,12.776769666333555,24.0
6452,0,6,1371036,228506.0,369894.0,12.820974460562386,21.8
6453,112,1,65820,65820.0,0.0,0.0,999.0
6454,75,4,235261,58815.25,90492.0,11.413027778630203,12.0
6455,18,1,37599,37599.0,305649.0,12.630195935456872,999.0
6456,76,1,385586,385586.0,595237.0,13.296716604549093,999.0
6457,18,3,315870,105290.0,450442.0,13.017986821943298,38.5
6458,69,2,196273,98136.5,0.0,0.0,47.0
6459,68,1,152958,152958.0,0.0,0.0,999.0
6460,71,2,1074667,537333.5,203567.0,12.223755380382482,26.0
6461,88,1,317712,317712.0,121018.0,11.703702837045164,999.0
6462,10,5,1166435,233287.0,2093615.0,14.554403272507427,24.75
6463,28,3,1022183,340727.6666666667,512412.0,13.146886219486943,32.5
6464,83,3,1123876,374625.3333333333,0.0,0.0,18.0
6465,10,2,938959,469479.5,290887.0,12.580693592343332,105.0
6467,64,1,183008,183008.0,497737.0,13.117829113147632,999.0
6468,10,3,1896315,632105.0,1325432.0,14.097249756470266,29.0
6469,25,1,172012,172012.0,413912.0,12.933411085796376,999.0
6470,0,2,633283,316641.5,1374218.0,14.1333961277097,55.0
6471,5,6,2693196,448866.0,0.0,0.0,21.8
6472,38,2,850467,425233.5,78277.0,11.268021871873454,66.0
6473,0,4,1932143,483035.75,0.0,0.0,27.0
6474,26,2,629406,314703.0,224249.0,12.320516779921043,83.0
6475,36,2,451505,225752.5,0.0,0.0,28.0
6476,39,1,1179615,1179615.0,20736.0,9.93967482329784,999.0
6477,102,1,1186715,1186715.0,462892.0,13.045251204848423,999.0
6478,9,1,27095,27095.0,525699.0,13.172485986807539,999.0
6479,70,1,332448,332448.0,708875.0,13.47143589600128,999.0
6481,34,4,2159211,539802.75,509485.0,13.141157653347863,18.666666666666668
6482,70,2,454594,227297.0,454325.0,13.026570281014557,16.0
6483,49,3,1138899,379633.0,1296173.0,14.074927406141649,10.5
6484,2,2,284148,142074.0,0.0,0.0,112.0
6485,7,2,355882,177941.0,0.0,0.0,49.0
6486,24,6,3338354,556392.3333333334,346985.0,12.757039712293755,18.6
6487,54,3,257276,85758.66666666667,196170.0,12.18674200682985,19.5
6488,83,2,496605,248302.5,0.0,0.0,26.0
6489,38,2,747492,373746.0,0.0,0.0,64.0
6490,53,1,558192,558192.0,385533.0,12.862384665242944,999.0
6491,76,1,865784,865784.0,0.0,0.0,999.0
6492,1,4,1108786,277196.5,179072.0,12.095548822915468,14.333333333333334
6493,90,2,385926,192963.0,1194051.0,13.992863123075141,6.0
6494,49,1,54464,54464.0,0.0,0.0,999.0
6496,52,3,1327960,442653.3333333333,709477.0,13.472284767349546,32.0
6497,117,1,715472,715472.0,429864.0,12.971226484887659,999.0
6498,20,1,286144,286144.0,95944.0,11.471530389603842,999.0
6499,54,3,261135,87045.0,0.0,0.0,25.0
6500,15,3,1394095,464698.3333333333,0.0,0.0,28.0
6501,38,2,1058344,529172.0,400092.0,12.899452299066184,44.0
6502,92,1,35698,35698.0,0.0,0.0,999.0
6504,75,1,25281,25281.0,66906.0,11.111058874424351,999.0
6506,1,3,1207275,402425.0,0.0,0.0,52.0
6507,20,2,517015,258507.5,937335.0,13.75079708819075,66.0
6508,54,6,846054,141009.0,159752.0,11.981384151406175,3.2
6509,29,4,2763157,690789.25,103245.0,11.544869769152733,27.0
6510,2,3,853936,284645.3333333333,59904.0,11.000515253074,52.5
6511,70,1,54684,54684.0,20769.0,9.941264916870159,999.0
6512,0,1,22305,22305.0,59780.0,10.998443163700694,999.0
6513,9,2,1179560,589780.0,0.0,0.0,100.0
6514,19,3,870177,290059.0,0.0,0.0,22.5
6515,72,2,751270,375635.0,47120.0,10.760474040511141,2.0
6516,25,2,355755,177877.5,508655.0,13.139527232082727,22.0
6518,39,4,2224509,556127.25,231999.0,12.354492650648448,14.0
6519,27,3,223387,74462.33333333333,1008956.0,13.824427681975706,43.5
6522,41,1,432838,432838.0,64726.0,11.07793370410372,999.0
6523,26,2,1199177,599588.5,101294.0,11.525792330677053,54.0
6524,24,1,910855,910855.0,0.0,0.0,999.0
6525,67,1,1066385,1066385.0,0.0,0.0,999.0
6526,11,7,1802033,257433.2857142857,0.0,0.0,16.833333333333332
6527,5,2,667573,333786.5,33014.0,10.404717282628672,72.0
6528,96,4,1804896,451224.0,41940.0,10.644019147757733,5.0
6529,23,1,153372,153372.0,1124685.0,13.93301444355079,999.0
6530,57,3,712863,237621.0,36126.0,10.49479578720404,25.5
6531,39,2,739671,369835.5,237484.0,12.377859742567553,79.0
6532,5,2,246994,123497.0,5004.0,8.518192691749322,34.0
6533,28,2,918580,459290.0,0.0,0.0,74.0
6534,97,1,9576,9576.0,608636.0,13.318977309864879,999.0
6535,33,4,1537475,384368.75,93020.0,11.440580553096567,20.666666666666668
6536,5,1,38130,38130.0,271507.0,12.511746883852034,999.0
6539,56,2,176864,88432.0,528525.0,13.177847278919629,18.0
6541,47,2,621810,310905.0,365058.0,12.807814263337288,63.0
6542,2,1,490125,490125.0,62014.0,11.03513157024943,999.0
6543,17,5,2851087,570217.4,1686843.0,14.338369885408811,9.25
6544,8,6,1434868,239144.66666666666,0.0,0.0,21.0
6545,116,1,313004,313004.0,597315.0,13.300201565570735,999.0
6547,42,2,251962,125981.0,678011.0,13.42692026588095,32.0
6548,19,1,176923,176923.0,216886.0,12.287131759564637,999.0
6549,16,2,264183,132091.5,347772.0,12.75930524706658,61.0
6550,30,2,466986,233493.0,713860.0,13.478443544498376,14.0
6551,28,3,844344,281448.0,509848.0,13.141869882429264,19.5
6552,68,1,77022,77022.0,633066.0,13.358331540706782,999.0
6553,56,3,318081,106027.0,0.0,0.0,22.5
6554,21,3,1208494,402831.3333333333,53018.0,10.878405618857906,37.5
6555,1,2,355173,177586.5,0.0,0.0,86.0
6556,2,2,954918,477459.0,0.0,0.0,66.0
6557,38,3,130997,43665.666666666664,380845.0,12.850150372923146,16.5
6558,31,4,555054,138763.5,57443.0,10.95856583918051,25.0
6559,22,2,1346453,673226.5,21887.0,9.993693820422276,55.0
6560,112,2,1049259,524629.5,108374.0,11.593352714082844,3.0
6561,12,4,1253685,313421.25,334219.0,12.719554737757374,29.333333333333332
6562,42,1,45754,45754.0,0.0,0.0,999.0
6563,68,1,72888,72888.0,0.0,0.0,999.0
6564,23,4,657769,164442.25,167166.0,12.026748591731975,28.0
6565,2,2,235637,117818.5,0.0,0.0,100.0
6566,15,4,588298,147074.5,916224.0,13.728017246681148,30.666666666666668
6567,37,2,616302,308151.0,686417.0,13.439242050588277,38.0
6569,6,4,1168433,292108.25,124435.0,11.731546806489801,36.333333333333336
6570,42,2,506201,253100.5,0.0,0.0,2.0
6571,67,3,1439749,479916.3333333333,317803.0,12.669190119537953,11.0
6572,73,2,300714,150357.0,316314.0,12.664493831501568,27.0
6573,36,2,798797,399398.5,0.0,0.0,57.0
6574,77,2,569328,284664.0,0.0,0.0,42.0
6575,9,1,699655,699655.0,0.0,0.0,999.0
6576,31,2,913242,456621.0,71464.0,11.176963098343215,18.0
6577,2,3,1119491,373163.6666666667,0.0,0.0,35.0
6578,42,2,166531,83265.5,0.0,0.0,73.0
6579,37,2,1391010,695505.0,549004.0,13.215862827918318,2.0
6580,14,2,1131746,565873.0,578039.0,13.267398349412266,68.0
6582,8,2,891891,445945.5,596840.0,13.299406025243874,16.0
6583,79,2,1242602,621301.0,0.0,0.0,6.0
6584,43,1,51660,51660.0,1018606.0,13.833946565586526,999.0
6585,9,3,956756,318918.6666666667,19629.0,9.884814287270506,30.0
6587,30,4,870010,217502.5,166785.0,12.024466832530507,14.0
6588,24,3,1046665,348888.3333333333,0.0,0.0,22.5
6589,15,2,1056651,528325.5,0.0,0.0,83.0
6590,52,1,54857,54857.0,0.0,0.0,999.0
6592,9,7,796688,113812.57142857143,0.0,0.0,18.333333333333332
6593,5,6,2183809,363968.1666666667,944808.0,13.75873806964549,18.6
6594,31,2,1484028,742014.0,0.0,0.0,40.0
6595,27,1,693848,693848.0,0.0,0.0,999.0
6596,66,3,284693,94897.66666666667,104444.0,11.556415896044756,9.0
6597,79,2,941563,470781.5,0.0,0.0,26.0
6598,29,3,385858,128619.33333333333,0.0,0.0,11.5
6599,95,1,12309,12309.0,109692.0,11.605440833835374,999.0
6600,40,2,308193,154096.5,394386.0,12.88508793970693,65.0
6601,52,1,876468,876468.0,378639.0,12.844341164580129,999.0
6603,17,3,1249468,416489.3333333333,0.0,0.0,46.5
6604,77,4,1404408,351102.0,1133675.0,13.940976008160018,7.333333333333333
6607,30,4,641480,160370.0,0.0,0.0,21.333333333333332
6608,3,3,646271,215423.66666666666,0.0,0.0,54.0
6609,98,3,1035909,345303.0,721365.0,13.488901915761467,5.0
6610,72,1,45643,45643.0,1402464.0,14.153741960630876,999.0
6611,14,4,1496821,374205.25,1094943.0,13.906213778372454,25.0
6612,1,1,103656,103656.0,24906.0,10.122904167442703,999.0
6613,22,4,1223246,305811.5,670995.0,13.416518454684187,17.333333333333332
6615,76,1,725517,725517.0,198137.0,12.196719036603058,999.0
6616,33,4,759166,189791.5,868375.0,13.674380079570739,15.333333333333334
6617,27,3,812550,270850.0,0.0,0.0,23.0
6618,10,3,2061235,687078.3333333334,15437.0,9.6445872815098,48.5
6619,46,2,546947,273473.5,0.0,0.0,68.0
6620,107,1,199322,199322.0,1377332.0,14.135659578539974,999.0
6621,2,3,549574,183191.33333333334,0.0,0.0,19.0
6622,33,3,1978376,659458.6666666666,793924.0,13.584744277329506,19.5
6623,32,3,625745,208581.66666666666,757415.0,13.537667919127681,38.5
6624,34,2,201795,100897.5,231326.0,12.351587572924446,29.0
6625,10,4,622845,155711.25,163952.0,12.007335080367048,14.666666666666666
6627,14,2,210923,105461.5,257322.0,12.458087384092138,29.0
6628,27,7,3262027,466003.85714285716,1326933.0,14.098381575830283,13.0
6629,75,1,461619,461619.0,0.0,0.0,999.0
6630,86,2,726433,363216.5,0.0,0.0,7.0
6631,49,2,555075,277537.5,992784.0,13.808269403975157,46.0
6632,1,4,1096511,274127.75,0.0,0.0,33.0
6633,113,1,54639,54639.0,0.0,0.0,999.0
6634,40,2,682263,341131.5,146608.0,11.895524458091915,45.0
6635,87,2,156031,78015.5,81048.0,11.302809189024783,7.0
6636,28,2,630580,315290.0,102444.0,11.5370813481813,54.0
6637,0,4,366376,91594.0,93127.0,11.441730169928077,31.0
6638,21,2,207454,103727.0,471465.0,13.063602268169257,93.0
6639,30,2,326461,163230.5,52529.0,10.869139713948007,17.0
6640,8,2,610020,305010.0,446335.0,13.008827310595269,95.0
6641,28,3,1853571,617857.0,0.0,0.0,19.5
6642,76,5,1764064,352812.8,0.0,0.0,9.25
6643,96,2,99728,49864.0,0.0,0.0,10.0
6644,3,4,624021,156005.25,0.0,0.0,26.0
6645,8,3,561909,187303.0,0.0,0.0,9.5
6646,17,5,1793607,358721.4,0.0,0.0,22.0
6647,25,5,1578427,315685.4,0.0,0.0,23.5
6648,8,2,1162410,581205.0,0.0,0.0,89.0
6649,32,2,268214,134107.0,307781.0,12.637147019144757,73.0
6650,46,3,654409,218136.33333333334,0.0,0.0,16.5
6651,34,5,502947,100589.4,0.0,0.0,20.75
6652,37,2,461663,230831.5,0.0,0.0,30.0
6653,66,4,627481,156870.25,62854.0,11.048585765348932,12.666666666666666
6654,21,2,1301407,650703.5,0.0,0.0,93.0
6655,17,3,960901,320300.3333333333,666833.0,13.410296418360879,28.0
6656,108,2,166460,83230.0,224865.0,12.323259948217348,9.0
6657,45,1,311045,311045.0,281790.0,12.548920940392344,999.0
6658,4,4,2166402,541600.5,255813.0,12.452205896887248,37.333333333333336
6659,39,2,1145491,572745.5,0.0,0.0,57.0
6660,34,2,838903,419451.5,1276509.0,14.059640349553868,48.0
6661,27,2,416411,208205.5,571120.0,13.25535637512032,38.0
6662,79,1,248565,248565.0,0.0,0.0,999.0
6664,89,2,182079,91039.5,339114.0,12.734094561874418,20.0
6665,68,4,1642766,410691.5,500648.0,13.12366053573058,14.666666666666666
6666,82,1,260306,260306.0,903952.0,13.714532646872284,999.0
6667,93,1,436232,436232.0,990029.0,13.805490524681948,999.0
6668,60,1,56476,56476.0,0.0,0.0,999.0
6670,32,2,546204,273102.0,0.0,0.0,32.0
6671,94,1,55122,55122.0,923743.0,13.736190255959585,999.0
6672,66,5,1060373,212074.6,599740.0,13.304253174336742,8.5
6673,25,1,732125,732125.0,20494.0,9.927936232938437,999.0
6674,12,2,521655,260827.5,216582.0,12.28572912478096,43.0
6675,75,1,466346,466346.0,681183.0,13.431587739532404,999.0
6676,20,2,110928,55464.0,1173937.0,13.975874467072737,36.0
6677,44,4,1107773,276943.25,0.0,0.0,23.666666666666668
6678,32,4,1554953,388738.25,1227545.0,14.020527612490412,28.333333333333332
6679,29,1,424941,424941.0,776002.0,13.561911665137265,999.0
6680,35,1,531774,531774.0,65403.0,11.088338697654477,999.0
6681,21,5,1873993,374798.6,0.0,0.0,19.0
6682,61,2,462536,231268.0,0.0,0.0,32.0
6683,40,1,243669,243669.0,148272.0,11.906810448165443,999.0
6684,102,1,108783,108783.0,0.0,0.0,999.0
6685,16,3,1017607,339202.3333333333,629422.0,13.352558805683891,42.0
6686,11,3,953600,317866.6666666667,0.0,0.0,50.5
6687,60,2,217142,108571.0,531678.0,13.183795202756079,45.0
6688,5,3,1522037,507345.6666666667,577875.0,13.267114591767074,52.0
6689,29,2,534726,267363.0,46012.0,10.73667924424057,74.0
6690,25,2,606686,303343.0,33984.0,10.433674529780738,78.0
6691,11,5,1994205,398841.0,62988.0,11.050715386954158,27.0
6692,20,1,79837,79837.0,214200.0,12.274670105518968,999.0
6693,46,1,483372,483372.0,0.0,0.0,999.0
6695,94,1,34169,34169.0,123242.0,11.721913295160187,999.0
6696,49,2,265861,132930.5,218156.0,12.292970266049782,51.0
6697,13,4,371211,92802.75,0.0,0.0,29.666666666666668
6698,65,3,907452,302484.0,308768.0,12.64034870349245,26.0
6699,4,2,450086,225043.0,278067.0,12.535620967078563,111.0
6700,0,7,2094942,299277.4285714286,0.0,0.0,18.166666666666668
6702,6,3,862998,287666.0,226253.0,12.329413540963902,9.0
6703,5,2,1093302,546651.0,1974760.0,14.49595793633651,11.0
6705,3,5,1705191,341038.2,1167380.0,13.9702733361354,24.25
6706,8,2,539329,269664.5,1067525.0,13.880854379760212,16.0
6707,19,5,1193107,238621.4,0.0,0.0,24.0
6708,16,2,807630,403815.0,0.0,0.0,97.0
6709,64,3,763987,254662.33333333334,0.0,0.0,7.5
6710,4,3,915387,305129.0,0.0,0.0,54.5
6711,6,2,604964,302482.0,992684.0,13.808168672158423,36.0
6712,85,3,903297,301099.0,580851.0,13.272251270165443,9.5
6713,56,3,2303202,767734.0,117558.0,11.674695614202017,13.5
6714,6,3,438336,146112.0,120631.0,11.70049986804563,45.0
6715,12,4,1204596,301149.0,711796.0,13.475548037382307,18.0
6716,45,2,472674,236337.0,652809.0,13.389041401142157,44.0
6717,20,4,2688531,672132.75,415685.0,12.937685446540339,16.333333333333332
6718,43,3,828857,276285.6666666667,364993.0,12.807636194073353,17.0
6719,43,2,971928,485964.0,0.0,0.0,48.0
6720,8,2,433589,216794.5,410715.0,12.925657257062607,30.0
6721,51,1,244798,244798.0,24261.0,10.096666619330865,999.0
6722,17,2,354433,177216.5,0.0,0.0,10.0
6723,26,2,110595,55297.5,619212.0,13.336204595869308,63.0
6724,26,5,1920656,384131.2,595608.0,13.29733969049045,19.75
6726,45,3,796796,265598.6666666667,488797.0,13.099704595178125,20.0
6727,45,2,245199,122599.5,29983.0,10.308419185038149,61.0
6728,82,3,537946,179315.33333333334,165955.0,12.019477971963042,10.0
6729,116,1,13239,13239.0,303793.0,12.624105119113361,999.0
6730,89,1,619593,619593.0,0.0,0.0,999.0
6731,110,1,985645,985645.0,970066.0,13.785120420259142,999.0
6732,72,2,684659,342329.5,1207435.0,14.004009661033813,46.0
6733,36,5,450429,90085.8,0.0,0.0,17.5
6734,46,1,674308,674308.0,436359.0,12.986222869711693,999.0
6735,43,3,820152,273384.0,204539.0,12.228518834360004,19.5
6736,22,1,11133,11133.0,0.0,0.0,999.0
6737,10,2,1010093,505046.5,596775.0,13.299297112585853,95.0
6738,2,5,1832936,366587.2,420080.0,12.94820282880786,23.25
6739,108,1,618104,618104.0,0.0,0.0,999.0
6740,34,4,605990,151497.5,588632.0,13.285558178449465,24.666666666666668
6741,34,3,1320858,440286.0,375684.0,12.836506305292566,28.5
6742,22,4,1288443,322110.75,1182146.0,13.982842834697669,28.666666666666668
6743,6,2,774647,387323.5,0.0,0.0,103.0
6744,39,5,1308338,261667.6,584883.0,13.279168815953524,18.5
6745,55,2,968154,484077.0,206487.0,12.237997578314548,45.0
6746,12,2,208422,104211.0,117141.0,11.671142153085182,78.0
6747,104,1,39888,39888.0,0.0,0.0,999.0
6748,118,1,78618,78618.0,233936.0,12.362807127321497,999.0
6749,38,3,191392,63797.333333333336,0.0,0.0,9.5
6750,7,4,888245,222061.25,0.0,0.0,28.0
6751,10,3,918543,306181.0,152852.0,11.93723195421175,25.5
6753,10,3,1650530,550176.6666666666,208056.0,12.245567359603312,20.5
6755,6,2,1297513,648756.5,0.0,0.0,88.0
6756,73,2,297293,148646.5,14502.0,9.58211080356025,30.0
6757,14,4,1291650,322912.5,703761.0,13.464195509800431,14.333333333333334
6758,40,4,685316,171329.0,0.0,0.0,23.666666666666668
6759,37,2,511830,255915.0,0.0,0.0,35.0
6761,19,1,15511,15511.0,118188.0,11.68004031701779,999.0
6762,78,1,639897,639897.0,1052497.0,13.86667694429934,999.0
6763,16,3,1402358,467452.6666666667,56776.0,10.946886593125658,33.5
6764,83,1,58983,58983.0,112375.0,11.629605670510745,999.0
6765,49,2,349440,174720.0,247405.0,12.418785990869564,29.0
6766,58,3,1018584,339528.0,322262.0,12.683123261337627,17.0
6767,0,1,997215,997215.0,12675.0,9.447465720810811,999.0
6768,36,2,646966,323483.0,574884.0,13.26192529977682,6.0
6769,0,1,701152,701152.0,1653855.0,14.318620089107005,999.0
6770,51,4,1046320,261580.0,0.0,0.0,12.666666666666666
6772,0,1,17334,17334.0,213428.0,12.271059503649699,999.0
6773,24,3,445148,148382.66666666666,0.0,0.0,33.0
6774,7,3,702559,234186.33333333334,144868.0,11.883585164771485,32.5
6775,29,3,370330,123443.33333333333,0.0,0.0,17.0
6776,16,3,892133,297377.6666666667,329123.0,12.70418985843471,15.0
6777,63,2,302031,151015.5,896648.0,13.706419760113583,53.0
6778,34,2,1582227,791113.5,40786.0,10.61611868216876,3.0
6779,53,2,348534,174267.0,399234.0,12.897305494926888,28.0
6780,3,4,975061,243765.25,2543867.0,14.74919631530353,25.666666666666668
6781,109,1,137212,137212.0,53800.0,10.893047333337728,999.0
6782,12,2,835995,417997.5,279276.0,12.53995939981346,13.0
6785,12,4,1628953,407238.25,212566.0,12.267012511769511,32.666666666666664
6786,39,3,755131,251710.33333333334,247685.0,12.419917093896284,31.5
6787,96,2,690940,345470.0,97228.0,11.48482429985932,11.0
6788,82,2,278428,139214.0,671259.0,13.416911822273388,32.0
6789,13,4,1884518,471129.5,1233315.0,14.02521703479353,29.333333333333332
6790,35,1,258132,258132.0,153068.0,11.938644079105636,999.0
6792,36,2,808531,404265.5,91016.0,11.41880158123839,48.0
6793,11,3,305184,101728.0,400506.0,12.90048652349012,3.5
6794,36,2,179150,89575.0,0.0,0.0,67.0
6796,16,2,546150,273075.0,118675.0,11.68415236975857,56.0
6797,22,2,228899,114449.5,1014597.0,13.830003032892598,5.0
6798,63,1,1046245,1046245.0,280918.0,12.545821650534313,999.0
6801,82,1,188604,188604.0,185969.0,12.133340649364074,999.0
6802,12,1,109118,109118.0,370959.0,12.823849519065343,999.0
6803,111,1,662484,662484.0,13088.0,9.479527461791719,999.0
6804,15,4,1004240,251060.0,1380799.0,14.138173599311301,33.666666666666664
6805,37,5,768374,153674.8,51082.0,10.841207039823576,15.25
6807,3,1,724623,724623.0,0.0,0.0,999.0
6808,7,1,56472,56472.0,0.0,0.0,999.0
6812,80,1,891548,891548.0,772485.0,13.557369164612469,999.0
6813,56,2,1187889,593944.5,105752.0,11.568861465300465,29.0
6815,46,2,410337,205168.5,0.0,0.0,55.0
6816,17,3,650276,216758.66666666666,694259.0,13.450601809098439,47.5
6817,7,4,689068,172267.0,763496.0,13.54566447436002,34.666666666666664
6818,29,3,1072774,357591.3333333333,978333.0,13.793606404006997,14.5
6821,41,1,186056,186056.0,114726.0,11.650310672103018,999.0
6822,2,2,1170489,585244.5,1024265.0,13.839486816473341,40.0
6823,38,2,505151,252575.5,0.0,0.0,7.0
6824,32,3,536431,178810.33333333334,216675.0,12.286158429199004,31.0
6825,101,2,955608,477804.0,0.0,0.0,11.0
6828,2,3,458968,152989.33333333334,0.0,0.0,51.5
6829,14,3,686502,228834.0,0.0,0.0,33.5
6830,13,2,461873,230936.5,0.0,0.0,6.0
6832,15,5,1783902,356780.4,316312.0,12.664487508670458,12.5
6833,75,1,739683,739683.0,0.0,0.0,999.0
6835,37,5,1029461,205892.2,0.0,0.0,16.5
6837,7,2,615807,307903.5,64965.0,11.08161933510224,5.0
6838,28,2,1231168,615584.0,773231.0,13.558334411905857,48.0
6839,47,3,1301894,433964.6666666667,0.0,0.0,31.0
6840,6,5,1453895,290779.0,166546.0,12.02303283085077,24.75
6841,3,4,657402,164350.5,523815.0,13.168895756599156,19.0
6842,50,1,176672,176672.0,0.0,0.0,999.0
6843,92,2,243167,121583.5,0.0,0.0,5.0
6844,33,2,288153,144076.5,25440.0,10.144117324857612,86.0
6845,45,1,310564,310564.0,556032.0,13.228582923989414,999.0
6846,44,2,1043659,521829.5,1103523.0,13.91401925342294,62.0
6847,2,3,1022715,340905.0,585142.0,13.279611540786762,35.0
6848,72,1,336984,336984.0,0.0,0.0,999.0
6849,53,2,1066134,533067.0,8909.0,9.094929520464856,64.0
6850,18,6,2023787,337297.8333333333,292800.0,12.587248476364008,19.0
6851,115,1,107652,107652.0,278258.0,12.53630761362818,999.0
6852,11,4,1209747,302436.75,51193.0,10.843377616660607,33.333333333333336
6853,73,2,246834,123417.0,19981.0,9.902587147292964,37.0
6854,32,5,1534812,306962.4,535766.0,13.191454644050317,13.5
6855,50,2,115736,57868.0,633507.0,13.359027906919318,36.0
6856,2,3,1188009,396003.0,81062.0,11.302981909119962,52.0
6857,8,7,934436,133490.85714285713,269617.0,12.504761421370201,13.666666666666666
6858,7,2,346042,173021.0,0.0,0.0,51.0
6859,100,1,131402,131402.0,645348.0,13.377546534715375,999.0
6860,6,2,86092,43046.0,0.0,0.0,104.0
6861,12,2,517405,258702.5,0.0,0.0,22.0
6862,48,1,67057,67057.0,0.0,0.0,999.0
6863,40,2,1193752,596876.0,0.0,0.0,19.0
6864,0,3,1140199,380066.3333333333,502334.0,13.127022506785051,19.5
6865,24,2,1081203,540601.5,1418556.0,14.165150715715926,78.0
6866,47,6,1792798,298799.6666666667,1016191.0,13.83157286564473,13.4
6867,3,4,426165,106541.25,111221.0,11.619283482957144,27.666666666666668
6868,10,1,47142,47142.0,489936.0,13.102032090392223,999.0
6870,3,3,1001453,333817.6666666667,788434.0,13.577805246984108,57.5
6871,42,3,672343,224114.33333333334,0.0,0.0,7.5
6872,5,2,514893,257446.5,0.0,0.0,32.0
6873,0,4,677090,169272.5,970851.0,13.785929315470948,23.666666666666668
6874,31,1,38282,38282.0,738124.0,13.511868465933764,999.0
6875,69,1,173016,173016.0,205032.0,12.230926220775117,999.0
6876,2,4,983015,245753.75,0.0,0.0,37.666666666666664
6877,5,3,1053184,351061.3333333333,324963.0,12.69146968594574,27.5
6878,54,2,673080,336540.0,0.0,0.0,20.0
6879,27,2,437084,218542.0,0.0,0.0,71.0
6880,2,3,487893,162631.0,45836.0,10.732846904220825,49.5
6881,69,2,1257386,628693.0,0.0,0.0,47.0
6882,11,5,666820,133364.0,405631.0,12.913201623610538,18.75
6883,29,3,1714320,571440.0,235596.0,12.369877997231978,25.5
6884,6,5,1339254,267850.8,19090.0,9.856972298794659,27.5
6885,69,2,491639,245819.5,642985.0,13.373878230043376,30.0
6886,116,1,35257,35257.0,0.0,0.0,999.0
6887,28,1,44093,44093.0,752205.0,13.530765501588528,999.0
6888,25,3,549104,183034.66666666666,0.0,0.0,35.0
6889,52,3,1062831,354277.0,0.0,0.0,33.0
6890,49,3,958240,319413.3333333333,0.0,0.0,33.0
6892,9,5,2091612,418322.4,324552.0,12.69020412998691,18.75
6893,67,1,165574,165574.0,229071.0,12.341791643600109,999.0
6894,2,1,168966,168966.0,412776.0,12.930662774542974,999.0
6895,34,5,1843116,368623.2,1033512.0,13.848474236641202,9.0
6896,8,3,913706,304568.6666666667,1202978.0,14.00031153844535,41.5
6897,10,2,1693921,846960.5,292509.0,12.58625413310384,27.0
6898,54,1,51570,51570.0,0.0,0.0,999.0
6899,84,2,350834,175417.0,267321.0,12.496209203266927,3.0
6901,82,2,522413,261206.5,9195.0,9.126523885883072,15.0
6902,50,1,256055,256055.0,882485.0,13.690498203641091,999.0
6903,96,1,461464,461464.0,0.0,0.0,999.0
6904,41,2,511996,255998.0,503052.0,13.12845081132432,78.0
6905,18,3,1142654,380884.6666666667,14899.0,9.60911649193355,36.5
6906,12,4,783900,195975.0,1470599.0,14.20118103874426,16.0
6907,44,4,338451,84612.75,0.0,0.0,17.333333333333332
6908,35,2,240689,120344.5,0.0,0.0,18.0
6910,39,3,1214677,404892.3333333333,0.0,0.0,12.5
6912,51,3,163049,54349.666666666664,0.0,0.0,15.0
6914,53,1,362148,362148.0,428968.0,12.969139934226936,999.0
6915,68,3,818723,272907.6666666667,354519.0,12.778520040852335,18.5
6916,27,3,552351,184117.0,452484.0,13.022509892401402,36.5
6918,15,2,151760,75880.0,815336.0,13.611356803689217,81.0
6919,95,2,1153610,576805.0,724401.0,13.493101765893162,11.0
6920,9,3,833774,277924.6666666667,0.0,0.0,44.5
6921,30,2,987642,493821.0,169312.0,12.039504351942323,11.0
6922,36,5,1639295,327859.0,277618.0,12.534004949076651,17.0
6923,73,2,995829,497914.5,81050.0,11.302833865150633,4.0
6924,12,4,1735947,433986.75,195748.0,12.184588505283168,16.333333333333332
6925,4,3,319022,106340.66666666667,596790.0,13.299322247329023,51.5
6926,3,2,478837,239418.5,31786.0,10.366812680153265,92.0
6927,3,8,2175593,271949.125,1693867.0,14.342525229080131,13.428571428571429
6928,48,1,178192,178192.0,484052.0,13.08994968383586,999.0
6929,66,4,1820889,455222.25,679011.0,13.428394079433268,17.0
6932,27,3,629423,209807.66666666666,33716.0,10.425757440186377,23.5
6933,72,1,553615,553615.0,0.0,0.0,999.0
6934,10,2,595607,297803.5,485712.0,13.09337319346875,8.0
6935,15,4,1287864,321966.0,0.0,0.0,28.333333333333332
6936,54,1,28411,28411.0,0.0,0.0,999.0
6937,71,2,293848,146924.0,971903.0,13.78701231313285,43.0
6938,29,2,652066,326033.0,0.0,0.0,8.0
6939,13,3,1051329,350443.0,0.0,0.0,47.0
6940,51,2,753020,376510.0,585607.0,13.280405902738112,42.0
6941,92,1,29543,29543.0,932774.0,13.74591929319005,999.0
6943,118,1,192218,192218.0,1330265.0,14.100889480200603,999.0
6944,5,2,225327,112663.5,248352.0,12.42260640018873,100.0
6945,73,1,436008,436008.0,511641.0,13.145380440704203,999.0
6946,24,2,426092,213046.0,0.0,0.0,79.0
6948,5,1,168815,168815.0,90630.0,11.414551596861948,999.0
6950,1,4,701703,175425.75,939496.0,13.753099904642692,23.333333333333332
6951,2,3,566325,188775.0,0.0,0.0,56.0
6952,40,1,188856,188856.0,603132.0,13.309893015236122,999.0
6953,20,5,947582,189516.4,245418.0,12.410722232874694,22.25
6954,7,4,344216,86054.0,37677.0,10.53683164872532,15.333333333333334
6956,84,1,497778,497778.0,507801.0,13.137846886803446,999.0
6959,104,1,137566,137566.0,457598.0,13.033748533730652,999.0
6960,0,6,1992146,332024.3333333333,214688.0,12.27694574827396,13.6
6961,10,1,556845,556845.0,107511.0,11.5853577482269,999.0
6962,73,1,53223,53223.0,304236.0,12.625562281917185,999.0
6963,27,3,747078,249026.0,424172.0,12.957896669864956,37.5
6964,53,3,665487,221829.0,232337.0,12.355948486956043,26.5
6965,101,2,310253,155126.5,29680.0,10.298262389436102,2.0
6966,53,2,118431,59215.5,176506.0,12.081115814625706,64.0
6967,77,2,766763,383381.5,453795.0,13.025403036833323,6.0
6968,14,4,1206039,301509.75,540531.0,13.20030911874922,23.666666666666668
6969,37,1,47186,47186.0,208737.0,12.248835156030834,999.0
6970,23,3,463783,154594.33333333334,0.0,0.0,37.0
6971,15,4,165649,41412.25,1864453.0,14.438478806802967,31.666666666666668
6973,59,1,48705,48705.0,0.0,0.0,999.0
6974,59,1,493827,493827.0,511151.0,13.144422280923274,999.0
6975,57,3,781958,260652.66666666666,392624.0,12.880610236840948,25.5
6976,113,1,24394,24394.0,1241867.0,14.032127255634185,999.0
6977,43,1,47157,47157.0,456124.0,13.030522173738749,999.0
6978,12,1,199614,199614.0,91647.0,11.425710430880264,999.0
6979,14,3,817889,272629.6666666667,983600.0,13.798975605997102,20.0
6980,51,2,1197344,598672.0,442822.0,13.00092542065376,21.0
6981,35,2,1108180,554090.0,0.0,0.0,35.0
6982,19,3,453246,151082.0,167878.0,12.030998760794095,36.0
6983,51,2,142965,71482.5,1019787.0,13.835105320520821,16.0
6984,36,1,406364,406364.0,429532.0,12.97045385098226,999.0
6985,33,5,1729949,345989.8,599966.0,13.304629932685728,14.25
6986,12,4,936616,234154.0,1093854.0,13.905218712046256,13.333333333333334
6988,105,1,99070,99070.0,418212.0,12.943746151098496,999.0
6989,12,1,498772,498772.0,0.0,0.0,999.0
6990,11,3,559986,186662.0,605403.0,13.313651282749777,43.0
6991,14,3,882188,294062.6666666667,1145055.0,13.950964102071449,36.0
6992,22,4,2596425,649106.25,1103231.0,13.913754611567017,19.0
6993,17,2,528024,264012.0,709128.0,13.47179273536741,5.0
6994,109,1,60670,60670.0,41994.0,10.645305842559727,999.0
6995,74,2,703769,351884.5,410507.0,12.925150696113468,18.0
6996,0,5,1395931,279186.2,0.0,0.0,24.75
6997,17,2,181845,90922.5,1279732.0,14.062162020387097,101.0
6998,51,4,2212225,553056.25,12697.0,9.449199779730396,18.333333333333332
7000,18,2,503402,251701.0,0.0,0.0,18.0
7001,61,4,1454898,363724.5,0.0,0.0,16.0
7002,107,1,755576,755576.0,400525.0,12.90053396223485,999.0
7003,26,4,1165770,291442.5,98447.0,11.497283768980271,22.333333333333332
7004,60,1,189302,189302.0,0.0,0.0,999.0
7006,29,2,1665190,832595.0,0.0,0.0,41.0
7007,58,1,719205,719205.0,40333.0,10.604950064699787,999.0
7008,7,3,1223965,407988.3333333333,101274.0,11.525594868070892,44.5
7009,15,1,967828,967828.0,0.0,0.0,999.0
7010,3,1,721725,721725.0,314032.0,12.657253354909642,999.0
7011,34,1,395312,395312.0,0.0,0.0,999.0
7013,63,3,261285,87095.0,1272056.0,14.056145833198961,28.0
7014,2,3,989983,329994.3333333333,361815.0,12.798891074293314,44.5
7015,29,6,1059609,176601.5,624355.0,13.344475997491509,12.8
7016,95,1,211691,211691.0,440069.0,12.994689084149918,999.0
7017,104,1,472092,472092.0,0.0,0.0,999.0
7018,73,1,632604,632604.0,216031.0,12.283181823841597,999.0
7019,36,2,670113,335056.5,175999.0,12.078239274020289,48.0
7020,18,4,2297803,574450.75,545125.0,13.208772239585027,21.666666666666668
7021,35,2,1312433,656216.5,0.0,0.0,8.0
7022,29,1,489464,489464.0,215006.0,12.27842586471933,999.0
7023,56,4,410936,102734.0,498557.0,13.119475210663147,18.333333333333332
7024,77,1,14014,14014.0,221756.0,12.309337466753641,999.0
7025,27,2,128564,64282.0,0.0,0.0,8.0
7027,34,2,102784,51392.0,216802.0,12.286744386090266,23.0
7028,0,6,1924451,320741.8333333333,0.0,0.0,19.4
7029,85,1,85276,85276.0,449872.0,13.016720599692094,999.0
7030,9,3,1799211,599737.0,813536.0,13.60914668709003,9.5
7032,81,1,54166,54166.0,746607.0,13.523295560647645,999.0
7033,1,3,365361,121787.0,469362.0,13.059131735261605,42.5
7034,54,1,34008,34008.0,163984.0,12.007530239208668,999.0
7036,53,2,288601,144300.5,0.0,0.0,17.0
7037,37,2,453975,226987.5,1088115.0,13.899958318361826,72.0
7038,49,3,1001259,333753.0,827008.0,13.625570856655198,13.0
7039,52,3,706347,235449.0,0.0,0.0,31.0
7040,85,2,255539,127769.5,785585.0,13.57418521508967,18.0
7041,35,2,562572,281286.0,962606.0,13.777400507796449,13.0
7043,58,3,478612,159537.33333333334,0.0,0.0,11.0
7044,77,2,304391,152195.5,1519454.0,14.233862275895516,23.0
7045,1,2,1151389,575694.5,21505.0,9.976087244950472,63.0
7046,27,2,379850,189925.0,53271.0,10.883166143790458,47.0
7047,3,4,1735720,433930.0,736209.0,13.509270683100222,37.0
7048,23,1,963932,963932.0,18744.0,9.838682329170013,999.0
7049,104,1,642585,642585.0,984647.0,13.800039495879687,999.0
7050,8,2,586199,293099.5,0.0,0.0,27.0
7051,87,1,374144,374144.0,90231.0,11.410139410319752,999.0
7052,25,2,848790,424395.0,499096.0,13.12055574462016,67.0
7053,16,3,1328269,442756.3333333333,952283.0,13.76661858861287,33.5
7054,35,3,483178,161059.33333333334,111732.0,11.623867375623949,38.5
7055,85,1,270072,270072.0,0.0,0.0,999.0
7056,38,2,1218444,609222.0,108194.0,11.591690433605883,80.0
7057,70,3,873294,291098.0,1252249.0,14.040452491219863,8.0
7058,26,2,327994,163997.0,1879534.0,14.446534963786911,13.0
7059,5,2,406085,203042.5,0.0,0.0,38.0
7062,58,3,329285,109761.66666666667,0.0,0.0,5.5
7063,36,3,2137261,712420.3333333334,853394.0,13.656977790801601,34.0
7064,1,4,1081541,270385.25,0.0,0.0,37.666666666666664
7065,9,3,1344162,448054.0,611488.0,13.323652245394829,38.5
7066,97,2,746133,373066.5,789138.0,13.57869775668157,19.0
7067,41,2,84992,42496.0,0.0,0.0,78.0
7068,15,4,1077904,269476.0,106374.0,11.574725865875676,31.333333333333332
7069,15,3,394910,131636.66666666666,0.0,0.0,45.5
7070,59,2,1019985,509992.5,0.0,0.0,52.0
7071,56,2,1077002,538501.0,0.0,0.0,59.0
7072,91,2,258856,129428.0,246327.0,12.414419260148279,5.0
7074,78,3,395606,131868.66666666666,595914.0,13.297853318426986,13.5
7075,25,1,319458,319458.0,0.0,0.0,999.0
7076,41,5,1318467,263693.4,366496.0,12.811745614736461,15.75
7077,85,1,34726,34726.0,211039.0,12.259802967951142,999.0
7078,29,5,376412,75282.4,74936.0,11.224403039520755,22.25
7079,42,3,506144,168714.66666666666,971258.0,13.786348447030328,32.0
7080,25,2,990155,495077.5,77412.0,11.256910004130674,31.0
7081,23,1,22067,22067.0,291246.0,12.581926983379812,999.0
7082,90,1,912584,912584.0,740109.0,13.514554102781885,999.0
7083,60,3,1093280,364426.6666666667,410952.0,12.92623413170817,21.5
7084,35,1,485036,485036.0,381314.0,12.851381084174962,999.0
7085,18,1,963484,963484.0,992800.0,13.808285520124244,999.0
7086,102,2,212637,106318.5,0.0,0.0,4.0
7088,81,3,113677,37892.333333333336,265600.0,12.48975046163757,18.0
7089,4,3,747887,249295.66666666666,0.0,0.0,42.0
7090,13,2,246236,123118.0,592194.0,13.291591251520435,73.0
7092,81,2,1337219,668609.5,0.0,0.0,17.0
7093,46,2,382537,191268.5,202046.0,12.216255622586441,67.0
7094,9,1,459354,459354.0,0.0,0.0,999.0
7095,60,2,978616,489308.0,601929.0,13.307896438460256,29.0
7096,9,2,398559,199279.5,1089896.0,13.901593754327509,37.0
7097,15,3,1061949,353983.0,318445.0,12.671208194879048,46.0
7098,22,2,189830,94915.0,0.0,0.0,75.0
7099,12,1,264422,264422.0,873810.0,13.680619384113301,999.0
7100,10,2,988063,494031.5,412098.0,12.929018890728479,2.0
7101,112,1,589725,589725.0,1204015.0,14.00117319379915,999.0
7102,28,4,768408,192102.0,0.0,0.0,24.333333333333332
7103,8,5,1590751,318150.2,164615.0,12.011370767847268,22.0
7104,25,3,568059,189353.0,811692.0,13.606877468836265,34.0
7105,6,3,1401820,467273.3333333333,0.0,0.0,35.5
7106,19,2,501835,250917.5,172923.0,12.060607470598226,88.0
7107,23,2,231929,115964.5,0.0,0.0,14.0
7108,32,6,3592353,598725.5,0.0,0.0,17.0
7109,21,7,1236737,176676.7142857143,0.0,0.0,14.0
7110,67,3,1764087,588029.0,892855.0,13.702180592656452,18.5
7111,33,2,1051779,525889.5,595635.0,13.297385021215876,31.0
7112,5,5,1160997,232199.4,52123.0,10.861380774264797,19.0
7113,18,3,1094589,364863.0,245772.0,12.412163624677857,19.0
7114,31,5,2712800,542560.0,0.0,0.0,15.75
7115,26,3,857065,285688.3333333333,0.0,0.0,43.0
7117,58,3,629779,209926.33333333334,0.0,0.0,10.5
7118,58,4,850929,212732.25,730172.0,13.501036771349126,11.333333333333334
7119,65,2,304627,152313.5,512920.0,13.147877116192925,6.0
7122,49,2,526770,263385.0,0.0,0.0,48.0
7123,4,2,658875,329437.5,0.0,0.0,113.0
7124,2,4,1173927,293481.75,633614.0,13.359196793444546,26.666666666666668
7125,91,1,62618,62618.0,0.0,0.0,999.0
7126,29,2,742897,371448.5,0.0,0.0,53.0
7127,2,2,461360,230680.0,27538.0,10.223358460802768,111.0
7128,44,4,969273,242318.25,344876.0,12.750943110705382,21.666666666666668
7129,36,2,567845,283922.5,322422.0,12.68361962702041,77.0
7130,88,4,402543,100635.75,0.0,0.0,9.666666666666666
7132,6,4,937076,234269.0,0.0,0.0,35.333333333333336
7133,13,2,436787,218393.5,581969.0,13.274174178993261,60.0
7134,89,1,373413,373413.0,0.0,0.0,999.0
7135,77,2,204318,102159.0,102744.0,11.54000546937397,24.0
7138,26,1,101254,101254.0,0.0,0.0,999.0
7139,19,3,305065,101688.33333333333,218208.0,12.293208598093278,30.0
7140,80,3,513024,171008.0,150163.0,11.91948330915813,9.5
7141,83,1,332984,332984.0,0.0,0.0,999.0
7143,40,1,12590,12590.0,0.0,0.0,999.0
7144,69,2,168251,84125.5,0.0,0.0,48.0
7145,23,2,927569,463784.5,514742.0,13.151423025963185,13.0
7146,47,3,1926960,642320.0,267662.0,12.497484005536824,6.0
7147,94,1,65828,65828.0,0.0,0.0,999.0
7148,95,1,96824,96824.0,1100835.0,13.91158044911484,999.0
7149,29,2,557721,278860.5,733936.0,13.506178472850285,8.0
7150,47,4,1331656,332914.0,0.0,0.0,17.0
7151,0,4,837615,209403.75,0.0,0.0,15.666666666666666
7152,66,2,797320,398660.0,180411.0,12.102998403245387,27.0
7153,21,3,794804,264934.6666666667,0.0,0.0,46.5
7154,57,2,79957,39978.5,1057290.0,13.87122053443621,22.0
7156,4,3,1285238,428412.6666666667,209449.0,12.252240326375182,49.0
7157,35,4,770536,192634.0,0.0,0.0,10.666666666666666
7158,7,2,370969,185484.5,0.0,0.0,37.0
7160,34,4,1862683,465670.75,0.0,0.0,15.0
7161,19,5,693288,138657.6,717372.0,13.483351207464628,23.5
7163,1,5,3354190,670838.0,68708.0,11.13763547399693,22.5
7165,88,1,73785,73785.0,390155.0,12.874301938127156,999.0
7166,4,3,909331,303110.3333333333,529775.0,13.180209554680776,42.0
7168,119,1,225712,225712.0,339008.0,12.733781934682744,999.0
7169,39,1,125546,125546.0,1068613.0,13.881873039673964,999.0
7170,54,2,930504,465252.0,18241.0,9.811481906740104,33.0
7171,67,2,405435,202717.5,0.0,0.0,29.0
7172,86,2,792682,396341.0,123043.0,11.720297293963966,4.0
7173,31,2,544488,272244.0,384092.0,12.858639989747205,60.0
7174,53,2,200985,100492.5,0.0,0.0,53.0
7175,29,1,77892,77892.0,0.0,0.0,999.0
7176,85,2,395286,197643.0,1106638.0,13.916838051912057,6.0
7177,4,2,858762,429381.0,77378.0,11.25647070493502,100.0
7179,9,2,224883,112441.5,41385.0,10.630697938371775,36.0
7180,89,2,1065341,532670.5,171735.0,12.053713692933924,11.0
7181,62,1,300592,300592.0,365502.0,12.809029766072621,999.0
7182,50,1,10134,10134.0,1106019.0,13.916278544083559,999.0
7183,26,5,296643,59328.6,640908.0,13.370642760146099,23.0
7184,3,2,1585748,792874.0,864658.0,13.670090488535841,77.0
7185,77,1,568705,568705.0,78879.0,11.275682989276516,999.0
7186,0,2,621516,310758.0,417865.0,12.942916085949333,24.0
7187,18,2,257310,128655.0,0.0,0.0,54.0
7188,18,5,1833747,366749.4,0.0,0.0,25.0
7189,22,1,167686,167686.0,72204.0,11.187264574560665,999.0
7190,30,4,1030898,257724.5,172379.0,12.057456621201391,27.333333333333332
7191,33,2,246077,123038.5,550260.0,13.218147990102114,47.0
7192,50,4,1492533,373133.25,698322.0,13.456437025424748,20.0
7193,85,2,100305,50152.5,0.0,0.0,0.0
7194,57,4,1279496,319874.0,378681.0,12.844452081733053,20.333333333333332
7195,31,2,936870,468435.0,0.0,0.0,3.0
7198,22,4,572628,143157.0,721845.0,13.489567098725159,30.0
7199,101,1,85754,85754.0,0.0,0.0,999.0
7201,19,3,689447,229815.66666666666,227352.0,12.334259154679621,28.0
7202,20,3,225887,75295.66666666667,697790.0,13.455674909973217,29.5
7204,47,2,979666,489833.0,121754.0,11.709766107863386,1.0
7205,17,4,327368,81842.0,633755.0,13.359419301298335,32.666666666666664
7206,1,1,117026,117026.0,0.0,0.0,999.0
7207,41,1,21106,21106.0,0.0,0.0,999.0
7208,8,3,485652,161884.0,101379.0,11.52663111202634,10.0
7209,16,3,822907,274302.3333333333,1323349.0,14.095676958374392,22.5
7210,1,4,1854141,463535.25,1326241.0,14.097859936846897,29.666666666666668
7211,18,5,1554676,310935.2,0.0,0.0,25.25
7212,101,1,1122645,1122645.0,0.0,0.0,999.0
7213,3,3,1345919,448639.6666666667,0.0,0.0,39.0
7214,8,2,1250973,625486.5,22932.0,10.040332200263972,13.0
7215,32,3,1057760,352586.6666666667,314570.0,12.658965084810701,1.5
7216,60,2,972783,486391.5,2193470.0,14.600995778621137,16.0
7217,87,3,2211011,737003.6666666666,812552.0,13.607936421827826,15.0
7218,75,4,1938259,484564.75,8254.0,9.018574356354229,5.0
7219,74,2,271742,135871.0,32364.0,10.384832870979611,25.0
7220,26,1,3851,3851.0,10154.0,9.225721474014485,999.0
7221,44,2,225678,112839.0,0.0,0.0,42.0
7222,1,1,507513,507513.0,250641.0,12.431780905166532,999.0
7223,15,4,191681,47920.25,1653193.0,14.318219732288183,34.666666666666664
7224,66,1,253692,253692.0,939488.0,13.753091389411605,999.0
7225,7,3,1142939,380979.6666666667,321326.0,12.680214575186769,53.0
7226,1,5,1020642,204128.4,508125.0,13.138484727301956,29.25
7228,25,3,1093992,364664.0,155957.0,11.957342019213334,35.5
7229,52,2,1347399,673699.5,0.0,0.0,26.0
7231,9,2,451570,225785.0,187708.0,12.142648170279646,99.0
7232,57,2,1223962,611981.0,215666.0,12.281490830408787,52.0
7233,9,2,1340087,670043.5,0.0,0.0,83.0
7234,30,4,1516318,379079.5,588054.0,13.28457575992138,21.666666666666668
7236,66,1,618003,618003.0,0.0,0.0,999.0
7237,18,4,1578799,394699.75,705954.0,13.467306775067168,25.666666666666668
7238,54,2,770561,385280.5,0.0,0.0,55.0
7239,19,4,489875,122468.75,0.0,0.0,32.333333333333336
7240,79,1,628435,628435.0,787124.0,13.576142345791045,999.0
7241,45,1,698901,698901.0,43458.0,10.679573243881636,999.0
7242,53,2,227516,113758.0,289161.0,12.574742363676288,63.0
7243,10,2,684814,342407.0,0.0,0.0,33.0
7244,91,1,569298,569298.0,0.0,0.0,999.0
7245,80,1,199578,199578.0,1010073.0,13.825534153460255,999.0
7246,17,1,190456,190456.0,12607.0,9.44208681209766,999.0
7247,40,1,101884,101884.0,1247238.0,14.036442866281707,999.0
7248,27,1,751148,751148.0,963466.0,13.778293516120273,999.0
7249,52,1,93409,93409.0,539604.0,13.198592669395861,999.0
7250,74,3,561571,187190.33333333334,497502.0,13.117356865713356,10.0
7252,52,2,127430,63715.0,13213.0,9.48903215258983,10.0
7253,17,1,218372,218372.0,100256.0,11.515492168167542,999.0
7254,1,3,883975,294658.3333333333,0.0,0.0,20.0
7255,53,2,800208,400104.0,1002814.0,13.818321603271675,1.0
7257,81,2,492652,246326.0,1099480.0,13.910348808245558,3.0
7258,20,7,1424379,203482.7142857143,0.0,0.0,16.5
7259,69,1,23126,23126.0,463887.0,13.047398422761374,999.0
7260,118,1,36096,36096.0,0.0,0.0,999.0
7261,10,3,916645,305548.3333333333,0.0,0.0,36.0
7262,50,2,768325,384162.5,0.0,0.0,20.0
7263,0,2,211605,105802.5,0.0,0.0,15.0
7264,18,1,793415,793415.0,1532390.0,14.242339818651212,999.0
7265,28,2,691757,345878.5,977284.0,13.792533597800258,62.0
7266,24,5,2600919,520183.8,123191.0,11.72149939290825,23.25
7267,61,3,1104870,368290.0,276732.0,12.530808421403211,25.0
7268,12,3,565385,188461.66666666666,0.0,0.0,51.5
7269,33,4,1354423,338605.75,406389.0,12.915068568644458,24.333333333333332
7270,80,2,277787,138893.5,0.0,0.0,24.0
7272,27,7,2311106,330158.0,0.0,0.0,11.666666666666666
7273,12,2,1171860,585930.0,643815.0,13.375168249976674,23.0
7274,40,2,726239,363119.5,72598.0,11.19270642661334,62.0
7275,4,2,444737,222368.5,1156769.0,13.961142196440397,46.0
7277,2,3,263100,87700.0,0.0,0.0,18.0
7278,61,1,384058,384058.0,324976.0,12.691509689576845,999.0
7279,49,1,98694,98694.0,0.0,0.0,999.0
7280,37,3,1251230,417076.6666666667,0.0,0.0,34.0
7281,32,1,399496,399496.0,1500679.0,14.22142889668126,999.0
7282,100,1,381835,381835.0,315964.0,12.663386726941093,999.0
7283,109,1,133203,133203.0,263061.0,12.48014502482212,999.0
7284,34,5,786673,157334.6,135117.0,11.81390374971435,20.25
7285,89,1,123463,123463.0,0.0,0.0,999.0
7286,24,3,379210,126403.33333333333,0.0,0.0,47.0
7287,6,3,392819,130939.66666666667,367155.0,12.813542104840737,53.0
7288,41,1,363424,363424.0,0.0,0.0,999.0
7289,4,4,1254229,313557.25,185382.0,12.13017923427439,23.333333333333332
7290,75,3,1517215,505738.3333333333,0.0,0.0,20.5
7291,3,3,1381120,460373.3333333333,150826.0,11.923888763622172,42.5
7292,66,4,1110062,277515.5,21253.0,9.96430039193264,11.333333333333334
7293,5,1,396188,396188.0,0.0,0.0,999.0
7294,15,5,766934,153386.8,1125165.0,13.933441138290963,24.25
7296,20,3,203974,67991.33333333333,1151680.0,13.956733172169175,45.0
7297,5,1,753392,753392.0,116364.0,11.664487081778764,999.0
7298,1,4,875470,218867.5,43374.0,10.67763851724916,35.333333333333336
7299,63,3,1204029,401343.0,0.0,0.0,27.5
7300,46,4,1190424,297606.0,0.0,0.0,16.0
7301,14,2,170699,85349.5,0.0,0.0,48.0
7302,64,1,411834,411834.0,0.0,0.0,999.0
7303,78,1,525236,525236.0,466436.0,13.05287824191819,999.0
7304,88,2,144118,72059.0,0.0,0.0,24.0
7305,4,2,34842,17421.0,270164.0,12.506788162439268,109.0
7306,48,2,955700,477850.0,772076.0,13.55683956496576,25.0
7308,0,6,1795373,299228.8333333333,0.0,0.0,19.2
7309,30,1,52746,52746.0,101066.0,11.52353894222984,999.0
7310,6,2,655782,327891.0,18361.0,9.818038590703646,94.0
7311,47,5,1991053,398210.6,0.0,0.0,13.0
7312,55,5,1286689,257337.8,95206.0,11.463808747488066,14.25
7313,115,1,640944,640944.0,0.0,0.0,999.0
7315,53,3,574457,191485.66666666666,0.0,0.0,30.5
7316,10,4,1620007,405001.75,0.0,0.0,35.333333333333336
7317,2,4,1088417,272104.25,0.0,0.0,36.333333333333336
7318,0,2,844433,422216.5,714712.0,13.479636342492762,108.0
7319,70,1,741556,741556.0,0.0,0.0,999.0
7320,7,1,666918,666918.0,0.0,0.0,999.0
7321,89,1,225412,225412.0,776636.0,13.56272833871934,999.0
7322,31,2,439718,219859.0,465394.0,13.05064178634612,79.0
7323,25,2,686338,343169.0,0.0,0.0,33.0
7325,26,3,513656,171218.66666666666,35228.0,10.469624886033191,11.0
7327,93,1,63891,63891.0,117587.0,11.674942268423818,999.0
7328,33,3,141095,47031.666666666664,20413.0,9.923976218963444,21.0
7329,64,3,946454,315484.6666666667,0.0,0.0,25.0
7330,27,4,882873,220718.25,201908.0,12.215572379830457,30.333333333333332
7331,47,1,794556,794556.0,391415.0,12.877526212004863,999.0
7332,71,1,122581,122581.0,253194.0,12.441915221821793,999.0
7333,56,1,437092,437092.0,21645.0,9.982575958855092,999.0
7334,25,3,719536,239845.33333333334,627996.0,13.350290668368862,43.0
7335,23,3,939676,313225.3333333333,516596.0,13.155018352426087,13.5
7336,47,1,94098,94098.0,2129707.0,14.571495439086146,999.0
7337,40,3,1307001,435667.0,0.0,0.0,20.0
7339,67,1,88851,88851.0,0.0,0.0,999.0
7340,67,1,1223755,1223755.0,0.0,0.0,999.0
7341,30,3,878964,292988.0,0.0,0.0,7.5
7342,2,3,850659,283553.0,0.0,0.0,55.0
7343,23,2,357503,178751.5,316945.0,12.666486691345565,20.0
7344,114,1,497515,497515.0,74167.0,11.214088069286818,999.0
7345,15,3,320572,106857.33333333333,702736.0,13.462737989842783,29.0
7346,30,1,483456,483456.0,1312556.0,14.087487701076352,999.0
7347,28,1,166587,166587.0,26707.0,10.192718424977759,999.0
7348,19,3,1575554,525184.6666666666,817228.0,13.613674628324834,42.0
7349,0,4,896514,224128.5,0.0,0.0,21.0
7350,2,2,929084,464542.0,0.0,0.0,59.0
7351,53,2,543696,271848.0,0.0,0.0,19.0
7352,16,2,1401476,700738.0,464002.0,13.047646296704732,70.0
7353,33,4,2340782,585195.5,0.0,0.0,9.0
7354,115,1,72402,72402.0,154098.0,11.945350531994485,999.0
7355,0,2,874430,437215.0,772456.0,13.55733162277435,21.0
7356,30,1,39478,39478.0,0.0,0.0,999.0
7357,88,2,622148,311074.0,1165173.0,13.968380990052584,9.0
7358,21,6,1898681,316446.8333333333,1334587.0,14.104133187953105,14.2
7359,9,2,246272,123136.0,869064.0,13.675173200069354,36.0
7360,8,3,1327428,442476.0,0.0,0.0,47.5
7361,6,4,1948574,487143.5,117125.0,11.67100555739115,17.0
7362,32,1,36165,36165.0,49218.0,10.804035006794324,999.0
7363,82,1,636303,636303.0,1152140.0,13.957132508581548,999.0
7364,6,1,492948,492948.0,462024.0,13.043374281153957,999.0
7365,100,2,42376,21188.0,0.0,0.0,7.0
7366,103,1,606476,606476.0,79544.0,11.28407817823934,999.0
7367,38,1,563925,563925.0,154551.0,11.94828588827239,999.0
7368,119,1,321048,321048.0,475864.0,13.07288947954228,999.0
7369,66,1,14114,14114.0,0.0,0.0,999.0
7370,9,2,281867,140933.5,430237.0,12.972093822923647,93.0
7372,84,1,404374,404374.0,278181.0,12.53603085472475,999.0
7373,90,2,757852,378926.0,56394.0,10.940135781074018,12.0
7374,73,1,488225,488225.0,771281.0,13.555809344426903,999.0
7375,23,3,1434280,478093.3333333333,378009.0,12.842675929278252,44.0
7376,5,3,841906,280635.3333333333,0.0,0.0,52.0
7378,78,2,622516,311258.0,0.0,0.0,36.0
7380,9,3,839891,279963.6666666667,447850.0,13.012215866791324,48.0
7381,73,3,1037420,345806.6666666667,315712.0,12.66258885203214,14.0
7382,11,2,525813,262906.5,136429.0,11.82356694155692,22.0
7383,10,2,865452,432726.0,0.0,0.0,102.0
7384,13,3,155061,51687.0,378489.0,12.843944931431365,15.0
7385,51,1,114084,114084.0,135038.0,11.813318904589096,999.0
7386,44,1,961512,961512.0,375235.0,12.835310440338704,999.0
7387,0,2,192161,96080.5,128146.0,11.76093332145187,78.0
7388,35,4,1122054,280513.5,0.0,0.0,5.666666666666667
7389,16,3,216410,72136.66666666667,0.0,0.0,41.0
7390,12,4,369277,92319.25,618657.0,13.335307894941362,26.333333333333332
7391,43,2,555250,277625.0,0.0,0.0,56.0
7392,7,4,1852818,463204.5,1136825.0,13.943750726720937,31.666666666666668
7393,46,3,1629947,543315.6666666666,517072.0,13.1559393427492,33.0
7394,23,2,492426,246213.0,404535.0,12.910496010284435,37.0
7395,20,2,978858,489429.0,1266144.0,14.05148740909299,69.0
7396,45,3,636747,212249.0,1286864.0,14.067719585971492,27.0
7397,19,3,1606364,535454.6666666666,0.0,0.0,6.0
7398,31,3,1084426,361475.3333333333,0.0,0.0,29.5
7399,66,1,672536,672536.0,1011915.0,13.82735612143196,999.0
7400,4,2,335910,167955.0,0.0,0.0,91.0
7401,6,5,1451502,290300.4,185294.0,12.129704428639023,14.75
7402,81,2,237455,118727.5,659502.0,13.399241800029843,26.0
7405,43,3,885789,295263.0,361362.0,12.79763827226436,37.0
7406,21,5,2000092,400018.4,0.0,0.0,23.0
7407,19,6,1574136,262356.0,295446.0,12.596244742719898,20.0
7408,16,2,174982,87491.0,0.0,0.0,66.0
7409,80,4,977352,244338.0,387458.0,12.867365315726028,4.0
7410,9,2,272130,136065.0,67121.0,11.114267138074986,68.0
7411,4,2,799304,399652.0,423537.0,12.956398517502254,31.0
7412,25,1,289064,289064.0,0.0,0.0,999.0
7414,42,4,415563,103890.75,0.0,0.0,8.333333333333334
7415,95,1,181626,181626.0,701831.0,13.461449338127931,999.0
7417,22,2,168670,84335.0,387324.0,12.867019412864492,92.0
7418,35,4,1070840,267710.0,0.0,0.0,16.666666666666668
7419,4,2,727068,363534.0,84852.0,11.348675626548836,13.0
7420,60,2,653412,326706.0,239313.0,12.385531776155087,10.0
7421,48,2,209651,104825.5,691305.0,13.446337841195561,50.0
7424,103,1,665487,665487.0,473816.0,13.06857645018134,999.0
7426,18,2,673537,336768.5,0.0,0.0,19.0
7427,62,3,455726,151908.66666666666,246658.0,12.415762094948136,11.5
7428,50,2,156940,78470.0,770066.0,13.55423280303147,50.0
7429,18,5,1190583,238116.6,0.0,0.0,18.75
7430,23,3,951455,317151.6666666667,0.0,0.0,24.0
7431,30,3,1315696,438565.3333333333,0.0,0.0,41.5
7432,47,2,135831,67915.5,530307.0,13.181213248811922,16.0
7433,10,3,1335390,445130.0,0.0,0.0,35.0
7434,7,5,1369211,273842.2,0.0,0.0,27.25
7436,16,2,1550107,775053.5,947488.0,13.761570606372647,42.0
7437,89,2,50792,25396.0,0.0,0.0,15.0
7438,27,1,149652,149652.0,0.0,0.0,999.0
7439,18,6,2084572,347428.6666666667,543430.0,13.20565802256214,20.2
7440,11,6,1784803,297467.1666666667,297384.0,12.602782874614476,18.6
7441,6,5,1725779,345155.8,0.0,0.0,23.5
7442,11,3,883269,294423.0,0.0,0.0,51.0
7443,5,2,615458,307729.0,0.0,0.0,65.0
7445,8,2,938843,469421.5,159636.0,11.980657766703457,45.0
7446,35,1,34392,34392.0,406875.0,12.916263749699247,999.0
7447,47,2,273140,136570.0,0.0,0.0,24.0
7448,102,1,15900,15900.0,280364.0,12.543847604668388,999.0
7449,12,3,217665,72555.0,153341.0,11.940425999939006,53.5
7450,7,3,1008911,336303.6666666667,0.0,0.0,48.0
7451,12,2,600610,300305.0,0.0,0.0,88.0
7452,29,2,107407,53703.5,905776.0,13.716548417863125,37.0
7453,20,3,825998,275332.6666666667,94628.0,11.457719261973125,25.5
7454,70,1,404072,404072.0,491547.0,13.105314874024714,999.0
7455,79,4,840255,210063.75,650676.0,13.385768638308502,11.333333333333334
7456,2,5,1807544,361508.8,991436.0,13.80691068483246,18.5
7457,45,2,676900,338450.0,6822.0,8.828054536815424,51.0
7458,24,1,781576,781576.0,0.0,0.0,999.0
7459,63,1,11321,11321.0,145409.0,11.887312617507531,999.0
7460,32,2,371331,185665.5,0.0,0.0,84.0
7461,61,2,667136,333568.0,57654.0,10.962232252205217,28.0
7462,34,3,273413,91137.66666666667,1988866.0,14.50307568782761,41.5
7463,55,1,440468,440468.0,0.0,0.0,999.0
7464,18,2,671303,335651.5,0.0,0.0,64.0
7465,16,3,872117,290705.6666666667,0.0,0.0,41.0
7466,11,4,423338,105834.5,0.0,0.0,23.0
7467,58,3,781931,260643.66666666666,245332.0,12.410371750346329,27.5
7468,44,4,2729438,682359.5,36174.0,10.496123551499684,21.666666666666668
7471,57,3,272440,90813.33333333333,0.0,0.0,13.0
7472,5,2,261763,130881.5,0.0,0.0,56.0
7473,4,3,237950,79316.66666666667,155501.0,11.95441387225505,50.5
7474,53,3,719721,239907.0,214396.0,12.275584715543575,17.0
7475,28,4,2205881,551470.25,720693.0,13.487969915638526,26.333333333333332
7476,22,5,1435757,287151.4,210878.0,12.259039788251652,21.0
7478,29,1,49212,49212.0,0.0,0.0,999.0
7480,8,3,1602020,534006.6666666666,0.0,0.0,34.5
7481,5,4,1113244,278311.0,31947.0,10.37186486003728,28.333333333333332
7482,27,1,581904,581904.0,872788.0,13.679449110305171,999.0
7483,7,4,1526517,381629.25,0.0,0.0,23.0
7484,18,3,1866432,622144.0,169519.0,12.04072619294218,48.0
7485,45,2,42662,21331.0,245292.0,12.410208693353471,9.0
7486,28,1,497344,497344.0,0.0,0.0,999.0
7487,13,2,1584990,792495.0,1344803.0,14.111758835492108,8.0
7488,35,5,2648804,529760.8,0.0,0.0,20.25
7489,8,4,408154,102038.5,1111995.0,13.921667156663894,30.0
7490,29,1,238349,238349.0,2099.0,7.649692623711514,999.0
7492,28,2,201611,100805.5,535201.0,13.190399524709951,5.0
7493,55,2,619683,309841.5,449906.0,13.016796173721337,5.0
7494,96,1,537861,537861.0,0.0,0.0,999.0
7495,51,3,1282447,427482.3333333333,0.0,0.0,27.5
7496,63,2,1153677,576838.5,0.0,0.0,38.0
7497,0,2,815352,407676.0,397401.0,12.892703641799821,56.0
7498,4,2,443096,221548.0,0.0,0.0,54.0
7499,70,1,418288,418288.0,1457175.0,14.19201087403856,999.0
7500,7,4,1306419,326604.75,48705.0,10.7935575047672,26.333333333333332
7501,41,2,930644,465322.0,150802.0,11.923729628257316,73.0
7502,12,1,351633,351633.0,1081515.0,13.893874318533038,999.0
7503,92,1,81286,81286.0,600174.0,13.304976558338497,999.0
7504,17,4,1426423,356605.75,0.0,0.0,13.666666666666666
7505,4,3,459928,153309.33333333334,36628.0,10.508595555372908,27.5
7508,48,4,2215496,553874.0,0.0,0.0,14.0
7509,16,3,1662945,554315.0,463376.0,13.046296256602337,49.0
7511,30,2,569834,284917.0,29684.0,10.298397146704776,65.0
7512,33,2,1177522,588761.0,0.0,0.0,47.0
7513,112,1,391965,391965.0,596991.0,13.299658991949945,999.0
7514,87,1,185323,185323.0,443835.0,13.003210403811325,999.0
7515,6,4,1128003,282000.75,416287.0,12.939132607401286,30.333333333333332
7517,28,3,957802,319267.3333333333,412928.0,12.931030944331535,23.0
7518,48,2,1848441,924220.5,215546.0,12.280934262193945,31.0
7519,36,3,357744,119248.0,0.0,0.0,37.0
7520,29,6,688046,114674.33333333333,0.0,0.0,15.4
7521,57,2,275334,137667.0,249674.0,12.427915351111336,15.0
7522,118,1,395628,395628.0,0.0,0.0,999.0
7523,43,2,538489,269244.5,1686423.0,14.338120868726964,76.0
7524,4,5,703046,140609.2,731787.0,13.503246133509867,23.25
7525,83,1,1204725,1204725.0,472810.0,13.066451010454823,999.0
7526,88,4,1620719,405179.75,1042858.0,13.857476537883638,3.6666666666666665
7527,35,2,123178,61589.0,377838.0,12.842223457943588,8.0
7528,27,3,454348,151449.33333333334,0.0,0.0,26.0
7529,98,1,431448,431448.0,4418.0,8.39366870513074,999.0
7530,40,1,593028,593028.0,0.0,0.0,999.0
7531,34,3,567727,189242.33333333334,80061.0,11.29055661349859,37.5
7534,48,1,79695,79695.0,0.0,0.0,999.0
7535,42,2,832683,416341.5,984261.0,13.799647400756045,17.0
7536,36,2,586253,293126.5,0.0,0.0,27.0
7537,23,1,35409,35409.0,0.0,0.0,999.0
7538,61,3,509219,169739.66666666666,0.0,0.0,5.5
7539,58,2,1245736,622868.0,18933.0,9.848714526688836,29.0
7540,10,2,912321,456160.5,581435.0,13.273256184694624,80.0
7541,42,6,2599525,433254.1666666667,218304.0,12.29364844653593,14.4
7542,103,1,235453,235453.0,1213070.0,14.008665718777115,999.0
7543,11,4,1596891,399222.75,206516.0,12.238138012449959,19.0
7544,20,2,77980,38990.0,0.0,0.0,86.0
7545,46,2,384414,192207.0,135921.0,11.819836470775519,26.0
7547,3,6,2290195,381699.1666666667,209054.0,12.25035265422172,20.6
7548,10,3,774347,258115.66666666666,0.0,0.0,28.0
7549,35,1,120295,120295.0,238534.0,12.382271329067837,999.0
7550,18,2,617011,308505.5,205602.0,12.233702403896382,18.0
7551,3,3,591439,197146.33333333334,0.0,0.0,50.5
7552,7,2,1172763,586381.5,0.0,0.0,25.0
7553,4,5,2412559,482511.8,337248.0,12.72857680890623,27.0
7556,41,6,2666390,444398.3333333333,73470.0,11.204646049519381,13.0
7557,60,2,763656,381828.0,0.0,0.0,25.0
7558,67,3,994135,331378.3333333333,0.0,0.0,24.0
7559,117,1,165357,165357.0,0.0,0.0,999.0
7560,60,1,126485,126485.0,0.0,0.0,999.0
7561,2,3,390073,130024.33333333333,0.0,0.0,45.0
7562,21,3,761649,253883.0,0.0,0.0,11.0
7563,37,5,688528,137705.6,786876.0,13.57582722547728,18.25
7564,8,2,729340,364670.0,755769.0,13.53549237606925,103.0
7565,11,4,1113805,278451.25,1480568.0,14.207937031314156,26.333333333333332
7566,1,5,1523039,304607.8,736726.0,13.509972681924655,29.25
7567,18,2,583751,291875.5,902035.0,13.71240970955653,66.0
7568,30,3,355486,118495.33333333333,0.0,0.0,39.0
7569,26,2,565228,282614.0,0.0,0.0,29.0
7570,35,2,306324,153162.0,57911.0,10.966679895972977,43.0
7571,2,2,1459618,729809.0,180674.0,12.104455116151183,42.0
7572,20,3,602431,200810.33333333334,0.0,0.0,24.5
7573,20,1,66297,66297.0,0.0,0.0,999.0
7574,75,1,266568,266568.0,234084.0,12.363439576244554,999.0
7575,33,3,686640,228880.0,761501.0,13.543048077709177,42.5
7576,22,4,1322205,330551.25,0.0,0.0,15.666666666666666
7577,43,4,2571363,642840.75,0.0,0.0,23.666666666666668
7578,2,2,597928,298964.0,447978.0,13.012501635298456,69.0
7579,14,4,1099200,274800.0,626508.0,13.347918418737823,30.0
7581,22,1,439278,439278.0,1289205.0,14.069537082961613,999.0
7582,49,2,950601,475300.5,0.0,0.0,66.0
7583,1,5,989826,197965.2,1192225.0,13.991332705951569,19.25
7585,75,1,379168,379168.0,0.0,0.0,999.0
7586,1,5,2703103,540620.6,141256.0,11.858336205302878,16.5
7587,96,2,25211,12605.5,0.0,0.0,3.0
7588,21,3,1111013,370337.6666666667,1271651.0,14.055827400545367,40.5
7589,29,2,1139733,569866.5,373652.0,12.831082838230259,61.0
7590,18,2,655418,327709.0,116476.0,11.66544910760433,48.0
7591,43,4,1114246,278561.5,188095.0,12.14470774977859,20.0
7592,36,1,594369,594369.0,12728.0,9.451638133870434,999.0
7593,7,1,22820,22820.0,0.0,0.0,999.0
7595,45,3,1322067,440689.0,181792.0,12.110623956133837,34.0
7596,6,4,740434,185108.5,0.0,0.0,36.666666666666664
7597,84,2,657339,328669.5,159745.0,11.981340332802667,3.0
7598,9,4,2570955,642738.75,0.0,0.0,34.666666666666664
7599,18,3,1549575,516525.0,0.0,0.0,34.0
7600,45,2,499870,249935.0,509757.0,13.141691382281184,4.0
7601,23,4,1003001,250750.25,0.0,0.0,21.333333333333332
7602,28,2,1505565,752782.5,0.0,0.0,23.0
7603,11,2,1079959,539979.5,0.0,0.0,5.0
7604,35,4,1034221,258555.25,480525.0,13.082636616230344,23.666666666666668
7605,27,1,97065,97065.0,227507.0,12.334940681590039,999.0
7606,7,2,184891,92445.5,581724.0,13.273753106455148,19.0
7607,25,1,45705,45705.0,195226.0,12.181918263067976,999.0
7608,11,2,810796,405398.0,46354.0,10.744084440041084,35.0
7609,24,7,2605241,372177.28571428574,0.0,0.0,13.0
7610,30,3,1566835,522278.3333333333,0.0,0.0,34.5
7611,22,2,599795,299897.5,766784.0,13.549961728146956,22.0
7613,23,3,795889,265296.3333333333,12017.0,9.394160804893874,39.0
7614,2,3,189936,63312.0,0.0,0.0,55.5
7615,30,5,2491746,498349.2,504001.0,13.1303355152996,17.0
7616,71,1,221738,221738.0,0.0,0.0,999.0
7618,17,3,1262509,420836.3333333333,89854.0,11.405952538966122,47.5
7619,42,2,970803,485401.5,23869.0,10.080377719332876,12.0
7620,9,4,2153630,538407.5,0.0,0.0,24.0
7622,59,1,256094,256094.0,0.0,0.0,999.0
7623,93,1,43955,43955.0,0.0,0.0,999.0
7625,45,2,253632,126816.0,10140.0,9.224341891611996,20.0
7626,44,3,622186,207395.33333333334,674549.0,13.421801080866963,32.0
7627,53,1,473988,473988.0,566016.0,13.246379392069958,999.0
7628,49,3,725319,241773.0,1728531.0,14.362783051334151,25.0
7629,38,1,141821,141821.0,561474.0,13.238322528571924,999.0
7631,12,2,1185042,592521.0,0.0,0.0,83.0
7632,8,5,1116297,223259.4,83890.0,11.337273616141209,27.75
7633,23,5,2266256,453251.2,301602.0,12.616866862016069,23.25
7634,96,1,433581,433581.0,65534.0,11.090339630053647,999.0
7635,32,1,72584,72584.0,0.0,0.0,999.0
7636,19,3,563395,187798.33333333334,126565.0,11.748519190221609,15.0
7637,9,2,891851,445925.5,414896.0,12.935785575636828,68.0
7638,29,4,2005691,501422.75,0.0,0.0,16.0
7639,102,2,238136,119068.0,1488131.0,14.213032200118123,6.0
7640,16,4,1745917,436479.25,329482.0,12.705280038270502,15.666666666666666
7641,9,4,1448614,362153.5,0.0,0.0,35.0
7642,107,1,237237,237237.0,577751.0,13.266899989835526,999.0
7643,7,6,2529435,421572.5,226465.0,12.33035010226226,20.4
7645,108,2,131909,65954.5,0.0,0.0,2.0
7646,1,4,1647639,411909.75,0.0,0.0,24.333333333333332
7647,44,2,598366,299183.0,329436.0,12.70514041585784,17.0
7648,5,6,1169568,194928.0,0.0,0.0,20.4
7649,22,4,1303959,325989.75,0.0,0.0,32.0
7650,5,4,1906168,476542.0,58602.0,10.978541168793958,22.0
7651,58,2,1477536,738768.0,527005.0,13.17496721265793,46.0
7652,73,1,189596,189596.0,0.0,0.0,999.0
7653,9,3,422585,140861.66666666666,318376.0,12.670991494162301,46.0
7654,29,2,88600,44300.0,1127229.0,13.935273853832744,68.0
7655,82,5,1165415,233083.0,1381407.0,14.138613826846532,7.5
7656,0,3,976313,325437.6666666667,690702.0,13.445465198487351,35.0
7657,10,5,1865632,373126.4,377942.0,12.842498669580426,15.75
7659,2,2,1209180,604590.0,5081.0,8.53346016388011,19.0
7660,8,5,2040633,408126.6,332716.0,12.715047557785617,25.75
7661,65,1,273054,273054.0,505771.0,13.133841253836747,999.0
7662,16,8,2630790,328848.75,896960.0,13.706767661834856,14.714285714285714
7663,59,2,1510359,755179.5,402192.0,12.904687351892754,45.0
7664,47,4,1199024,299756.0,467068.0,13.054232277342837,14.666666666666666
7665,7,3,1280686,426895.3333333333,0.0,0.0,49.0
7666,9,8,3025595,378199.375,1597500.0,14.283951091211721,13.571428571428571
7667,18,2,1225068,612534.0,60220.0,11.005776407676661,39.0
7668,33,2,481048,240524.0,29862.0,10.30437553490118,47.0
7669,11,3,1482524,494174.6666666667,0.0,0.0,43.0
7670,74,2,430040,215020.0,1355225.0,14.119478788055984,22.0
7671,25,1,490557,490557.0,131646.0,11.787879376970167,999.0
7672,8,2,65992,32996.0,112021.0,11.626450559559094,46.0
7673,16,3,546942,182314.0,970571.0,13.785640867401963,42.0
7674,40,3,874101,291367.0,0.0,0.0,15.5
7675,23,3,1367354,455784.6666666667,0.0,0.0,43.0
7676,6,1,231765,231765.0,0.0,0.0,999.0
7677,15,3,1045332,348444.0,0.0,0.0,23.0
7678,11,3,1552186,517395.3333333333,394665.0,12.885795116567362,20.5
7679,83,1,223873,223873.0,821116.0,13.618420887416304,999.0
7680,42,3,845146,281715.3333333333,785075.0,13.573535807364872,36.0
7681,64,1,508629,508629.0,772825.0,13.557809205206842,999.0
7683,36,3,322167,107389.0,0.0,0.0,11.0
7684,23,4,1065375,266343.75,705496.0,13.466657797962634,26.666666666666668
7685,10,4,737770,184442.5,725875.0,13.495134480321068,20.0
7686,31,5,1751341,350268.2,0.0,0.0,19.0
7687,3,3,320563,106854.33333333333,0.0,0.0,55.0
7688,93,2,473387,236693.5,0.0,0.0,5.0
7691,27,5,1741223,348244.6,29835.0,10.303470997075054,10.25
7692,40,3,819791,273263.6666666667,1039451.0,13.854204209167882,16.0
7693,25,1,23857,23857.0,463307.0,13.046147338684971,999.0
7695,34,3,243992,81330.66666666667,359768.0,12.793217437809462,19.5
7696,18,1,24346,24346.0,0.0,0.0,999.0
7697,68,2,922020,461010.0,595701.0,13.297495821005805,37.0
7698,75,3,798879,266293.0,0.0,0.0,17.0
7699,108,1,584624,584624.0,227827.0,12.336346237279386,999.0
7700,13,3,1235392,411797.3333333333,169641.0,12.041445613191277,18.5
7701,70,1,489105,489105.0,321309.0,12.680161668180157,999.0
7702,40,2,1002329,501164.5,415896.0,12.938192912432566,64.0
7704,21,2,605114,302557.0,508228.0,13.138687412388077,11.0
7705,14,1,18903,18903.0,0.0,0.0,999.0
7706,50,4,1777184,444296.0,27103.0,10.207436597451782,18.333333333333332
7707,57,2,337730,168865.0,1798310.0,14.402358449022753,53.0
7708,14,5,520866,104173.2,213538.0,12.271574764757949,23.5
7709,8,2,286518,143259.0,1354610.0,14.11902488620834,32.0
7711,97,2,230621,115310.5,520403.0,13.162360711986027,1.0
7712,36,1,106454,106454.0,0.0,0.0,999.0
7713,25,2,743385,371692.5,485181.0,13.092279357260006,34.0
7715,8,3,1054834,351611.3333333333,581991.0,13.274211980914634,47.5
7716,74,1,14599,14599.0,876635.0,13.683847133885395,999.0
7717,10,4,2156080,539020.0,0.0,0.0,19.0
7718,82,2,1246813,623406.5,193138.0,12.171165415916121,23.0
7720,111,1,321126,321126.0,91057.0,11.419251945107048,999.0
7721,9,2,784813,392406.5,21279.0,9.96552294345558,104.0
7722,25,3,270016,90005.33333333333,72446.0,11.190610539024004,12.0
7724,78,3,688616,229538.66666666666,100107.0,11.514004882189793,19.5
7725,41,4,679745,169936.25,102931.0,11.541823855012877,25.0
7726,33,3,679065,226355.0,350354.0,12.766702205139687,20.5
7727,38,2,225362,112681.0,0.0,0.0,8.0
7728,15,1,557952,557952.0,0.0,0.0,999.0
7729,2,3,1191013,397004.3333333333,84441.0,11.34382018713889,51.5
7730,67,1,78196,78196.0,0.0,0.0,999.0
7731,21,3,714354,238118.0,288605.0,12.572817715126588,7.5
7734,7,2,496618,248309.0,50679.0,10.833286634435076,7.0
7735,0,6,1417410,236235.0,824092.0,13.622038666600607,14.6
7736,37,5,1774788,354957.6,123371.0,11.722959460330719,18.25
7737,74,3,702938,234312.66666666666,1965897.0,14.491459696349436,21.0
7738,81,1,300282,300282.0,956229.0,13.770753748871481,999.0
7739,102,1,665895,665895.0,0.0,0.0,999.0
7740,76,2,488512,244256.0,741413.0,13.516314452714441,22.0
7741,24,2,1152840,576420.0,123235.0,11.721856495189382,7.0
7742,19,3,1229403,409801.0,1922511.0,14.469143222215017,15.5
7743,11,2,879696,439848.0,323824.0,12.687958525398457,75.0
7744,59,1,504861,504861.0,0.0,0.0,999.0
7745,17,3,399720,133240.0,144501.0,11.88104862726929,50.0
7746,98,2,86215,43107.5,937627.0,13.751108560840208,16.0
7748,32,1,392816,392816.0,0.0,0.0,999.0
7749,76,1,14969,14969.0,160963.0,11.988936016479366,999.0
7750,4,4,1219757,304939.25,487723.0,13.097504951067618,28.666666666666668
7752,8,3,1295047,431682.3333333333,110944.0,11.616789862000516,42.0
7753,102,1,408625,408625.0,41712.0,10.638568109802293,999.0
7754,55,1,115044,115044.0,415274.0,12.936696230359278,999.0
7755,10,3,899057,299685.6666666667,196067.0,12.186216816818824,33.0
7756,6,2,212311,106155.5,241326.0,12.393908139261464,41.0
7757,22,2,1216130,608065.0,1102602.0,13.913184305975665,17.0
7758,85,3,1209175,403058.3333333333,0.0,0.0,1.0
7759,47,1,861792,861792.0,1096510.0,13.907643878709505,999.0
7760,99,1,730485,730485.0,831372.0,13.630833829930543,999.0
7762,1,7,2651961,378851.5714285714,342036.0,12.742674197327439,18.166666666666668
7764,48,2,479817,239908.5,57971.0,10.967715414342408,35.0
7765,7,2,897852,448926.0,309906.0,12.644027531452327,21.0
7766,69,1,144064,144064.0,0.0,0.0,999.0
7767,103,1,105463,105463.0,1298971.0,14.077083740378082,999.0
7768,45,2,434502,217251.0,1778518.0,14.391291553473549,3.0
7769,0,4,915402,228850.5,1565757.0,14.263880609747112,38.333333333333336
7770,10,3,807078,269026.0,410573.0,12.925311459594198,18.0
7771,82,2,629745,314872.5,574015.0,13.260412549477675,12.0
7772,49,2,247673,123836.5,226079.0,12.328644197918354,15.0
7773,29,4,373071,93267.75,0.0,0.0,28.0
7774,97,1,775975,775975.0,529060.0,13.178859016101793,999.0
7775,12,1,416386,416386.0,621429.0,13.339778552857485,999.0
7776,85,2,1189591,594795.5,1373780.0,14.133077350414423,7.0
7777,29,4,621528,155382.0,319452.0,12.674365437127417,26.666666666666668
7778,74,1,399042,399042.0,216118.0,12.283584460888257,999.0
7779,36,2,250013,125006.5,460285.0,13.039603314396015,48.0
7780,13,2,429004,214502.0,94971.0,11.461337390297134,100.0
7781,7,1,332787,332787.0,0.0,0.0,999.0
7782,110,1,153338,153338.0,0.0,0.0,999.0
7783,8,5,1513126,302625.2,332351.0,12.713949927203991,25.0
7784,19,2,335737,167868.5,88695.0,11.392970071452188,19.0
7785,99,3,724950,241650.0,0.0,0.0,6.5
7786,1,3,856083,285361.0,0.0,0.0,32.0
7788,2,1,33024,33024.0,420172.0,12.948421810211977,999.0
7789,75,3,229919,76639.66666666667,104942.0,11.561172624596518,13.5
7790,3,1,158649,158649.0,43743.0,10.686109739523676,999.0
7791,26,3,465117,155039.0,0.0,0.0,43.5
7792,13,5,1704604,340920.8,1405668.0,14.15602390400704,25.25
7793,17,3,771034,257011.33333333334,706553.0,13.468154911306875,30.0
7794,40,1,572391,572391.0,553630.0,13.224253678827644,999.0
7795,102,1,32171,32171.0,0.0,0.0,999.0
7796,63,4,1669897,417474.25,0.0,0.0,10.666666666666666
7798,10,2,649947,324973.5,82056.0,11.315169406712247,99.0
7799,14,1,88554,88554.0,0.0,0.0,999.0
7800,73,1,731889,731889.0,302385.0,12.619459625919513,999.0
7801,14,1,618951,618951.0,123505.0,11.724045016866004,999.0
7802,51,1,30384,30384.0,1669193.0,14.32785143315677,999.0
7804,18,3,1136884,378961.3333333333,229825.0,12.345077779859224,22.5
7805,9,3,948990,316330.0,106589.0,11.576744977683182,42.5
7806,110,1,659823,659823.0,0.0,0.0,999.0
7807,78,2,1039897,519948.5,0.0,0.0,39.0
7808,93,2,348970,174485.0,0.0,0.0,14.0
7809,7,4,638448,159612.0,1320311.0,14.093378630269434,28.666666666666668
7810,35,1,62798,62798.0,498818.0,13.119998583481966,999.0
7811,7,6,1141710,190285.0,0.0,0.0,19.2
7812,24,2,471235,235617.5,604663.0,13.312428210836055,91.0
7813,26,1,122418,122418.0,0.0,0.0,999.0
7814,112,1,1084915,1084915.0,1134655.0,13.941840079258052,999.0
7815,37,1,306297,306297.0,647044.0,13.38017112284186,999.0
7816,20,2,714729,357364.5,1100024.0,13.910843464783065,78.0
7817,95,1,383305,383305.0,0.0,0.0,999.0
7818,18,2,211839,105919.5,0.0,0.0,71.0
7819,3,3,633836,211278.66666666666,0.0,0.0,32.0
7820,57,2,1479888,739944.0,335224.0,12.722557227147842,34.0
7822,88,1,926784,926784.0,0.0,0.0,999.0
7823,82,1,232776,232776.0,158754.0,11.97511741232194,999.0
7824,0,3,1544196,514732.0,0.0,0.0,52.0
7825,48,4,2119571,529892.75,0.0,0.0,19.666666666666668
7826,1,1,13666,13666.0,821928.0,13.619409295611945,999.0
7827,44,1,61327,61327.0,0.0,0.0,999.0
7828,11,3,1049005,349668.3333333333,0.0,0.0,28.0
7829,20,1,137466,137466.0,244538.0,12.407130084379277,999.0
7830,1,3,764807,254935.66666666666,869850.0,13.676077211595533,20.0
7831,1,1,31734,31734.0,0.0,0.0,999.0
7832,42,2,886526,443263.0,54435.0,10.904780978680208,50.0
7833,71,2,214025,107012.5,0.0,0.0,8.0
7835,17,3,486896,162298.66666666666,121231.0,11.705461344171155,15.0
7836,75,2,338838,169419.0,216066.0,12.28334382375401,35.0
7837,55,3,526340,175446.66666666666,0.0,0.0,30.5
7838,19,2,582107,291053.5,0.0,0.0,2.0
7839,30,1,387596,387596.0,420783.0,12.949874916869064,999.0
7840,57,1,134716,134716.0,141489.0,11.859984322189998,999.0
7841,9,5,2381345,476269.0,0.0,0.0,24.75
7843,8,3,319272,106424.0,1150120.0,13.955377712195776,8.5
7844,16,2,254378,127189.0,76701.0,11.24768306263468,100.0
7846,38,4,2380302,595075.5,500234.0,13.122833266988923,21.333333333333332
7847,71,2,1077982,538991.0,720801.0,13.4881197599672,22.0
7848,3,2,584350,292175.0,819768.0,13.616777872236403,93.0
7849,65,1,105109,105109.0,14278.0,9.566545205430295,999.0
7850,79,3,702174,234058.0,219390.0,12.298610805015613,11.0
7851,64,1,432801,432801.0,1037560.0,13.852383324539344,999.0
7852,56,1,82269,82269.0,354677.0,12.77896561459229,999.0
7853,19,2,1353824,676912.0,23440.0,10.062241904896988,66.0
7854,3,2,470408,235204.0,444573.0,13.004871799270076,26.0
7855,51,5,1483608,296721.6,869743.0,13.675954194456333,16.5
7856,98,2,582354,291177.0,496264.0,13.114865337226972,20.0
7857,119,1,819155,819155.0,0.0,0.0,999.0
7858,108,2,92366,46183.0,873524.0,13.680292028638963,2.0
7859,85,2,331210,165605.0,723292.0,13.491569674925202,9.0
7861,36,3,2112331,704110.3333333334,205610.0,12.233741313077495,25.0
7863,19,5,2040042,408008.4,948874.0,13.763032351319069,8.75
7864,66,2,345529,172764.5,22905.0,10.039154163957662,44.0
7865,81,2,404126,202063.0,134817.0,11.811680999703123,15.0
7866,21,3,371801,123933.66666666667,0.0,0.0,22.0
7867,12,3,683910,227970.0,0.0,0.0,38.5
7868,29,4,295465,73866.25,699285.0,13.457815093471535,27.333333333333332
7869,16,2,245019,122509.5,245503.0,12.411068519363,77.0
7870,2,2,705244,352622.0,1928781.0,14.472399273578262,93.0
7871,8,3,1503454,501151.3333333333,0.0,0.0,52.0
7872,6,3,479789,159929.66666666666,0.0,0.0,52.5
7873,32,1,631968,631968.0,0.0,0.0,999.0
7874,7,3,1665801,555267.0,27631.0,10.22672980038646,30.5
7875,5,1,255356,255356.0,0.0,0.0,999.0
7876,28,3,1714597,571532.3333333334,117428.0,11.673589174611381,45.0
7877,32,6,1382211,230368.5,672364.0,13.418556626812036,14.4
7878,21,1,728511,728511.0,0.0,0.0,999.0
7879,15,4,1090431,272607.75,0.0,0.0,26.0
7881,20,1,117182,117182.0,0.0,0.0,999.0
7882,21,3,720672,240224.0,0.0,0.0,46.5
7884,40,2,328785,164392.5,160068.0,11.983360251254409,12.0
7885,92,1,99564,99564.0,451980.0,13.021395422532626,999.0
7886,32,1,385772,385772.0,0.0,0.0,999.0
7887,89,1,94499,94499.0,0.0,0.0,999.0
7888,2,5,3778830,755766.0,466051.0,13.052052494865139,19.75
7891,21,2,887676,443838.0,463674.0,13.046939154757487,74.0
7892,83,1,377256,377256.0,829228.0,13.628251632400607,999.0
7893,2,2,1045131,522565.5,364089.0,12.805156368804207,27.0
7895,65,1,177225,177225.0,0.0,0.0,999.0
7896,15,4,809570,202392.5,157218.0,11.96539501681359,33.333333333333336
7897,5,6,823240,137206.66666666666,0.0,0.0,17.4
7898,12,2,359073,179536.5,949545.0,13.763739254611798,6.0
7899,9,2,732356,366178.0,1809937.0,14.408803148511675,80.0
7900,100,1,482732,482732.0,0.0,0.0,999.0
7901,72,1,85588,85588.0,0.0,0.0,999.0
7903,27,3,413788,137929.33333333334,107828.0,11.588301917976118,22.5
7904,19,2,259058,129529.0,0.0,0.0,60.0
7906,109,1,352071,352071.0,1073685.0,13.886608146313282,999.0
7907,1,3,1379477,459825.6666666667,397648.0,12.893324985607821,34.0
7909,25,2,491148,245574.0,198707.0,12.199591689430484,25.0
7910,9,2,1072615,536307.5,0.0,0.0,102.0
7912,6,3,457184,152394.66666666666,542299.0,13.203574632829152,39.0
7913,9,3,735293,245097.66666666666,649836.0,13.38447684119319,44.0
7914,6,1,482478,482478.0,640854.0,13.37055850126532,999.0
7915,31,1,852248,852248.0,1460608.0,14.194364030000456,999.0
7916,7,5,1780508,356101.6,26041.0,10.167465898288674,27.0
7917,93,1,92472,92472.0,187362.0,12.140803190658948,999.0
7918,50,1,106161,106161.0,40271.0,10.603411717375097,999.0
7919,104,1,7813,7813.0,260574.0,12.470646006607524,999.0
7920,1,6,1364432,227405.33333333334,983811.0,13.799190100870124,18.4
7921,57,2,289032,144516.0,410646.0,12.92548924365036,49.0
7922,50,1,555927,555927.0,0.0,0.0,999.0
7924,31,2,246684,123342.0,308514.0,12.63952574351184,60.0
7926,2,2,735174,367587.0,299728.0,12.610634012053573,28.0
7927,102,1,166432,166432.0,221511.0,12.308232043072092,999.0
7928,64,1,182478,182478.0,122522.0,11.716054046445176,999.0
7930,93,2,858411,429205.5,209586.0,12.252894206604761,11.0
7931,100,2,64256,32128.0,0.0,0.0,4.0
7932,17,4,1251916,312979.0,0.0,0.0,24.0
7933,71,1,761088,761088.0,0.0,0.0,999.0
7934,10,2,130267,65133.5,0.0,0.0,78.0
7935,89,1,34662,34662.0,246721.0,12.416017475679627,999.0
7936,111,1,255297,255297.0,0.0,0.0,999.0
7937,9,2,651055,325527.5,0.0,0.0,90.0
7939,13,5,1280117,256023.4,0.0,0.0,25.5
7940,85,1,50600,50600.0,76916.0,11.250482197382073,999.0
7942,2,4,1973903,493475.75,0.0,0.0,31.333333333333332
7943,42,3,899970,299990.0,0.0,0.0,29.0
7944,77,3,187625,62541.666666666664,1161038.0,13.964825851847106,19.5
7945,25,4,815485,203871.25,0.0,0.0,26.333333333333332
7946,45,3,860860,286953.3333333333,650307.0,13.38520137579603,36.5
7947,3,1,1204025,1204025.0,1195396.0,13.993988905748932,999.0
7948,61,2,350661,175330.5,1391088.0,14.145597451604997,45.0
7949,5,4,583920,145980.0,0.0,0.0,35.0
7950,27,2,241349,120674.5,0.0,0.0,6.0
7951,4,2,174157,87078.5,1196982.0,13.995314782267162,52.0
7952,30,4,609789,152447.25,549415.0,13.21661117489854,27.666666666666668
7953,48,4,1435967,358991.75,1003145.0,13.818651619660832,15.666666666666666
7954,74,3,848376,282792.0,0.0,0.0,17.5
7955,9,1,594336,594336.0,492188.0,13.106618068050594,999.0
7956,42,3,1814042,604680.6666666666,440378.0,12.995390998770041,35.5
7957,30,2,282087,141043.5,489305.0,13.100743339617727,40.0
7958,0,1,533084,533084.0,19656.0,9.8861887879578,999.0
7959,32,2,259557,129778.5,210117.0,12.255424556652143,49.0
7960,7,2,573218,286609.0,470671.0,13.061916739747774,107.0
7961,63,2,345601,172800.5,369412.0,12.81967053833162,9.0
7962,21,3,646786,215595.33333333334,0.0,0.0,45.0
7964,15,2,141176,70588.0,33520.0,10.419927387086586,42.0
7965,12,5,2584585,516917.0,398614.0,12.895751317763764,23.75
7966,74,1,159733,159733.0,204092.0,12.226331051296505,999.0
7967,34,1,52578,52578.0,0.0,0.0,999.0
7968,18,2,667453,333726.5,0.0,0.0,27.0
7969,13,4,1310990,327747.5,156016.0,11.957720254653374,32.333333333333336
7970,95,1,276486,276486.0,1356872.0,14.12069334563848,999.0
7971,95,1,204892,204892.0,54873.0,10.912794926976803,999.0
7972,4,2,855988,427994.0,87847.0,11.38336332727755,70.0
7973,28,4,828591,207147.75,289788.0,12.576908350936456,29.666666666666668
7974,8,5,2129352,425870.4,0.0,0.0,26.5
7976,12,3,459172,153057.33333333334,271538.0,12.51186105444881,21.0
7977,11,3,1182046,394015.3333333333,0.0,0.0,53.0
7978,15,2,340421,170210.5,46881.0,10.755389085456933,46.0
7979,24,2,130347,65173.5,637036.0,13.364583017639816,8.0
7980,15,3,1270636,423545.3333333333,1055588.0,13.869609462943142,40.5
7982,9,4,1582066,395516.5,371310.0,12.824795265365985,31.666666666666668
7983,25,2,575987,287993.5,0.0,0.0,62.0
7984,17,2,457090,228545.0,0.0,0.0,57.0
7985,24,2,314945,157472.5,1420765.0,14.166706720753531,75.0
7986,13,2,774438,387219.0,0.0,0.0,2.0
7987,22,6,3044874,507479.0,1155502.0,13.96004630497187,15.8
7988,42,3,716881,238960.33333333334,231121.0,12.350700988616001,36.5
7989,90,1,74731,74731.0,1018685.0,13.83402411947793,999.0
7990,5,4,1988307,497076.75,0.0,0.0,26.333333333333332
7991,63,2,364737,182368.5,73040.0,11.198776206303277,49.0
7992,80,3,1144416,381472.0,634696.0,13.360902998640883,8.0
7993,9,2,606291,303145.5,56114.0,10.935158435450356,51.0
7994,32,4,510811,127702.75,26802.0,10.196269100532607,24.0
7995,42,2,500787,250393.5,0.0,0.0,1.0
7997,23,4,789356,197339.0,115128.0,11.653808517796582,28.666666666666668
7998,37,3,676290,225430.0,325374.0,12.692733642296867,15.5
7999,58,1,365961,365961.0,583401.0,13.276631764589519,999.0
8000,31,1,255396,255396.0,0.0,0.0,999.0
8001,69,1,281975,281975.0,23602.0,10.069129101578879,999.0
8002,48,4,1795095,448773.75,0.0,0.0,9.0
8003,36,1,288244,288244.0,0.0,0.0,999.0
8004,37,1,710487,710487.0,527149.0,13.175240417005096,999.0
8005,82,2,68707,34353.5,0.0,0.0,26.0
8006,79,1,446354,446354.0,46306.0,10.743048416551554,999.0
8009,67,1,238916,238916.0,425832.0,12.961802529612715,999.0
8010,60,2,65454,32727.0,0.0,0.0,18.0
8011,21,1,85305,85305.0,0.0,0.0,999.0
8012,83,1,814912,814912.0,733859.0,13.506073553709463,999.0
8014,11,2,199647,99823.5,290359.0,12.578876811398777,32.0
8015,68,2,335238,167619.0,17281.0,9.757420776401345,49.0
8016,32,4,484301,121075.25,730900.0,13.502033298643768,23.333333333333332
8017,78,1,246488,246488.0,25604.0,10.150542923896651,999.0
8018,59,3,2366455,788818.3333333334,593671.0,13.29408225728035,11.5
8019,115,1,184316,184316.0,0.0,0.0,999.0
8020,85,3,356083,118694.33333333333,234748.0,12.366272137210531,16.5
8021,0,3,742864,247621.33333333334,675782.0,13.423627297574514,48.5
8022,111,1,94812,94812.0,0.0,0.0,999.0
8023,48,2,631607,315803.5,478515.0,13.078444927142655,14.0
8025,33,3,2215270,738423.3333333334,55715.0,10.928022637807922,27.0
8026,6,4,901794,225448.5,0.0,0.0,23.333333333333332
8027,15,2,196910,98455.0,0.0,0.0,98.0
8028,22,3,1872182,624060.6666666666,0.0,0.0,15.5
8029,48,1,50609,50609.0,0.0,0.0,999.0
8030,117,1,186628,186628.0,0.0,0.0,999.0
8031,82,1,10484,10484.0,526828.0,13.174631296690697,999.0
8032,47,1,21166,21166.0,540819.0,13.200841785275585,999.0
8033,39,2,875493,437746.5,0.0,0.0,30.0
8034,40,4,1578733,394683.25,0.0,0.0,25.0
8035,9,4,1079930,269982.5,0.0,0.0,15.0
8038,7,4,1748398,437099.5,0.0,0.0,25.666666666666668
8039,13,1,238092,238092.0,772836.0,13.557823438581128,999.0
8040,8,3,371096,123698.66666666667,105897.0,11.570231645669894,55.5
8041,0,3,1692247,564082.3333333334,212306.0,12.265788619356915,46.0
8042,21,1,922024,922024.0,829335.0,13.628380659602012,999.0
8044,44,3,930576,310192.0,1055895.0,13.869900253549908,27.0
8045,12,5,1415109,283021.8,0.0,0.0,22.25
8046,27,4,1504188,376047.0,208258.0,12.246537776382164,23.333333333333332
8047,91,2,570801,285400.5,888356.0,13.697128968210121,11.0
8048,20,4,713758,178439.5,0.0,0.0,31.0
8049,17,3,421168,140389.33333333334,0.0,0.0,33.0
8050,69,1,52203,52203.0,49991.0,10.819618271608917,999.0
8051,10,2,1201329,600664.5,297596.0,12.603495501245103,107.0
8052,8,2,103011,51505.5,0.0,0.0,106.0
8053,18,1,151176,151176.0,14460.0,9.579210649614792,999.0
8054,104,1,650331,650331.0,884036.0,13.692254195947497,999.0
8055,27,2,406849,203424.5,291318.0,12.58217416567458,25.0
8056,57,1,98941,98941.0,195648.0,12.184077516457595,999.0
8057,0,3,271291,90430.33333333333,1363949.0,14.125895459822168,22.5
8058,1,5,1334789,266957.8,1094200.0,13.905534974521151,22.75
8059,52,2,265601,132800.5,1282227.0,14.064109747763714,55.0
8060,0,3,1098806,366268.6666666667,0.0,0.0,42.0
8061,64,1,243067,243067.0,114544.0,11.648723037867448,999.0
8062,68,1,313556,313556.0,0.0,0.0,999.0
8063,11,5,1299536,259907.2,185972.0,12.133356780868096,22.75
8064,15,2,301225,150612.5,149271.0,11.913525424077084,76.0
8066,80,1,248485,248485.0,62988.0,11.050715386954158,999.0
8067,88,3,1473089,491029.6666666667,0.0,0.0,14.0
8068,25,1,111726,111726.0,0.0,0.0,999.0
8069,27,7,2487063,355294.71428571426,164838.0,12.012724518945635,15.333333333333334
8070,23,1,212448,212448.0,718403.0,13.484787363883356,999.0
8071,3,4,2012751,503187.75,137942.0,11.834595835335127,32.0
8072,28,1,20732,20732.0,151127.0,11.925882438836688,999.0
8073,70,1,64674,64674.0,27422.0,10.219137356321928,999.0
8074,32,2,479318,239659.0,0.0,0.0,50.0
8076,0,2,990898,495449.0,57136.0,10.953207171781322,112.0
8077,6,3,432697,144232.33333333334,388993.0,12.871319198317105,48.5
8078,103,1,26302,26302.0,0.0,0.0,999.0
8079,22,3,462041,154013.66666666666,46884.0,10.755453073853726,29.5
8081,21,1,1241515,1241515.0,458529.0,13.035780999290612,999.0
8082,4,3,741128,247042.66666666666,0.0,0.0,25.0
8084,55,4,420466,105116.5,0.0,0.0,14.666666666666666
8085,2,3,399113,133037.66666666666,29200.0,10.281958234245314,56.5
8086,1,3,534945,178315.0,877789.0,13.685162664054724,10.5
8087,63,1,53244,53244.0,499747.0,13.121859250353637,999.0
8088,82,3,964125,321375.0,99594.0,11.508867241509375,17.5
8089,42,3,934397,311465.6666666667,0.0,0.0,30.5
8090,23,1,339021,339021.0,566071.0,13.246476557575573,999.0
8091,3,1,336292,336292.0,671805.0,13.417724887349978,999.0
8092,5,4,867045,216761.25,537738.0,13.195128591318712,37.0
8093,48,3,700992,233664.0,138725.0,11.840256043674158,35.5
8095,2,2,744527,372263.5,954018.0,13.768438866374657,55.0
8096,70,3,881419,293806.3333333333,0.0,0.0,9.0
8097,6,4,643224,160806.0,67026.0,11.112850802271053,31.333333333333332
8098,6,4,421580,105395.0,0.0,0.0,20.0
8099,116,1,264044,264044.0,19346.0,9.870292647678488,999.0
8101,26,3,257782,85927.33333333333,0.0,0.0,18.5
8102,35,3,577832,192610.66666666666,453088.0,13.023843853159033,27.0
8103,119,2,110378,55189.0,0.0,0.0,0.0
8104,15,2,155155,77577.5,0.0,0.0,52.0
8107,106,1,488325,488325.0,396215.0,12.889714796075815,999.0
8108,28,5,2036378,407275.6,0.0,0.0,20.5
8109,57,1,62354,62354.0,0.0,0.0,999.0
8110,42,3,831811,277270.3333333333,1134135.0,13.941381685532136,36.5
8111,88,1,965305,965305.0,951511.0,13.765807577304606,999.0
8112,38,2,453365,226682.5,390254.0,12.87455565059541,50.0
8113,45,3,805706,268568.6666666667,1385662.0,14.141689283424121,29.0
8114,56,1,264776,264776.0,37198.0,10.524037158179487,999.0
8115,19,2,808853,404426.5,69846.0,11.154062414585958,74.0
8116,3,4,1150129,287532.25,674357.0,13.421516406150383,38.0
8117,54,2,200424,100212.0,0.0,0.0,38.0
8119,56,4,218330,54582.5,733059.0,13.504982832907633,16.333333333333332
8120,30,2,122056,61028.0,0.0,0.0,19.0
8121,5,2,571700,285850.0,106648.0,11.577298347390464,39.0
8122,52,2,684203,342101.5,495214.0,13.112747290685366,31.0
8123,107,1,385445,385445.0,0.0,0.0,999.0
8124,93,1,131194,131194.0,287936.0,12.570496985188813,999.0
8125,3,3,387730,129243.33333333333,74904.0,11.223975922951482,50.0
8126,16,3,1159373,386457.6666666667,2808588.0,14.848192779966498,44.0
8127,90,1,406872,406872.0,91322.0,11.422157951615302,999.0
8128,113,1,571677,571677.0,161382.0,11.99153570089386,999.0
8129,8,6,2428753,404792.1666666667,0.0,0.0,20.2
8130,20,2,1273985,636992.5,234340.0,12.36453259851696,2.0
8132,9,2,306663,153331.5,1153514.0,13.958324360412567,89.0
8133,10,6,2210077,368346.1666666667,841579.0,13.643036356424654,12.2
8134,70,2,67600,33800.0,1694380.0,14.342828040357531,9.0
8135,30,4,1780871,445217.75,0.0,0.0,21.666666666666668
8137,7,4,1425599,356399.75,0.0,0.0,31.0
8138,57,1,35711,35711.0,142809.0,11.869270354446979,999.0
8140,20,2,583041,291520.5,75389.0,11.230429919205747,73.0
8141,18,4,456588,114147.0,460554.0,13.040187562941968,13.0
8142,12,5,3108446,621689.2,178748.0,12.093737866135012,21.25
8143,44,1,83288,83288.0,0.0,0.0,999.0
8144,16,4,547511,136877.75,0.0,0.0,32.333333333333336
8145,63,2,986042,493021.0,0.0,0.0,2.0
8146,51,4,796144,199036.0,325912.0,12.694385753566754,16.0
8147,5,2,441887,220943.5,472963.0,13.066774554640986,108.0
8148,42,2,548619,274309.5,623395.0,13.342937229868738,74.0
8149,1,2,306851,153425.5,538419.0,13.196394203725244,3.0
8150,37,3,551539,183846.33333333334,0.0,0.0,38.0
8151,15,3,247137,82379.0,0.0,0.0,19.0
8152,67,1,67776,67776.0,0.0,0.0,999.0
8153,28,5,738066,147613.2,186736.0,12.137456488791596,17.75
8154,81,2,320139,160069.5,34753.0,10.4560499522822,35.0
8155,34,3,911622,303874.0,1174325.0,13.976204923957935,42.0
8156,56,3,693924,231308.0,350950.0,12.768401891563256,17.5
8157,102,1,30151,30151.0,0.0,0.0,999.0
8158,19,2,395013,197506.5,428367.0,12.96773791822052,29.0
8159,0,1,368802,368802.0,756372.0,13.536289919730084,999.0
8160,7,4,362860,90715.0,419361.0,12.946489787717933,25.333333333333332
8161,28,2,237261,118630.5,224751.0,12.32275285107069,37.0
8162,51,2,914202,457101.0,0.0,0.0,4.0
8163,60,2,1110020,555010.0,814907.0,13.610830502415602,30.0
8164,46,3,1259903,419967.6666666667,144282.0,11.879531927703995,35.0
8165,14,3,789753,263251.0,0.0,0.0,52.5
8166,83,1,378408,378408.0,378652.0,12.844375497394513,999.0
8167,40,3,1267100,422366.6666666667,0.0,0.0,21.0
8168,108,2,1116429,558214.5,73914.0,11.210671063335191,9.0
8169,89,2,660780,330390.0,513333.0,13.148681984422158,23.0
8170,35,2,598364,299182.0,92120.0,11.430858209281695,62.0
8171,117,1,140683,140683.0,391116.0,12.87676202694289,999.0
8172,51,1,17104,17104.0,0.0,0.0,999.0
8173,22,4,1659051,414762.75,16749.0,9.726153537253213,22.666666666666668
8174,2,1,149951,149951.0,1517503.0,14.232577437826649,999.0
8175,9,1,262401,262401.0,422387.0,12.953679601879735,999.0
8176,52,1,516612,516612.0,192377.0,12.167217465561498,999.0
8177,69,1,425804,425804.0,0.0,0.0,999.0
8178,13,1,61979,61979.0,0.0,0.0,999.0
8179,11,3,339129,113043.0,679928.0,13.429743659936296,5.0
8180,60,3,1108715,369571.6666666667,270323.0,12.507376518555994,18.5
8181,8,3,1305262,435087.3333333333,54688.0,10.909417871295242,24.5
8182,77,1,247072,247072.0,0.0,0.0,999.0
8183,17,2,1021380,510690.0,466085.0,13.052125445436868,49.0
8184,32,2,336379,168189.5,160809.0,11.98797882284807,69.0
8185,56,2,968467,484233.5,0.0,0.0,13.0
8187,56,2,186421,93210.5,235015.0,12.367408875914993,53.0
8188,56,3,697713,232571.0,263464.0,12.481675810816746,19.0
8189,6,2,1485623,742811.5,0.0,0.0,37.0
8190,8,3,155836,51945.333333333336,342095.0,12.742846678409762,24.0
8191,22,2,184595,92297.5,108565.0,11.59511356195716,41.0
8192,1,4,600937,150234.25,116608.0,11.666581736883748,30.333333333333332
8193,96,3,485698,161899.33333333334,113294.0,11.637750315415659,3.5
8194,60,2,1062334,531167.0,198536.0,12.198730759724324,46.0
8195,46,3,2838664,946221.3333333334,0.0,0.0,26.0
8196,9,3,628339,209446.33333333334,1317719.0,14.091413528379759,40.5
8197,18,3,1291353,430451.0,0.0,0.0,35.5
8198,24,3,550681,183560.33333333334,595722.0,13.29753107291004,40.5
8199,25,1,74469,74469.0,479401.0,13.080294772855238,999.0
8200,49,2,103917,51958.5,0.0,0.0,27.0
8201,75,1,141875,141875.0,354900.0,12.779594156325743,999.0
8202,21,5,1297255,259451.0,1132866.0,13.940262145652794,21.75
8203,72,3,1371967,457322.3333333333,476132.0,13.073452505950065,23.0
8206,84,1,435663,435663.0,904734.0,13.715397362123039,999.0
8208,19,3,852524,284174.6666666667,111678.0,11.623383963801382,37.5
8209,12,1,62452,62452.0,942375.0,13.756159624662134,999.0
8210,82,2,190739,95369.5,659512.0,13.399256962848186,16.0
8211,23,2,28031,14015.5,0.0,0.0,8.0
8212,34,2,964387,482193.5,0.0,0.0,67.0
8213,59,1,175584,175584.0,0.0,0.0,999.0
8214,90,3,894214,298071.3333333333,994021.0,13.809514618190565,14.5
8215,87,1,77176,77176.0,0.0,0.0,999.0
8217,4,3,324596,108198.66666666667,236364.0,12.373132499407467,36.0
8218,61,3,824130,274710.0,631306.0,13.355547552524879,6.5
8219,114,1,481893,481893.0,751791.0,13.530214968927638,999.0
8220,74,1,77967,77967.0,0.0,0.0,999.0
8221,23,1,323128,323128.0,868780.0,13.674846358677737,999.0
8222,9,4,1149755,287438.75,0.0,0.0,31.666666666666668
8223,19,4,2242874,560718.5,0.0,0.0,24.0
8224,0,5,1697818,339563.6,386208.0,12.864133952692589,22.25
8225,29,3,825113,275037.6666666667,512238.0,13.146546591980877,5.5
8226,22,1,10967,10967.0,416859.0,12.940505712995662,999.0
8227,11,2,161479,80739.5,0.0,0.0,43.0
8228,6,2,824944,412472.0,151522.0,11.92849270759032,36.0
8229,34,3,515404,171801.33333333334,909063.0,13.72017077772186,37.5
8230,12,3,657266,219088.66666666666,0.0,0.0,39.5
8231,58,2,949397,474698.5,1016685.0,13.832058876128118,24.0
8232,16,2,136403,68201.5,249625.0,12.427719076719105,21.0
8233,4,3,548407,182802.33333333334,0.0,0.0,29.0
8235,33,2,431170,215585.0,1188460.0,13.988169750771956,49.0
8237,96,1,377622,377622.0,94707.0,11.45855375290289,999.0
8239,61,2,1173306,586653.0,0.0,0.0,20.0
8240,44,2,420606,210303.0,768314.0,13.551955084288727,48.0
8241,37,3,779838,259946.0,0.0,0.0,37.5
8242,21,2,1362144,681072.0,684165.0,13.4359558572187,5.0
8243,11,3,319742,106580.66666666667,346420.0,12.755410077389465,52.5
8244,14,4,1407246,351811.5,90911.0,11.417647284653915,34.666666666666664
8245,3,2,289972,144986.0,896999.0,13.706811141040934,54.0
8246,10,1,112234,112234.0,723424.0,13.491752156929802,999.0
8247,8,7,2890909,412987.0,851690.0,13.654979063972249,17.833333333333332
8248,21,5,1616274,323254.8,0.0,0.0,13.25
8249,4,3,453702,151234.0,236338.0,12.373022493991705,19.5
8250,94,3,935648,311882.6666666667,0.0,0.0,7.0
8251,43,1,26667,26667.0,969098.0,13.784122052836855,999.0
8252,37,1,108311,108311.0,0.0,0.0,999.0
8253,5,3,631163,210387.66666666666,242814.0,12.400055115501397,36.0
8255,99,2,458866,229433.0,1329403.0,14.100241279461276,12.0
8256,9,3,775936,258645.33333333334,763967.0,13.54628118245471,31.5
8258,10,4,1044742,261185.5,402456.0,12.905343537835641,11.0
8259,8,5,1397677,279535.4,161704.0,11.993528966546632,23.25
8260,78,1,340316,340316.0,0.0,0.0,999.0
8262,11,1,16960,16960.0,0.0,0.0,999.0
8263,49,3,633502,211167.33333333334,164362.0,12.009832675446978,15.5
8264,42,4,1107871,276967.75,388128.0,12.869093037574906,22.0
8265,92,2,858498,429249.0,378411.0,12.843738828130604,9.0
8266,63,2,399470,199735.0,374307.0,12.832834266894146,15.0
8268,113,1,73956,73956.0,1464873.0,14.197279789908567,999.0
8270,10,5,1976211,395242.2,88746.0,11.393544903949433,21.5
8271,1,5,2973515,594703.0,467210.0,13.054536254739535,21.5
8272,77,1,626464,626464.0,232266.0,12.355642850983322,999.0
8273,113,1,175724,175724.0,25481.0,10.145727599541326,999.0
8274,64,1,95259,95259.0,693010.0,13.448801151061938,999.0
8275,24,2,275284,137642.0,0.0,0.0,13.0
8276,15,5,1060842,212168.4,74368.0,11.21679446732484,23.75
8277,63,1,68705,68705.0,0.0,0.0,999.0
8278,64,3,1254452,418150.6666666667,426464.0,12.963285579240514,3.0
8279,13,2,969739,484869.5,250184.0,12.429955923179383,26.0
8280,31,1,286779,286779.0,0.0,0.0,999.0
8281,15,1,54597,54597.0,376616.0,12.83898403491925,999.0
8282,19,3,1457409,485803.0,0.0,0.0,46.5
8283,56,3,804108,268036.0,400053.0,12.89935481697844,19.0
8284,1,4,717729,179432.25,99372.0,11.506635725967943,36.0
8285,11,1,160431,160431.0,273671.0,12.519685588005304,999.0
8288,10,1,31369,31369.0,75892.0,11.23707973251662,999.0
8289,8,4,1275049,318762.25,65192.0,11.085107380187846,11.666666666666666
8290,45,3,1205050,401683.3333333333,861645.0,13.666599792442812,9.5
8291,23,1,229812,229812.0,834908.0,13.63507801585809,999.0
8292,9,3,357717,119239.0,185359.0,12.130055159106258,33.0
8293,66,2,269024,134512.0,12528.0,9.435801236245553,40.0
8295,61,2,871231,435615.5,646225.0,13.378904566784414,14.0
8296,48,4,323550,80887.5,727539.0,13.497424259334155,23.0
8297,17,3,1814231,604743.6666666666,0.0,0.0,11.0
8298,52,4,2298333,574583.25,0.0,0.0,21.666666666666668
8299,15,4,1817494,454373.5,154055.0,11.945071451659723,32.333333333333336
8300,70,2,1657180,828590.0,157917.0,11.969831189946786,27.0
8301,37,3,902456,300818.6666666667,0.0,0.0,13.5
8302,20,5,1080261,216052.2,837484.0,13.638158632073203,21.5
8303,70,1,49288,49288.0,507499.0,13.137251989898079,999.0
8304,32,2,1154324,577162.0,1124734.0,13.933058010317534,87.0
8306,17,2,159598,79799.0,0.0,0.0,84.0
8307,3,3,526132,175377.33333333334,0.0,0.0,14.0
8308,22,2,356729,178364.5,1142075.0,13.94835821689618,25.0
8309,81,2,1780076,890038.0,0.0,0.0,6.0
8310,68,1,70905,70905.0,0.0,0.0,999.0
8311,53,1,614525,614525.0,0.0,0.0,999.0
8312,26,4,2842971,710742.75,56374.0,10.93978107680498,25.666666666666668
8313,24,2,780376,390188.0,894312.0,13.70381110473762,40.0
8314,5,1,476688,476688.0,75158.0,11.227361148489448,999.0
8316,3,3,264446,88148.66666666667,0.0,0.0,19.5
8317,55,2,198032,99016.0,76279.0,11.242166059714355,62.0
8319,93,2,523824,261912.0,0.0,0.0,23.0
8320,73,1,158635,158635.0,0.0,0.0,999.0
8321,3,6,938076,156346.0,0.0,0.0,17.2
8322,51,3,1164342,388114.0,0.0,0.0,21.0
8323,30,1,34248,34248.0,216881.0,12.287108705819442,999.0
8324,102,1,328206,328206.0,864728.0,13.670171442029261,999.0
8326,12,3,664520,221506.66666666666,575124.0,13.26234268745777,10.5
8327,97,1,466578,466578.0,962555.0,13.777347525269763,999.0
8328,32,3,286709,95569.66666666667,1168493.0,13.971226298159676,43.5
8329,40,2,294077,147038.5,0.0,0.0,1.0
8330,86,1,637864,637864.0,10041.0,9.21453157659465,999.0
8331,98,1,103348,103348.0,181905.0,12.111245349118894,999.0
8332,54,1,6484,6484.0,0.0,0.0,999.0
8333,17,2,971191,485595.5,9177.0,9.124564594954778,61.0
8334,12,6,1065203,177533.83333333334,0.0,0.0,20.0
8335,23,2,918156,459078.0,200597.0,12.209058184370539,26.0
8336,81,3,672731,224243.66666666666,121793.0,11.710086371960823,15.5
8337,105,2,169807,84903.5,34830.0,10.458263073829322,11.0
8338,20,5,2799107,559821.4,259222.0,12.465443974091478,20.75
8339,59,2,55731,27865.5,57135.0,10.953189669834229,17.0
8340,16,3,1400507,466835.6666666667,1414378.0,14.162201123470226,42.5
8341,49,1,390875,390875.0,1546228.0,14.251329621351662,999.0
8342,22,2,1583169,791584.5,398133.0,12.894543911018516,53.0
8343,52,2,892926,446463.0,37763.0,10.539111546852407,45.0
8344,46,3,1680977,560325.6666666666,13863.0,9.537050831395442,13.0
8345,14,4,1443093,360773.25,136098.0,11.82113784107399,25.0
8346,15,2,756314,378157.0,187268.0,12.140301364856706,58.0
8347,37,1,149479,149479.0,27192.0,10.210714866221961,999.0
8348,37,7,716546,102363.71428571429,701712.0,13.461279767504566,11.166666666666666
8349,19,2,796670,398335.0,640347.0,13.369767057557391,30.0
8350,84,2,807952,403976.0,0.0,0.0,14.0
8351,119,1,421476,421476.0,0.0,0.0,999.0
8352,0,2,334895,167447.5,102004.0,11.53277711067283,110.0
8354,5,3,809622,269874.0,503770.0,13.12987707871905,54.0
8356,11,2,1725059,862529.5,780028.0,13.567086377461814,35.0
8357,49,1,25896,25896.0,0.0,0.0,999.0
8358,109,1,648944,648944.0,168588.0,12.03521907924234,999.0
8359,52,4,499024,124756.0,0.0,0.0,17.0
8360,10,6,942469,157078.16666666666,203944.0,12.225605628632488,12.8
8361,48,1,687633,687633.0,1766415.0,14.384463192994904,999.0
8362,73,1,48382,48382.0,158287.0,11.972171437563004,999.0
8364,27,3,458368,152789.33333333334,23748.0,10.075295703313177,37.5
8365,46,1,262964,262964.0,1185157.0,13.985386656996603,999.0
8366,25,4,1198062,299515.5,434646.0,12.98228948637825,19.333333333333332
8367,15,3,1382657,460885.6666666667,0.0,0.0,28.0
8368,100,2,1609560,804780.0,631572.0,13.35596881187483,9.0
8369,78,2,782408,391204.0,0.0,0.0,26.0
8370,28,3,1042364,347454.6666666667,274968.0,12.524413643021784,29.0
8371,22,5,2618732,523746.4,0.0,0.0,16.75
8372,16,3,1026100,342033.3333333333,113968.0,11.643681760572452,50.5
8375,14,3,333089,111029.66666666667,930653.0,13.743642843788484,40.5
8376,30,2,240679,120339.5,0.0,0.0,27.0
8377,86,1,111963,111963.0,172491.0,12.05810613756652,999.0
8378,20,3,861675,287225.0,220988.0,12.30586820550548,33.5
8379,36,3,95593,31864.333333333332,0.0,0.0,18.5
8380,114,1,12206,12206.0,0.0,0.0,999.0
8381,41,2,146531,73265.5,420096.0,12.948240915975108,23.0
8382,87,1,42558,42558.0,118323.0,11.681181903439349,999.0
8383,102,1,978996,978996.0,4984.0,8.514188682395938,999.0
8384,11,3,1427044,475681.3333333333,500241.0,13.122847260314108,51.5
8385,33,2,401008,200504.0,38796.0,10.566098203034423,52.0
8386,0,3,947607,315869.0,57903.0,10.966541745803523,46.5
8387,17,3,915729,305243.0,672769.0,13.419158796872644,36.5
8388,59,4,993686,248421.5,957719.0,13.772310738658055,17.333333333333332
8389,47,1,365775,365775.0,46372.0,10.744472672295117,999.0
8390,41,1,26326,26326.0,864888.0,13.670356453980403,999.0
8391,8,3,1427962,475987.3333333333,71043.0,11.171054682387217,21.5
8392,62,1,282664,282664.0,446102.0,13.008305146043307,999.0
8393,0,4,1586972,396743.0,87353.0,11.37772410730138,29.666666666666668
8394,79,1,20236,20236.0,1176797.0,13.978307748743788,999.0
8395,95,3,905555,301851.6666666667,0.0,0.0,9.5
8396,4,8,1956377,244547.125,84582.0,11.34548857977556,16.142857142857142
8397,23,3,999434,333144.6666666667,0.0,0.0,7.5
8398,80,2,176967,88483.5,188682.0,12.147823637208196,19.0
8399,6,5,1217441,243488.2,0.0,0.0,20.5
8400,20,3,693272,231090.66666666666,143309.0,11.872765395052117,25.0
8401,15,4,1360038,340009.5,0.0,0.0,20.0
8402,17,1,637929,637929.0,0.0,0.0,999.0
8403,25,1,364792,364792.0,0.0,0.0,999.0
8404,7,3,909080,303026.6666666667,0.0,0.0,39.0
8406,67,3,698128,232709.33333333334,464702.0,13.049153770830152,15.0
8407,17,2,103738,51869.0,100917.0,11.522063584881254,101.0
8408,52,2,781680,390840.0,41688.0,10.637992584019639,2.0
8409,13,1,140019,140019.0,891583.0,13.700754935065897,999.0
8410,85,1,398901,398901.0,0.0,0.0,999.0
8411,4,3,395694,131898.0,0.0,0.0,38.0
8412,85,1,281505,281505.0,731097.0,13.502302792673781,999.0
8413,11,3,307580,102526.66666666667,0.0,0.0,17.0
8414,11,1,427518,427518.0,748109.0,13.525305304968056,999.0
8415,26,2,106251,53125.5,30164.0,10.314437590874862,63.0
8416,41,2,1106302,553151.0,784136.0,13.572339028964393,21.0
8417,19,4,370479,92619.75,82129.0,11.316058636734239,26.333333333333332
8418,60,4,495324,123831.0,406988.0,12.916541437032468,12.666666666666666
8419,21,1,272415,272415.0,816608.0,13.61291567911474,999.0
8421,1,2,293867,146933.5,0.0,0.0,34.0
8422,88,3,1764627,588209.0,118948.0,11.686450108802113,9.0
8423,87,1,111592,111592.0,103068.0,11.543153945839599,999.0
8424,70,1,49846,49846.0,1128976.0,13.936822470913658,999.0
8426,44,3,1421630,473876.6666666667,0.0,0.0,22.0
8428,35,4,579222,144805.5,0.0,0.0,24.666666666666668
8429,83,1,192712,192712.0,170212.0,12.044805872933106,999.0
8430,78,1,5194,5194.0,209446.0,12.252226003045102,999.0
8431,5,1,205326,205326.0,164408.0,12.010112504631337,999.0
8432,62,2,761785,380892.5,0.0,0.0,9.0
8433,64,2,97528,48764.0,630966.0,13.355008842215987,5.0
8434,57,1,416286,416286.0,331191.0,12.710453546612143,999.0
8438,23,4,1094038,273509.5,788256.0,13.577579457799212,16.666666666666668
8439,15,4,1858288,464572.0,295298.0,12.595743681339554,33.0
8440,14,2,985230,492615.0,715452.0,13.48067118749123,26.0
8441,65,1,73490,73490.0,0.0,0.0,999.0
8442,24,2,248354,124177.0,483728.0,13.089280111531137,61.0
8443,27,2,302121,151060.5,1132045.0,13.939537172962046,74.0
8444,8,4,1175170,293792.5,0.0,0.0,30.333333333333332
8445,59,1,214194,214194.0,0.0,0.0,999.0
8446,24,3,951868,317289.3333333333,1313801.0,14.08843578174107,38.0
8447,117,1,244936,244936.0,0.0,0.0,999.0
8448,33,1,680172,680172.0,448124.0,13.012827490336022,999.0
8449,57,2,361835,180917.5,461512.0,13.042265501542389,16.0
8450,10,1,845915,845915.0,274971.0,12.524424553283067,999.0
8451,54,1,425943,425943.0,376668.0,12.839122096691492,999.0
8452,12,4,785681,196420.25,0.0,0.0,33.666666666666664
8454,39,3,632303,210767.66666666666,476889.0,13.075041135309915,6.5
8455,42,3,787368,262456.0,589210.0,13.286539632778554,38.0
8456,2,1,167901,167901.0,379048.0,12.845420763306587,999.0
8457,8,2,483064,241532.0,108744.0,11.59676097088246,20.0
8458,6,3,1112833,370944.3333333333,0.0,0.0,14.0
8460,59,2,720004,360002.0,396915.0,12.891479950379898,38.0
8461,0,6,1490812,248468.66666666666,0.0,0.0,23.2
8462,53,1,357812,357812.0,0.0,0.0,999.0
8463,5,1,181283,181283.0,0.0,0.0,999.0
8464,13,3,591642,197214.0,8336.0,9.028458718410613,9.5
8465,39,2,102307,51153.5,2336842.0,14.664311431118822,42.0
8466,65,3,397134,132378.0,0.0,0.0,17.0
8467,68,4,769819,192454.75,163155.0,12.002462077318278,16.333333333333332
8468,38,2,317384,158692.0,198644.0,12.199274591029175,73.0
8469,103,1,91687,91687.0,881315.0,13.68917152392125,999.0
8470,12,3,777336,259112.0,39526.0,10.584739261683007,49.5
8471,0,4,399691,99922.75,0.0,0.0,14.0
8472,29,5,792508,158501.6,114616.0,11.649351414320519,11.25
8473,1,3,487375,162458.33333333334,0.0,0.0,52.5
8474,21,3,768965,256321.66666666666,658053.0,13.397042273809454,37.0
8475,90,1,189996,189996.0,193581.0,12.17345647429554,999.0
8476,8,2,145169,72584.5,1254929.0,14.042590352100003,107.0
8477,25,2,747860,373930.0,1430618.0,14.173617775709006,77.0
8478,21,3,583398,194466.0,359898.0,12.793578715513664,45.0
8479,36,3,197621,65873.66666666667,242351.0,12.398146493766806,41.0
8480,30,2,1334871,667435.5,236672.0,12.374434720554712,1.0
8481,29,1,158872,158872.0,351217.0,12.769162392277098,999.0
8482,5,1,131124,131124.0,1207375.0,14.003959967724343,999.0
8483,69,2,572379,286189.5,607474.0,13.317066301086689,13.0
8484,96,1,292804,292804.0,13200.0,9.488047863280759,999.0
8485,69,1,663396,663396.0,0.0,0.0,999.0
8486,47,3,715153,238384.33333333334,0.0,0.0,28.5
8487,31,3,210321,70107.0,0.0,0.0,32.5
8489,99,1,400716,400716.0,665023.0,13.407578409212318,999.0
8490,5,2,518202,259101.0,531356.0,13.183189390704843,10.0
8491,12,2,347420,173710.0,81784.0,11.311849131692625,41.0
8492,67,2,914914,457457.0,0.0,0.0,31.0
8493,27,2,667292,333646.0,0.0,0.0,62.0
8494,20,4,2101037,525259.25,1136541.0,13.943500877157227,31.0
8495,16,1,267342,267342.0,180378.0,12.102815471852464,999.0
8496,12,3,1472924,490974.6666666667,0.0,0.0,19.0
8497,20,1,646818,646818.0,0.0,0.0,999.0
8498,119,1,533763,533763.0,0.0,0.0,999.0
8501,7,2,950893,475446.5,409080.0,12.921668459426593,99.0
8502,38,5,1419587,283917.4,0.0,0.0,20.25
8504,9,3,743694,247898.0,0.0,0.0,36.5
8505,23,5,660499,132099.8,282951.0,12.553032550932329,20.75
8506,38,1,66218,66218.0,139237.0,11.843939978133621,999.0
8507,17,3,439866,146622.0,0.0,0.0,13.0
8508,32,2,189455,94727.5,0.0,0.0,62.0
8509,42,6,2238711,373118.5,609699.0,13.320722311895908,14.2
8510,6,2,241449,120724.5,1245814.0,14.035300492185629,107.0
8511,83,3,801901,267300.3333333333,872932.0,13.679614085026607,16.5
8512,1,4,2344457,586114.25,151476.0,11.928189077224951,28.666666666666668
8513,0,2,721966,360983.0,528615.0,13.178017549328368,20.0
8514,116,1,4749,4749.0,137766.0,11.833319131378751,999.0
8515,22,3,1615121,538373.6666666666,235392.0,12.36901173674765,29.0
8518,14,2,731658,365829.0,315747.0,12.662699706067578,64.0
8519,8,1,195372,195372.0,0.0,0.0,999.0
8520,47,2,350918,175459.0,0.0,0.0,8.0
8522,4,4,1544640,386160.0,394298.0,12.884864783722508,33.333333333333336
8524,11,3,811892,270630.6666666667,0.0,0.0,33.0
8525,14,1,1022615,1022615.0,955843.0,13.77034999880193,999.0
8526,69,2,823172,411586.0,0.0,0.0,16.0
8527,83,1,11220,11220.0,1183955.0,13.984371931573396,999.0
8528,11,5,1681027,336205.4,638085.0,13.366228349480975,11.75
8529,2,2,137443,68721.5,0.0,0.0,115.0
8530,1,6,517873,86312.16666666667,649309.0,13.383665539579274,21.2
8531,44,1,1074635,1074635.0,124174.0,11.729447139975552,999.0
8532,79,3,579012,193004.0,0.0,0.0,15.5
8533,59,1,761712,761712.0,237434.0,12.377649180787948,999.0
8534,16,5,1145364,229072.8,415224.0,12.9365758209672,18.25
8536,56,3,584175,194725.0,587430.0,13.283514071294524,29.0
8537,31,2,447712,223856.0,1017517.0,13.832876886560104,69.0
8539,15,3,1094377,364792.3333333333,74464.0,11.218084495319967,15.0
8540,17,3,1233432,411144.0,230587.0,12.348387847301746,15.5
8541,34,4,1183221,295805.25,0.0,0.0,26.666666666666668
8542,26,5,1024342,204868.4,72550.0,11.19204504181486,14.25
8543,44,1,199604,199604.0,316872.0,12.666256341670586,999.0
8545,7,2,332435,166217.5,530415.0,13.181416883311327,18.0
8546,56,3,1179402,393134.0,178167.0,12.090482204380685,11.5
8548,13,3,332019,110673.0,0.0,0.0,41.5
8549,6,4,2084065,521016.25,0.0,0.0,35.333333333333336
8550,116,1,386436,386436.0,0.0,0.0,999.0
8551,29,4,226471,56617.75,35172.0,10.46803402180176,11.0
8552,10,3,751040,250346.66666666666,0.0,0.0,39.0
8553,38,4,1384063,346015.75,611263.0,13.32328422339441,18.333333333333332
8554,4,3,175887,58629.0,0.0,0.0,56.0
8555,67,1,30231,30231.0,206804.0,12.239531599273839,999.0
8556,45,5,1219594,243918.8,857264.0,13.661502367984856,14.0
8557,24,1,201948,201948.0,810284.0,13.605141316615127,999.0
8558,21,2,71531,35765.5,217949.0,12.292020957666539,56.0
8560,14,3,364070,121356.66666666667,0.0,0.0,29.0
8561,29,2,702335,351167.5,22096.0,10.003197131685106,74.0
8562,1,3,1221542,407180.6666666667,0.0,0.0,29.5
8563,8,4,895247,223811.75,676430.0,13.424585725825668,18.0
8564,7,1,507215,507215.0,70336.0,11.161053255132654,999.0
8565,3,1,708261,708261.0,0.0,0.0,999.0
8566,58,4,740845,185211.25,0.0,0.0,20.333333333333332
8567,106,2,767977,383988.5,0.0,0.0,5.0
8568,78,4,1634233,408558.25,0.0,0.0,13.666666666666666
8569,2,5,1862137,372427.4,0.0,0.0,26.0
8570,3,3,446380,148793.33333333334,0.0,0.0,37.5
8571,35,2,241255,120627.5,297048.0,12.601652387341595,64.0
8572,98,2,90122,45061.0,0.0,0.0,10.0
8575,55,3,1178597,392865.6666666667,59097.0,10.986952361874025,31.0
8576,6,3,273451,91150.33333333333,991044.0,13.806515220959286,16.5
8577,34,2,366831,183415.5,89958.0,11.40710928995989,4.0
8578,61,2,447768,223884.0,762128.0,13.543871111679204,54.0
8579,32,2,69315,34657.5,9996.0,9.210040326967182,17.0
8580,1,10,3513141,351314.1,0.0,0.0,9.88888888888889
8581,6,3,450550,150183.33333333334,724223.0,13.492856015781129,24.5
8582,100,1,7050,7050.0,180063.0,12.101067622233005,999.0
8583,74,3,1428886,476295.3333333333,210139.0,12.255529254242767,8.0
8584,58,2,654278,327139.0,0.0,0.0,15.0
8585,73,1,36018,36018.0,634056.0,13.359894134740895,999.0
8586,1,6,2487298,414549.6666666667,270597.0,12.50838960370851,21.6
8587,13,2,546208,273104.0,0.0,0.0,66.0
8588,38,2,1124948,562474.0,464305.0,13.048299096603818,47.0
8589,44,1,450172,450172.0,330672.0,12.708885250641286,999.0
8590,34,1,778808,778808.0,0.0,0.0,999.0
8591,4,5,2208872,441774.4,27069.0,10.206181382608348,26.0
8593,9,4,1054046,263511.5,783853.0,13.571978057500816,9.333333333333334
8594,81,1,138175,138175.0,0.0,0.0,999.0
8595,9,3,1012662,337554.0,45592.0,10.72750947494687,43.0
8597,4,5,1474757,294951.4,333012.0,12.715936807239617,14.75
8598,94,3,1636350,545450.0,0.0,0.0,10.5
8599,13,3,275456,91818.66666666667,212213.0,12.26535047848055,30.5
8600,64,4,1468004,367001.0,482625.0,13.086997305566463,16.666666666666668
8601,30,2,721237,360618.5,0.0,0.0,37.0
8602,3,2,503037,251518.5,670239.0,13.415391136180862,1.0
8603,27,2,1135009,567504.5,181503.0,12.10903297101169,31.0
8604,1,4,644972,161243.0,340537.0,12.738281998932193,25.666666666666668
8605,83,2,656900,328450.0,0.0,0.0,29.0
8606,6,5,1437591,287518.2,299194.0,12.608850813712879,20.75
8607,56,1,42691,42691.0,231708.0,12.35323755299798,999.0
8608,1,2,940529,470264.5,23313.0,10.056809317479777,72.0
8609,23,2,207042,103521.0,831724.0,13.631257136320492,55.0
8611,32,2,835765,417882.5,0.0,0.0,25.0
8612,67,4,949542,237385.5,41235.0,10.627066940216276,15.333333333333334
8613,104,3,615696,205232.0,825498.0,13.623743330954548,3.5
8614,1,3,778903,259634.33333333334,0.0,0.0,32.0
8615,44,4,637515,159378.75,0.0,0.0,17.333333333333332
8616,3,3,486401,162133.66666666666,0.0,0.0,48.0
8617,43,1,310683,310683.0,274968.0,12.524413643021784,999.0
8618,56,2,345831,172915.5,0.0,0.0,10.0
8619,5,5,1398728,279745.6,25560.0,10.148823031356836,21.75
8620,58,2,870780,435390.0,431457.0,12.974925449889941,28.0
8622,14,1,122988,122988.0,1583517.0,14.275159512120728,999.0
8623,7,4,760516,190129.0,1289995.0,14.070149675557854,36.333333333333336
8624,12,3,1120280,373426.6666666667,69946.0,11.155493091396936,45.0
8625,84,1,53992,53992.0,113571.0,11.64019227601504,999.0
8627,50,1,186218,186218.0,177466.0,12.086539955120223,999.0
8628,53,1,475773,475773.0,380146.0,12.848313299003715,999.0
8629,99,1,912655,912655.0,134150.0,11.806721310168141,999.0
8630,72,1,264864,264864.0,1126435.0,13.93456922410247,999.0
8631,92,1,778464,778464.0,0.0,0.0,999.0
8632,98,2,231197,115598.5,0.0,0.0,13.0
8633,7,3,208223,69407.66666666667,0.0,0.0,23.0
8635,48,2,533791,266895.5,424204.0,12.957972107936229,61.0
8637,103,3,1175392,391797.3333333333,384632.0,12.86004491188805,7.0
8638,32,2,460885,230442.5,0.0,0.0,61.0
8639,71,1,48114,48114.0,0.0,0.0,999.0
8640,11,1,413336,413336.0,969625.0,13.784665709119185,999.0
8641,53,2,60131,30065.5,579219.0,13.269437649844225,24.0
8644,12,4,1622872,405718.0,296148.0,12.598617985032181,14.0
8645,43,2,119750,59875.0,1138779.0,13.94546807188547,51.0
8646,86,3,1038260,346086.6666666667,98785.0,11.50071117329065,12.0
8647,82,3,978996,326332.0,969959.0,13.78501011251589,9.5
8648,23,1,46626,46626.0,0.0,0.0,999.0
8649,24,3,1102285,367428.3333333333,384566.0,12.859873305023354,6.5
8650,30,4,902523,225630.75,510128.0,13.142418913892753,21.333333333333332
8651,34,2,182256,91128.0,393592.0,12.883072659449242,12.0
8652,75,1,457122,457122.0,107106.0,11.581583613777127,999.0
8653,67,3,430998,143666.0,109932.0,11.607626368294238,12.0
8654,55,6,1367131,227855.16666666666,702156.0,13.461912304726395,11.6
8655,12,3,499320,166440.0,365015.0,12.807696467220314,49.5
8656,17,5,3225994,645198.8,685272.0,13.437572577994318,20.5
8658,60,1,473484,473484.0,47248.0,10.763186768676764,999.0
8659,86,1,87691,87691.0,0.0,0.0,999.0
8660,4,3,1271341,423780.3333333333,1164275.0,13.967609992568642,39.0
8661,53,3,1585554,528518.0,228426.0,12.338971963437553,13.0
8662,59,5,655681,131136.2,69069.0,11.142875762083019,12.75
8664,40,2,1160724,580362.0,706518.0,13.46810537388028,73.0
8666,84,2,161889,80944.5,152772.0,11.936708438530315,29.0
8667,34,3,350395,116798.33333333333,29614.0,10.296036268711065,34.0
8668,10,3,1005832,335277.3333333333,0.0,0.0,47.0
8669,2,4,922889,230722.25,0.0,0.0,31.666666666666668
8671,31,2,385293,192646.5,549678.0,13.217089750463018,35.0
8672,20,5,1066883,213376.6,52424.0,10.86713885577012,24.75
8673,60,1,36671,36671.0,1459303.0,14.193470167692306,999.0
8674,79,1,666897,666897.0,862316.0,13.66737823146254,999.0
8676,0,4,476995,119248.75,0.0,0.0,38.333333333333336
8677,101,1,16824,16824.0,0.0,0.0,999.0
8679,5,3,212635,70878.33333333333,0.0,0.0,53.5
8680,110,2,666823,333411.5,183798.0,12.121598048192514,2.0
8681,4,4,1752313,438078.25,219073.0,12.297164851266823,36.666666666666664
8683,73,2,490445,245222.5,367606.0,12.814769711719796,24.0
8684,22,1,24827,24827.0,849382.0,13.652265482533403,999.0
8685,63,2,500193,250096.5,29835.0,10.303470997075054,36.0
8686,80,1,564612,564612.0,91731.0,11.426626561383863,999.0
8687,96,1,187704,187704.0,0.0,0.0,999.0
8688,2,3,787620,262540.0,0.0,0.0,9.5
8689,10,1,149926,149926.0,624268.0,13.344336644202667,999.0
8690,34,4,890576,222644.0,0.0,0.0,19.666666666666668
8691,51,3,603092,201030.66666666666,1110749.0,13.920546020798154,18.0
8692,46,3,812129,270709.6666666667,456432.0,13.031197199351796,32.5
8694,2,2,694023,347011.5,0.0,0.0,56.0
8695,7,3,699718,233239.33333333334,0.0,0.0,25.5
8696,15,2,553779,276889.5,0.0,0.0,94.0
8697,28,3,696901,232300.33333333334,0.0,0.0,35.5
8698,11,5,2074517,414903.4,0.0,0.0,22.25
8699,60,2,272929,136464.5,422971.0,12.955061261984078,20.0
8701,26,3,1056335,352111.6666666667,0.0,0.0,41.5
8703,69,2,1545031,772515.5,1027234.0,13.842381284546079,31.0
8704,104,1,100471,100471.0,84832.0,11.3484398970238,999.0
8705,12,1,642665,642665.0,0.0,0.0,999.0
8706,12,3,401816,133938.66666666666,0.0,0.0,25.0
8707,13,2,795074,397537.0,1124197.0,13.932580450505654,94.0
8708,26,4,974959,243739.75,1075106.0,13.887930749474354,22.333333333333332
8709,10,3,1246691,415563.6666666667,1946385.0,14.48148487765945,14.5
8710,114,1,429978,429978.0,244451.0,12.406774249605558,999.0
8712,92,2,338110,169055.0,710913.0,13.474306745070125,13.0
8713,45,2,257428,128714.0,0.0,0.0,24.0
8714,18,4,620740,155185.0,235727.0,12.370433876947136,19.666666666666668
8715,10,4,727296,181824.0,1101176.0,13.91189016572662,21.333333333333332
8716,57,2,366158,183079.0,0.0,0.0,34.0
8717,48,3,147069,49023.0,0.0,0.0,7.5
8718,5,2,603867,301933.5,0.0,0.0,54.0
8719,58,2,518565,259282.5,41048.0,10.62252175404792,36.0
8720,116,1,24851,24851.0,151392.0,11.927634383777903,999.0
8721,37,2,314175,157087.5,937334.0,13.750796021336885,80.0
8722,33,4,245441,61360.25,718842.0,13.485398254027713,28.666666666666668
8723,5,2,170364,85182.0,0.0,0.0,47.0
8724,13,2,967583,483791.5,1579622.0,14.27269676893689,82.0
8725,43,3,196446,65482.0,195610.0,12.183883272220415,9.0
8726,75,2,31610,15805.0,970552.0,13.785621291125318,31.0
8727,114,1,220899,220899.0,0.0,0.0,999.0
8728,34,5,897574,179514.8,34806.0,10.45757379496002,19.0
8729,44,2,697464,348732.0,245346.0,12.410428814013093,28.0
8730,51,1,284536,284536.0,1078688.0,13.89125697285162,999.0
8731,85,1,283329,283329.0,606027.0,13.314681468604514,999.0
8732,4,6,841821,140303.5,0.0,0.0,20.0
8733,14,2,300951,150475.5,67238.0,11.11600871531202,15.0
8734,17,3,737047,245682.33333333334,0.0,0.0,50.0
8735,37,4,1533648,383412.0,136476.0,11.823911381241242,27.333333333333332
8736,15,4,1633673,408418.25,70018.0,11.156521912772854,24.0
8737,8,7,1935086,276440.85714285716,504603.0,13.131529242228623,16.166666666666668
8738,6,4,1097138,274284.5,298591.0,12.606833372033748,29.666666666666668
8739,27,3,845838,281946.0,419682.0,12.94725494337862,40.0
8740,4,2,397174,198587.0,0.0,0.0,40.0
8741,54,4,1493855,373463.75,1382191.0,14.139181202748277,17.666666666666668
8742,34,2,1617122,808561.0,36482.0,10.50460167764911,23.0
8743,105,1,67144,67144.0,356102.0,12.782975293830214,999.0
8746,18,1,987792,987792.0,0.0,0.0,999.0
8747,92,1,487824,487824.0,0.0,0.0,999.0
8748,24,4,763230,190807.5,249454.0,12.427033817185317,21.0
8749,13,5,1434013,286802.6,110837.0,11.615824954786692,9.5
8750,16,4,1639111,409777.75,452997.0,13.023642989444387,10.666666666666666
8751,0,3,312782,104260.66666666667,0.0,0.0,23.5
8752,13,2,181770,90885.0,0.0,0.0,24.0
8753,39,2,151140,75570.0,312216.0,12.651453737855181,14.0
8755,16,4,1485099,371274.75,952622.0,13.766974511504202,33.0
8756,22,4,1117229,279307.25,31062.0,10.343772679288913,31.333333333333332
8757,34,2,527049,263524.5,1912205.0,14.463768107375657,15.0
8758,25,5,1436857,287371.4,429208.0,12.969699258763937,18.5
8759,54,4,2039978,509994.5,0.0,0.0,13.333333333333334
8760,8,3,1138973,379657.6666666667,10519.0,9.261033486291701,48.0
8761,27,5,1326141,265228.2,0.0,0.0,23.0
8762,32,3,642292,214097.33333333334,0.0,0.0,27.5
8763,111,2,143660,71830.0,0.0,0.0,1.0
8764,27,3,1049108,349702.6666666667,786393.0,13.575213218081004,29.0
8765,33,2,471465,235732.5,240722.0,12.391402173838433,14.0
8768,2,2,140990,70495.0,788815.0,13.578288366040505,5.0
8770,7,1,718179,718179.0,221429.0,12.307861791432208,999.0
8771,95,1,324724,324724.0,0.0,0.0,999.0
8772,109,1,342876,342876.0,696463.0,13.453771383859717,999.0
8773,5,5,982412,196482.4,1503484.0,14.223296304639968,27.75
8774,3,1,170985,170985.0,0.0,0.0,999.0
8775,31,3,850073,283357.6666666667,569022.0,13.251676134084148,42.5
8776,47,5,504566,100913.2,0.0,0.0,16.75
8777,24,2,262296,131148.0,0.0,0.0,65.0
8778,40,7,2040913,291559.0,1602000.0,14.286764030829971,12.166666666666666
8779,112,2,916370,458185.0,145334.0,11.886796701487214,1.0
8780,39,1,353886,353886.0,289399.0,12.57556509317952,999.0
8781,5,2,594198,297099.0,0.0,0.0,57.0
8783,12,2,325039,162519.5,1646160.0,14.313956468315492,49.0
8785,119,1,241719,241719.0,242179.0,12.397436530308358,999.0
8786,27,3,922156,307385.3333333333,544901.0,13.208361240962692,40.0
8787,42,1,49260,49260.0,23636.0,10.070568559913799,999.0
8788,44,2,403382,201691.0,222813.0,12.314092621685903,70.0
8789,2,2,626788,313394.0,271150.0,12.51043114025798,46.0
8790,4,1,16736,16736.0,0.0,0.0,999.0
8791,105,1,121813,121813.0,0.0,0.0,999.0
8792,24,3,834198,278066.0,0.0,0.0,19.0
8793,10,2,2046050,1023025.0,734535.0,13.506994286328943,80.0
8794,15,1,55319,55319.0,0.0,0.0,999.0
8795,113,1,966144,966144.0,774988.0,13.560604114686367,999.0
8796,109,1,477237,477237.0,0.0,0.0,999.0
8797,34,4,723088,180772.0,227628.0,12.335472389637728,26.666666666666668
8798,35,3,850036,283345.3333333333,252961.0,12.440994558800405,28.5
8799,70,2,615062,307531.0,258608.0,12.463072547498514,33.0
8800,68,1,144821,144821.0,0.0,0.0,999.0
8802,28,4,1400317,350079.25,0.0,0.0,27.333333333333332
8803,23,3,1858851,619617.0,0.0,0.0,44.0
8804,9,2,122298,61149.0,842579.0,13.644223892190281,98.0
8806,9,4,1349643,337410.75,0.0,0.0,34.333333333333336
8807,27,1,214904,214904.0,166914.0,12.025239979787639,999.0
8808,48,2,179825,89912.5,615078.0,13.329505993823535,51.0
8809,6,3,450784,150261.33333333334,0.0,0.0,32.0
8810,15,2,579955,289977.5,213566.0,12.271705879750668,62.0
8811,6,4,2161314,540328.5,0.0,0.0,34.666666666666664
8812,52,3,703224,234408.0,361379.0,12.797685315265822,28.5
8813,41,2,1031430,515715.0,342582.0,12.74426924309227,24.0
8814,22,2,123470,61735.0,244013.0,12.404980879678519,43.0
8815,44,1,115514,115514.0,0.0,0.0,999.0
8816,0,5,2000960,400192.0,13236.0,9.490771217713771,22.75
8817,2,3,1460400,486800.0,0.0,0.0,52.5
8818,1,4,1295749,323937.25,0.0,0.0,28.0
8819,50,2,368749,184374.5,391826.0,12.878575694828772,29.0
8820,73,2,1090948,545474.0,0.0,0.0,1.0
8821,10,4,939626,234906.5,0.0,0.0,35.0
8822,55,2,268208,134104.0,1278456.0,14.061164439983907,37.0
8823,13,5,669702,133940.4,0.0,0.0,17.5
8824,9,4,672057,168014.25,0.0,0.0,34.333333333333336
8825,54,1,6393,6393.0,0.0,0.0,999.0
8826,29,3,976129,325376.3333333333,52038.0,10.85974871645411,36.5
8827,45,3,1676768,558922.6666666666,0.0,0.0,12.5
8829,11,1,119781,119781.0,0.0,0.0,999.0
8830,18,2,731494,365747.0,0.0,0.0,71.0
8831,14,3,757545,252515.0,191099.0,12.160552130228364,30.0
8832,8,4,805551,201387.75,571128.0,13.255370382561773,28.666666666666668
8833,82,1,3787,3787.0,186303.0,12.135135027105296,999.0
8834,51,1,86439,86439.0,1016943.0,13.832312609601153,999.0
8836,36,3,321203,107067.66666666667,69171.0,11.144351435445813,37.0
8837,10,3,740905,246968.33333333334,72786.0,11.19529264681043,13.0
8838,10,4,978011,244502.75,99007.0,11.502955933932737,21.333333333333332
8839,55,1,244024,244024.0,527037.0,13.175027931185827,999.0
8840,14,7,1909758,272822.5714285714,1020006.0,13.835320047982004,15.333333333333334
8841,24,3,531892,177297.33333333334,0.0,0.0,12.5
8842,2,5,1406573,281314.6,0.0,0.0,24.0
8843,9,5,1682648,336529.6,356594.0,12.784355963000483,25.0
8844,78,2,254509,127254.5,342285.0,12.743401923886356,38.0
8845,10,3,735498,245166.0,0.0,0.0,40.0
8846,23,4,1383020,345755.0,0.0,0.0,30.0
8847,7,5,819931,163986.2,0.0,0.0,27.0
8848,100,2,483124,241562.0,573384.0,13.259312672340368,14.0
8849,2,2,864900,432450.0,0.0,0.0,71.0
8850,47,1,721398,721398.0,293685.0,12.590266448362454,999.0
8851,16,2,795988,397994.0,0.0,0.0,60.0
8853,63,2,768486,384243.0,106876.0,11.57943391951426,39.0
8854,43,3,1382211,460737.0,103645.0,11.548736525705847,23.0
8855,108,1,183174,183174.0,0.0,0.0,999.0
8856,61,5,316910,63382.0,102055.0,11.533276961218126,13.5
8857,23,1,240545,240545.0,580724.0,13.272032601923033,999.0
8858,1,3,1528925,509641.6666666667,2007466.0,14.512384286311779,31.0
8859,9,3,42117,14039.0,509985.0,13.142138553343331,40.5
8860,35,7,2300155,328593.5714285714,291008.0,12.581109473510425,13.333333333333334
8861,17,3,93071,31023.666666666668,67724.0,11.123210666953296,48.0
8862,4,2,224612,112306.0,0.0,0.0,76.0
8863,106,2,688652,344326.0,0.0,0.0,6.0
8864,0,5,950740,190148.0,52763.0,10.873584418968811,24.25
8865,50,2,777710,388855.0,104236.0,11.554422431645518,5.0
8866,9,3,1433284,477761.3333333333,59487.0,10.99352989052117,16.5
8867,65,1,44512,44512.0,1946606.0,14.481598414981626,999.0
8868,13,4,1849432,462358.0,686514.0,13.439383353915039,32.0
8869,60,2,178893,89446.5,346461.0,12.75552842348844,23.0
8870,21,2,382483,191241.5,545799.0,13.210007887256376,72.0
8871,51,3,1039420,346473.3333333333,419908.0,12.94779330011727,31.0
8872,50,3,651517,217172.33333333334,442852.0,13.000993165517595,21.0
8873,6,3,773486,257828.66666666666,135255.0,11.814924558016802,35.5
8874,12,3,854995,284998.3333333333,667674.0,13.411556807180038,46.0
8876,38,1,106564,106564.0,399546.0,12.898086684327417,999.0
8877,44,3,1232157,410719.0,303942.0,12.624595462808037,10.0
8880,11,3,995368,331789.3333333333,88887.0,11.395132429263844,21.5
8881,55,3,1173052,391017.3333333333,364182.0,12.805411767536565,6.5
8883,45,2,690048,345024.0,646671.0,13.379594489760072,34.0
8884,8,2,985803,492901.5,0.0,0.0,75.0
8885,23,2,379604,189802.0,0.0,0.0,75.0
8886,2,2,438654,219327.0,44278.0,10.698265803008391,40.0
8887,1,3,1622774,540924.6666666666,1291416.0,14.071250623095912,54.5
8888,26,2,905044,452522.0,0.0,0.0,26.0
8889,31,1,130658,130658.0,782809.0,13.570645289077547,999.0
8890,31,3,482233,160744.33333333334,0.0,0.0,33.0
8892,11,2,1364239,682119.5,41716.0,10.638663998571394,48.0
8893,16,2,859881,429940.5,613632.0,13.327152308553837,34.0
8894,23,1,66151,66151.0,73446.0,11.204319336656239,999.0
8895,116,1,464026,464026.0,0.0,0.0,999.0
8896,48,1,145663,145663.0,0.0,0.0,999.0
8897,4,3,1743507,581169.0,87768.0,11.382463642106652,45.0
8898,32,2,1130217,565108.5,669798.0,13.414732946358146,84.0
8899,14,3,293615,97871.66666666667,1107456.0,13.91757695396257,43.0
8900,24,2,612442,306221.0,604295.0,13.311819423098882,94.0
8901,74,1,33063,33063.0,1094113.0,13.905455461288325,999.0
8902,43,3,1014176,338058.6666666667,40701.0,10.614032510272494,36.5
8903,59,4,960880,240220.0,0.0,0.0,7.333333333333333
8904,11,2,654438,327219.0,4863.0,8.489616423646003,79.0
8905,12,1,243924,243924.0,617253.0,13.333035887542849,999.0
8906,33,1,924965,924965.0,481671.0,13.085018663463618,999.0
8907,46,2,211372,105686.0,0.0,0.0,59.0
8908,14,7,1155672,165096.0,1238544.0,14.02944786152681,17.0
8909,83,1,206064,206064.0,737058.0,13.510423222241386,999.0
8910,16,5,1006053,201210.6,481335.0,13.084320849917658,13.5
8911,22,1,61397,61397.0,81377.0,11.30686024519077,999.0
8912,17,1,223488,223488.0,1868626.0,14.440714494556948,999.0
8913,100,1,807256,807256.0,1263546.0,14.049433403377353,999.0
8914,28,1,88034,88034.0,868847.0,13.674923475254444,999.0
8915,65,2,413850,206925.0,583485.0,13.276775737276092,45.0
8916,12,3,1037843,345947.6666666667,0.0,0.0,46.0
8918,106,2,988567,494283.5,171195.0,12.050564377930844,9.0
8919,58,3,1594706,531568.6666666666,61788.0,11.031480634075546,19.5
8920,40,6,2309206,384867.6666666667,1785084.0,14.394976591109744,15.6
8921,73,3,527227,175742.33333333334,74519.0,11.218822824715525,20.0
8923,54,3,1348753,449584.3333333333,71254.0,11.174020271107313,20.0
8924,25,4,1483006,370751.5,855755.0,13.659740567761366,23.333333333333332
8925,16,3,470883,156961.0,1727280.0,14.362059053794558,45.5
8926,20,1,17557,17557.0,0.0,0.0,999.0
8928,10,2,470953,235476.5,97651.0,11.48916541740589,64.0
8929,51,1,33728,33728.0,1389904.0,14.144745957447485,999.0
8930,3,4,2105734,526433.5,698254.0,13.456339644540826,35.0
8931,111,1,11524,11524.0,391323.0,12.877291140332472,999.0
8932,38,2,439825,219912.5,631888.0,13.356469024792336,65.0
8933,35,4,1260268,315067.0,1249746.0,14.03845168879284,15.333333333333334
8934,41,2,628918,314459.0,0.0,0.0,78.0
8935,12,3,1935393,645131.0,30442.0,10.323611361652953,42.0
8937,90,3,623837,207945.66666666666,73694.0,11.207690233270858,11.5
8938,83,2,543179,271589.5,348626.0,12.76175786173657,12.0
8939,89,3,1126248,375416.0,1156769.0,13.961142196440397,13.0
8940,3,2,116174,58087.0,312438.0,12.652164529104594,104.0
8941,90,1,627916,627916.0,2072560.0,14.544295598610313,999.0
8945,59,3,85821,28607.0,0.0,0.0,29.5
8946,1,4,1886760,471690.0,569921.0,13.253254788341735,34.666666666666664
8947,7,4,929907,232476.75,11771.0,9.373479109353363,29.0
8948,78,2,951070,475535.0,143233.0,11.872234935494198,3.0
8949,9,3,524193,174731.0,0.0,0.0,53.5
8950,39,4,1793437,448359.25,873644.0,13.680429393635142,23.333333333333332
8951,76,2,188382,94191.0,981328.0,13.796663054392175,13.0
8952,65,2,850364,425182.0,462700.0,13.044836336120333,27.0
8953,53,1,696372,696372.0,867932.0,13.673869801723175,999.0
8954,18,4,754188,188547.0,499986.0,13.122337377066323,26.333333333333332
8955,2,3,1009985,336661.6666666667,0.0,0.0,13.0
8956,47,1,202022,202022.0,0.0,0.0,999.0
8958,9,4,634533,158633.25,546717.0,13.211688409162738,35.0
8959,87,2,992923,496461.5,93915.0,11.450156044717149,6.0
8960,27,4,443672,110918.0,465573.0,13.051026331915748,22.666666666666668
8961,44,4,1024562,256140.5,0.0,0.0,18.333333333333332
8962,27,5,1067110,213422.0,0.0,0.0,12.25
8963,102,1,60827,60827.0,0.0,0.0,999.0
8964,59,1,860335,860335.0,174348.0,12.068814316498017,999.0
8965,70,3,922365,307455.0,0.0,0.0,23.5
8966,4,1,89676,89676.0,1386723.0,14.142454688868455,999.0
8967,6,8,1446117,180764.625,196145.0,12.186614558873051,14.857142857142858
8968,8,3,949991,316663.6666666667,1455289.0,14.190715751442367,7.0
8970,18,3,554768,184922.66666666666,1541265.0,14.24811471459091,25.5
8971,8,1,118944,118944.0,1109529.0,13.919447060196083,999.0
8972,22,3,757039,252346.33333333334,0.0,0.0,15.5
8973,72,2,716543,358271.5,3110.0,8.042699496897637,35.0
8974,12,4,360479,90119.75,427371.0,12.965410107320592,19.333333333333332
8975,10,2,247104,123552.0,0.0,0.0,29.0
8976,42,2,689460,344730.0,1180495.0,13.981445247107215,3.0
8977,95,3,895403,298467.6666666667,0.0,0.0,10.5
8978,7,1,26116,26116.0,0.0,0.0,999.0
8979,91,2,524000,262000.0,0.0,0.0,26.0
8980,44,2,287292,143646.0,61593.0,11.028319742180267,12.0
8981,108,2,512910,256455.0,0.0,0.0,2.0
8982,77,2,529291,264645.5,789680.0,13.579384345426698,24.0
8983,29,4,1344725,336181.25,230178.0,12.346612546086943,28.333333333333332
8984,119,1,14563,14563.0,198526.0,12.198680390010614,999.0
8985,11,3,2448335,816111.6666666666,335018.0,12.721942525616798,8.5
8986,4,3,485720,161906.66666666666,0.0,0.0,34.0
8987,3,2,651534,325767.0,1281478.0,14.063525437605565,38.0
8988,7,3,379125,126375.0,0.0,0.0,33.0
8989,95,1,996456,996456.0,0.0,0.0,999.0
8991,56,1,680385,680385.0,478192.0,13.077769695672538,999.0
8992,58,2,723348,361674.0,0.0,0.0,29.0
8993,22,1,174486,174486.0,784013.0,13.572182156315964,999.0
8994,51,1,147239,147239.0,216531.0,12.285493621507069,999.0
8995,86,2,238507,119253.5,0.0,0.0,21.0
8996,15,3,952507,317502.3333333333,0.0,0.0,39.5
8997,54,1,90687,90687.0,540246.0,13.199781721368986,999.0
8998,57,1,501284,501284.0,303115.0,12.621870849511456,999.0
9000,62,1,42872,42872.0,71670.0,11.179841481730028,999.0
9001,68,1,100516,100516.0,67359.0,11.117806648916208,999.0
9002,53,3,593855,197951.66666666666,1615614.0,14.29522624710465,26.5
9003,19,4,611125,152781.25,351045.0,12.768672547992214,29.666666666666668
9004,14,3,795146,265048.6666666667,857531.0,13.661813775110197,23.5
9005,20,4,1480580,370145.0,588747.0,13.285753527279393,27.0
9006,15,4,1357555,339388.75,0.0,0.0,26.666666666666668
9007,94,1,278468,278468.0,21797.0,9.989573501449257,999.0
9008,108,1,519099,519099.0,922969.0,13.735352010248207,999.0
9009,16,3,1323679,441226.3333333333,819353.0,13.616271503881048,37.5
9010,52,1,55718,55718.0,204625.0,12.228939201649888,999.0
9011,9,2,684027,342013.5,0.0,0.0,4.0
9012,55,1,451248,451248.0,163608.0,12.005234713862606,999.0
9013,1,3,244208,81402.66666666667,0.0,0.0,44.0
9014,41,2,1071793,535896.5,0.0,0.0,40.0
9015,9,4,840151,210037.75,1004591.0,13.82009204689787,26.0
9016,11,1,187442,187442.0,0.0,0.0,999.0
9017,118,1,553872,553872.0,690400.0,13.445027867185996,999.0
9019,21,2,528917,264458.5,0.0,0.0,98.0
9020,16,1,139256,139256.0,1428501.0,14.172136900721988,999.0
9021,51,3,917409,305803.0,0.0,0.0,32.5
9022,23,3,1039140,346380.0,689505.0,13.443730678135573,39.5
9024,76,3,1221317,407105.6666666667,689955.0,13.444383106424228,2.5
9025,98,1,375864,375864.0,86921.0,11.372766443769706,999.0
9026,17,1,1096315,1096315.0,0.0,0.0,999.0
9027,56,2,874978,437489.0,101548.0,11.528296719594216,55.0
9028,8,3,893550,297850.0,100325.0,11.516180162690723,51.0
9029,37,5,698281,139656.2,38757.0,10.565092465086195,14.75
9030,36,1,39205,39205.0,0.0,0.0,999.0
9031,110,1,96074,96074.0,0.0,0.0,999.0
9032,3,4,562623,140655.75,708591.0,13.471035181482433,12.0
9033,1,4,1460357,365089.25,1418661.0,14.165224731856414,23.666666666666668
9034,23,5,1070326,214065.2,334748.0,12.721136276244998,19.75
9035,77,2,707680,353840.0,483636.0,13.089089904308064,24.0
9036,10,4,868955,217238.75,489471.0,13.101082538090909,32.0
9038,47,1,60123,60123.0,976016.0,13.791235283276324,999.0
9039,4,4,1980757,495189.25,0.0,0.0,3.6666666666666665
9040,26,2,728931,364465.5,88425.0,11.389921323028677,48.0
9041,51,2,545343,272671.5,726616.0,13.496154795137436,20.0
9043,30,4,439255,109813.75,15016.0,9.61693817168028,20.333333333333332
9044,41,1,135918,135918.0,185022.0,12.128235420657157,999.0
9046,0,4,1325200,331300.0,0.0,0.0,32.333333333333336
9047,8,4,2727356,681839.0,289176.0,12.574794236366884,14.666666666666666
9048,70,1,165279,165279.0,0.0,0.0,999.0
9049,20,4,1086887,271721.75,1312878.0,14.087732993668983,32.0
9050,70,4,1114962,278740.5,427975.0,12.96682239822533,14.666666666666666
9052,62,3,1496950,498983.3333333333,271615.0,12.512144583093546,27.0
9053,2,2,216383,108191.5,757692.0,13.538033569391901,116.0
9054,49,1,130646,130646.0,0.0,0.0,999.0
9055,57,2,141643,70821.5,380548.0,12.849370225916497,43.0
9056,16,3,209682,69894.0,0.0,0.0,16.0
9057,83,1,114165,114165.0,377799.0,12.842120234049546,999.0
9059,39,4,827358,206839.5,755075.0,13.534573685416714,22.0
9060,31,3,496076,165358.66666666666,0.0,0.0,27.5
9061,49,1,499315,499315.0,509247.0,13.140690406737207,999.0
9062,17,3,606810,202270.0,146737.0,11.89640396262624,9.5
9063,23,2,1303912,651956.0,495783.0,13.113895626985457,25.0
9064,50,3,1984805,661601.6666666666,0.0,0.0,8.0
9065,40,1,366711,366711.0,651642.0,13.387252144938461,999.0
9066,33,3,796337,265445.6666666667,107763.0,11.587698929920203,37.5
9067,77,3,552769,184256.33333333334,0.0,0.0,11.0
9068,33,3,1176108,392036.0,184175.0,12.123647101154843,12.5
9069,19,3,803632,267877.3333333333,42659.0,10.661016992025342,29.0
9070,66,3,433524,144508.0,967991.0,13.782979101761754,9.5
9071,61,1,151865,151865.0,0.0,0.0,999.0
9072,84,3,246822,82274.0,95497.0,11.46686058384115,15.5
9073,8,5,973570,194714.0,0.0,0.0,27.25
9074,47,1,688767,688767.0,400719.0,12.901018208031498,999.0
9075,50,2,1341376,670688.0,227576.0,12.335243921646418,38.0
9076,11,2,1222110,611055.0,495156.0,13.112630162979682,18.0
9077,92,1,111452,111452.0,24080.0,10.089178426799686,999.0
9078,21,3,977376,325792.0,854802.0,13.658626312013858,38.5
9079,64,2,1086133,543066.5,83895.0,11.33733321551424,47.0
9080,118,1,276112,276112.0,520928.0,13.163369035057478,999.0
9081,114,2,357571,178785.5,249827.0,12.428527960063773,4.0
9082,4,2,851641,425820.5,293582.0,12.58991567213876,73.0
9084,72,1,104163,104163.0,0.0,0.0,999.0
9087,99,2,885022,442511.0,335926.0,12.724649153435793,9.0
9088,62,3,1234548,411516.0,0.0,0.0,6.0
9089,13,6,2167074,361179.0,0.0,0.0,20.0
9090,25,5,711705,142341.0,1635809.0,14.3076486524811,17.5
9091,3,3,592430,197476.66666666666,152144.0,11.932589292478205,40.5
9092,32,2,753640,376820.0,60886.0,11.016774966214934,45.0
9094,18,3,268262,89420.66666666667,110267.0,11.610669045288885,39.5
9095,37,4,761944,190486.0,59138.0,10.987645884234087,22.333333333333332
9096,38,3,1005431,335143.6666666667,1083641.0,13.895838148131862,4.0
9098,32,2,300400,150200.0,0.0,0.0,32.0
9099,57,3,452690,150896.66666666666,783184.0,13.571124217818914,25.5
9100,27,2,112096,56048.0,1401404.0,14.152985862772917,7.0
9101,106,1,523995,523995.0,0.0,0.0,999.0
9102,55,1,178143,178143.0,390638.0,12.875539138830565,999.0
9103,58,3,1414771,471590.3333333333,1673817.0,14.330617802496082,19.0
9104,20,5,2813370,562674.0,127245.0,11.75387749973403,17.25
9105,6,3,712526,237508.66666666666,0.0,0.0,29.5
9106,76,1,851788,851788.0,0.0,0.0,999.0
9107,56,2,323354,161677.0,455654.0,13.029491223198862,45.0
9108,0,4,1177458,294364.5,299283.0,12.60914823434303,17.666666666666668
9109,15,2,542636,271318.0,357288.0,12.786300257083628,26.0
9110,15,3,1903080,634360.0,0.0,0.0,39.5
9111,6,1,768495,768495.0,0.0,0.0,999.0
9112,84,3,611788,203929.33333333334,881560.0,13.689449478652723,7.5
9113,12,3,976157,325385.6666666667,186467.0,12.136014921574734,43.0
9114,62,2,362649,181324.5,238813.0,12.383440285247781,45.0
9115,82,3,281003,93667.66666666667,281034.0,12.546234495719675,16.5
9116,32,2,487890,243945.0,0.0,0.0,65.0
9117,8,5,484084,96816.8,0.0,0.0,23.25
9118,60,1,139015,139015.0,177016.0,12.084001052141662,999.0
9119,45,1,999988,999988.0,952220.0,13.76655242968966,999.0
9120,76,1,34079,34079.0,223782.0,12.318432111295625,999.0
9121,21,4,1324994,331248.5,0.0,0.0,14.333333333333334
9122,26,3,690848,230282.66666666666,724588.0,13.493359876538484,8.0
9123,5,1,6165,6165.0,0.0,0.0,999.0
9124,64,2,1054416,527208.0,183255.0,12.11863936136841,3.0
9125,3,6,2234791,372465.1666666667,1082686.0,13.894956472207417,21.2
9126,11,3,817458,272486.0,0.0,0.0,34.5
9127,9,6,1560182,260030.33333333334,0.0,0.0,18.0
9128,18,2,1207712,603856.0,372600.0,12.828263420989288,11.0
9129,4,2,749872,374936.0,0.0,0.0,115.0
9130,2,4,262839,65709.75,1195675.0,13.994222273781832,9.0
9131,7,5,1009107,201821.4,0.0,0.0,22.5
9132,16,1,56886,56886.0,116435.0,11.6650970448133,999.0
9133,12,5,2003686,400737.2,1086816.0,13.898763798664476,20.25
9134,16,3,1136762,378920.6666666667,346973.0,12.757005128167867,40.5
9135,33,1,915016,915016.0,0.0,0.0,999.0
9136,30,4,511406,127851.5,6744.0,8.816556768641856,12.333333333333334
9138,0,3,854105,284701.6666666667,922705.0,13.735065936200757,46.5
9139,80,2,748786,374393.0,201804.0,12.215057163601639,2.0
9140,24,4,593863,148465.75,0.0,0.0,26.0
9141,7,3,442210,147403.33333333334,1258908.0,14.045756030827215,18.5
9142,33,5,1046188,209237.6,143504.0,11.874125156780376,12.5
9143,11,3,775436,258478.66666666666,0.0,0.0,40.0
9144,10,3,149650,49883.333333333336,1299247.0,14.077296193519878,52.0
9146,16,3,1154637,384879.0,351428.0,12.769762978364684,49.0
9147,24,3,922902,307634.0,0.0,0.0,38.5
9148,43,1,784156,784156.0,312623.0,12.652756469454292,999.0
9149,72,3,160101,53367.0,244772.0,12.408086529419817,23.0
9150,11,3,1958700,652900.0,17979.0,9.79701530802561,13.5
9151,25,4,1984274,496068.5,0.0,0.0,30.333333333333332
9152,31,1,187614,187614.0,618720.0,13.335409723079797,999.0
9153,63,2,311583,155791.5,543369.0,13.205545766500425,31.0
9154,61,2,156627,78313.5,906823.0,13.717703663961348,38.0
9155,17,1,170342,170342.0,13272.0,9.493487175626202,999.0
9156,20,1,51414,51414.0,50503.0,10.829807820047462,999.0
9158,34,1,101146,101146.0,866758.0,13.67251624711032,999.0
9159,24,6,2323372,387228.6666666667,1714583.0,14.354681043560717,12.4
9160,7,2,931270,465635.0,0.0,0.0,70.0
9161,29,4,462351,115587.75,0.0,0.0,29.666666666666668
9162,29,2,1022467,511233.5,0.0,0.0,86.0
9163,24,2,256908,128454.0,576204.0,13.264218779137435,33.0
9164,36,2,529629,264814.5,315198.0,12.660959464371995,47.0
9165,10,2,307224,153612.0,84190.0,11.340843306156405,67.0
9167,41,2,685412,342706.0,0.0,0.0,44.0
9168,82,2,412197,206098.5,327396.0,12.698928780773953,22.0
9170,14,3,1265020,421673.3333333333,351029.0,12.768626968881113,11.5
9171,8,4,142432,35608.0,120087.0,11.695980086340011,26.666666666666668
9172,12,2,196840,98420.0,0.0,0.0,72.0
9174,60,1,79452,79452.0,0.0,0.0,999.0
9175,59,2,1040249,520124.5,263416.0,12.481493606831288,24.0
9176,36,3,432449,144149.66666666666,70707.0,11.166313999655774,40.0
9178,102,1,39172,39172.0,0.0,0.0,999.0
9180,45,3,1044728,348242.6666666667,896632.0,13.706401915736624,29.5
9181,9,1,98238,98238.0,113672.0,11.6410811845204,999.0
9182,51,3,647772,215924.0,0.0,0.0,11.5
9183,116,1,152488,152488.0,990823.0,13.806292199154194,999.0
9184,4,3,2689448,896482.6666666666,0.0,0.0,24.0
9185,72,1,61439,61439.0,287543.0,12.569131170987845,999.0
9186,12,1,314436,314436.0,0.0,0.0,999.0
9187,4,3,1277516,425838.6666666667,225352.0,12.325423340654988,57.0
9188,19,2,166140,83070.0,0.0,0.0,93.0
9189,0,4,1352807,338201.75,96140.0,11.473571142891672,25.0
9190,34,2,847093,423546.5,772019.0,13.55676573540709,50.0
9191,58,2,459182,229591.0,0.0,0.0,23.0
9192,88,1,627308,627308.0,0.0,0.0,999.0
9193,69,1,61246,61246.0,1807318.0,14.407355089688295,999.0
9194,112,1,9854,9854.0,0.0,0.0,999.0
9195,1,2,632270,316135.0,245169.0,12.409707126456158,4.0
9197,62,1,371808,371808.0,0.0,0.0,999.0
9198,0,3,1165905,388635.0,0.0,0.0,42.5
9199,46,3,191677,63892.333333333336,98250.0,11.49528070779676,19.0
9200,62,4,1872712,468178.0,0.0,0.0,18.333333333333332
9201,12,3,1543800,514600.0,0.0,0.0,19.0
9202,27,4,1205877,301469.25,530899.0,13.182328958571762,30.666666666666668
9203,4,1,203987,203987.0,73856.0,11.209886070197406,999.0
9204,18,2,155333,77666.5,0.0,0.0,45.0
9205,103,1,488984,488984.0,0.0,0.0,999.0
9207,34,2,308712,154356.0,651756.0,13.38742707205261,21.0
9208,11,3,779141,259713.66666666666,471961.0,13.064653752852134,38.5
9209,12,2,431843,215921.5,48703.0,10.793516441221358,54.0
9210,105,1,685182,685182.0,80666.0,11.29808484869358,999.0
9211,7,3,1103415,367805.0,341042.0,12.739763848022498,4.5
9212,54,4,2560652,640163.0,849858.0,13.65282573235356,15.0
9213,72,4,1730315,432578.75,760438.0,13.541651177076556,11.0
9214,33,3,674866,224955.33333333334,0.0,0.0,29.5
9216,40,3,2040387,680129.0,233855.0,12.362460820297624,38.0
9218,85,2,350054,175027.0,0.0,0.0,0.0
9219,37,5,2264336,452867.2,0.0,0.0,20.0
9220,47,2,426128,213064.0,0.0,0.0,55.0
9221,14,2,495427,247713.5,243039.0,12.4009813178296,38.0
9222,53,1,114175,114175.0,543869.0,13.206465526691824,999.0
9223,84,3,737529,245843.0,0.0,0.0,10.0
9224,76,2,303083,151541.5,0.0,0.0,40.0
9225,7,2,619122,309561.0,546018.0,13.210409052656386,79.0
9226,4,2,474882,237441.0,729314.0,13.49986101642844,58.0
9227,94,1,112840,112840.0,1835933.0,14.42306390180402,999.0
9228,18,1,3839,3839.0,388443.0,12.86990429425593,999.0
9229,48,2,703959,351979.5,610156.0,13.321471580082884,33.0
9230,62,6,2106653,351108.8333333333,0.0,0.0,10.8
9231,2,2,1730432,865216.0,255626.0,12.451474629709477,94.0
9232,43,3,845021,281673.6666666667,150935.0,11.924611184891448,34.0
9233,63,5,1804096,360819.2,255330.0,12.450316021631663,6.0
9235,23,3,470443,156814.33333333334,193692.0,12.174029710383795,5.5
9236,16,3,960953,320317.6666666667,0.0,0.0,32.0
9237,17,5,1262994,252598.8,446128.0,13.008363426849213,25.25
9238,93,2,467306,233653.0,0.0,0.0,23.0
9239,25,6,915213,152535.5,50776.0,10.83519877513616,17.4
9240,93,2,957397,478698.5,0.0,0.0,4.0
9242,15,3,257216,85738.66666666667,0.0,0.0,13.5
9243,73,3,350059,116686.33333333333,86273.0,11.365283557055797,21.0
9244,86,1,203095,203095.0,295544.0,12.596576388498178,999.0
9245,42,3,306994,102331.33333333333,1191915.0,13.991072654325661,16.5
9246,14,5,1585821,317164.2,1081938.0,13.894265359719833,18.25
9247,49,2,86713,43356.5,997915.0,13.813424383414574,16.0
9248,90,2,939186,469593.0,480137.0,13.081828841563869,15.0
9250,33,1,566112,566112.0,297048.0,12.601652387341595,999.0
9251,75,1,358808,358808.0,244363.0,12.406414195920938,999.0
9252,18,2,133842,66921.0,0.0,0.0,15.0
9254,54,2,624536,312268.0,73854.0,11.2098589904747,40.0
9255,20,1,249634,249634.0,86949.0,11.37308851978243,999.0
9256,73,1,97434,97434.0,839958.0,13.641108360104463,999.0
9257,35,5,1915936,383187.2,147633.0,11.902491516925014,19.75
9258,72,2,106634,53317.0,10497.0,9.258940041812245,17.0
9259,18,5,1039081,207816.2,375682.0,12.836500981669522,24.25
9260,75,3,1269302,423100.6666666667,239894.0,12.38795660659308,18.5
9261,111,1,75228,75228.0,0.0,0.0,999.0
9262,18,1,81405,81405.0,0.0,0.0,999.0
9263,65,1,32276,32276.0,874793.0,13.681743709050666,999.0
9264,93,1,248899,248899.0,0.0,0.0,999.0
9265,35,2,243215,121607.5,1118995.0,13.927942412667477,57.0
9266,30,4,509903,127475.75,81625.0,11.309903117652233,24.0
9267,53,2,412766,206383.0,203925.0,12.225512461920395,5.0
9268,6,1,301468,301468.0,0.0,0.0,999.0
9270,35,1,17384,17384.0,1518178.0,14.233022148299465,999.0
9271,68,1,254956,254956.0,116914.0,11.669202454027493,999.0
9273,24,2,697233,348616.5,486892.0,13.095799665398726,12.0
9274,70,1,334048,334048.0,64948.0,11.081357625521404,999.0
9275,67,3,1491677,497225.6666666667,876467.0,13.683655473834976,25.0
9276,102,1,119946,119946.0,0.0,0.0,999.0
9277,96,1,41783,41783.0,299594.0,12.610186841567382,999.0
9278,101,1,213785,213785.0,1321526.0,14.094298444145801,999.0
9279,46,3,1101349,367116.3333333333,512613.0,13.147278404283199,7.0
9280,14,1,43178,43178.0,0.0,0.0,999.0
9282,66,2,1363410,681705.0,0.0,0.0,27.0
9283,32,1,73903,73903.0,965324.0,13.780220111185688,999.0
9284,1,4,814212,203553.0,316192.0,12.664108065625049,38.333333333333336
9285,11,4,1881790,470447.5,301604.0,12.616873493227857,25.333333333333332
9287,8,3,1505808,501936.0,505332.0,13.13297289688552,28.0
9288,56,2,1002077,501038.5,0.0,0.0,55.0
9290,22,1,277854,277854.0,581542.0,13.27344019489653,999.0
9292,11,3,1226433,408811.0,22194.0,10.007622317268135,51.5
9293,8,4,1913001,478250.25,97037.0,11.482857933347834,34.666666666666664
9294,43,3,110402,36800.666666666664,0.0,0.0,8.5
9295,42,2,514459,257229.5,388776.0,12.870761193440012,8.0
9297,22,4,1035486,258871.5,0.0,0.0,24.666666666666668
9298,36,2,354309,177154.5,0.0,0.0,12.0
9299,26,3,951245,317081.6666666667,0.0,0.0,36.0
9300,73,2,523579,261789.5,0.0,0.0,10.0
9301,47,1,575455,575455.0,202894.0,12.220443882829146,999.0
9302,97,1,73693,73693.0,27936.0,10.237707254104047,999.0
9303,24,3,984994,328331.3333333333,618270.0,13.334682151648694,40.5
9305,46,4,1772205,443051.25,693808.0,13.449951985471701,22.666666666666668
9306,12,3,2119704,706568.0,320302.0,12.677022701772556,42.0
9307,14,3,1275639,425213.0,0.0,0.0,18.0
9308,11,6,1112621,185436.83333333334,90266.0,11.410527224107515,21.4
9309,4,5,707041,141408.2,0.0,0.0,24.75
9310,113,1,415342,415342.0,1944313.0,14.48041977359289,999.0
9311,8,4,1382664,345666.0,1746902.0,14.373355063819684,32.333333333333336
9312,4,2,324141,162070.5,420902.0,12.95015768231701,3.0
9314,15,4,365363,91340.75,685476.0,13.437870225269906,34.0
9316,8,7,2471160,353022.85714285716,0.0,0.0,17.333333333333332
9317,58,3,963219,321073.0,0.0,0.0,1.0
9318,76,2,2040033,1020016.5,0.0,0.0,29.0
9319,69,1,25246,25246.0,0.0,0.0,999.0
9320,69,3,906482,302160.6666666667,863019.0,13.668193144768061,21.5
9321,97,1,691255,691255.0,1359981.0,14.122982022330529,999.0
9322,36,3,238260,79420.0,0.0,0.0,26.0
9323,115,1,186352,186352.0,861150.0,13.666025145501099,999.0
9324,102,1,1088545,1088545.0,457532.0,13.033604292243927,999.0
9325,61,4,982971,245742.75,804372.0,13.597818370926952,8.333333333333334
9326,42,1,32288,32288.0,13174.0,9.486076373409563,999.0
9327,30,4,1607215,401803.75,1376620.0,14.135142503806073,26.666666666666668
9328,4,3,1145487,381829.0,14718.0,9.596894455192587,43.5
9329,107,1,405504,405504.0,255232.0,12.449932132437738,999.0
9330,35,3,265637,88545.66666666667,1314415.0,14.088903018485642,22.5
9332,94,2,257676,128838.0,83531.0,11.332985070956667,7.0
9333,28,2,702068,351034.0,190852.0,12.159258777200996,18.0
9334,9,2,1237787,618893.5,967812.0,13.78279416577852,2.0
9335,0,2,599256,299628.0,0.0,0.0,32.0
9336,31,2,298252,149126.0,657842.0,13.396721580013802,4.0
9338,40,3,88679,29559.666666666668,0.0,0.0,6.5
9340,54,2,703757,351878.5,0.0,0.0,50.0
9341,25,5,1694274,338854.8,384867.0,12.860655697338116,16.0
9342,65,2,160173,80086.5,706102.0,13.4675163981854,27.0
9343,8,3,562911,187637.0,38165.0,10.54970034590686,46.0
9344,19,1,129708,129708.0,0.0,0.0,999.0
9346,17,4,1484906,371226.5,739355.0,13.51353481600506,17.0
9347,10,3,1210522,403507.3333333333,0.0,0.0,52.0
9348,51,1,40788,40788.0,381846.0,12.852775283797518,999.0
9350,115,1,355524,355524.0,372621.0,12.828319779958363,999.0
9351,96,2,527296,263648.0,0.0,0.0,20.0
9352,33,3,626501,208833.66666666666,395734.0,12.88850007430857,12.0
9353,98,1,953344,953344.0,0.0,0.0,999.0
9354,33,5,1234839,246967.8,1658810.0,14.321611638632112,19.75
9355,44,2,673219,336609.5,132057.0,11.790996499002652,45.0
9356,8,2,359822,179911.0,49733.0,10.81444408281958,57.0
9357,39,1,744192,744192.0,1081215.0,13.893596891647114,999.0
9358,7,4,1747176,436794.0,0.0,0.0,24.0
9359,3,4,1617129,404282.25,895230.0,13.704837064513432,37.333333333333336
9360,1,2,87691,43845.5,0.0,0.0,16.0
9363,79,1,211968,211968.0,163886.0,12.00693244492969,999.0
9364,82,2,121637,60818.5,398056.0,12.894350490092533,31.0
9365,44,1,273896,273896.0,199904.0,12.205597532681937,999.0
9366,20,5,1298802,259760.4,47518.0,10.76888491004406,17.0
9367,19,3,421808,140602.66666666666,945332.0,13.759292525356674,38.5
9368,110,1,653907,653907.0,32806.0,10.398397186236718,999.0
9369,73,4,1309563,327390.75,0.0,0.0,9.0
9370,79,2,820328,410164.0,199275.0,12.202446077474475,37.0
9371,31,2,489658,244829.0,20994.0,9.952039593118293,25.0
9372,26,6,1327108,221184.66666666666,749298.0,13.52689338177257,16.8
9373,40,3,1264625,421541.6666666667,0.0,0.0,25.0
9374,37,3,870956,290318.6666666667,779306.0,13.56616034221143,33.0
9376,84,3,1528634,509544.6666666667,1011620.0,13.827064552755836,15.5
9377,40,2,1004271,502135.5,57310.0,10.956247856355338,59.0
9378,50,3,1399517,466505.6666666667,3540.0,8.172164452111904,25.5
9379,8,2,786526,393263.0,862479.0,13.667567239213,16.0
9380,6,3,191718,63906.0,601417.0,13.30704547925162,51.0
9381,64,4,1119001,279750.25,824372.0,13.62237837637041,17.0
9382,106,1,626515,626515.0,0.0,0.0,999.0
9383,84,1,90984,90984.0,0.0,0.0,999.0
9384,9,4,786138,196534.5,0.0,0.0,22.333333333333332
9385,54,4,698095,174523.75,678234.0,13.427249114537588,21.0
9386,25,2,205666,102833.0,0.0,0.0,90.0
9387,18,2,785148,392574.0,45700.0,10.729875458480967,41.0
9388,29,1,81824,81824.0,576435.0,13.264619597784511,999.0
9390,64,1,176246,176246.0,0.0,0.0,999.0
9391,57,1,478722,478722.0,0.0,0.0,999.0
9392,29,4,937459,234364.75,0.0,0.0,24.0
9394,22,3,493214,164404.66666666666,0.0,0.0,8.0
9395,19,4,1508436,377109.0,1542698.0,14.249044037785652,24.666666666666668
9396,5,2,201756,100878.0,19826.0,9.894799924138562,84.0
9397,116,1,74984,74984.0,1084771.0,13.896880384625714,999.0
9398,0,3,1000888,333629.3333333333,0.0,0.0,54.0
9399,4,3,516420,172140.0,0.0,0.0,34.0
9400,8,5,1019928,203985.6,674232.0,13.421331027484266,23.25
9401,9,4,1111027,277756.75,185719.0,12.131995442133858,31.0
9402,3,4,621433,155358.25,0.0,0.0,27.333333333333332
9403,12,1,115236,115236.0,0.0,0.0,999.0
9404,28,3,624519,208173.0,1105379.0,13.915699725219609,32.5
9405,51,1,701488,701488.0,430420.0,12.97251907846099,999.0
9406,47,1,702576,702576.0,373056.0,12.829486501964332,999.0
9407,0,4,492179,123044.75,0.0,0.0,38.666666666666664
9408,13,3,414468,138156.0,0.0,0.0,48.0
9409,27,4,714664,178666.0,33482.0,10.418793126323825,17.333333333333332
9410,8,2,996667,498333.5,0.0,0.0,81.0
9412,16,3,169392,56464.0,0.0,0.0,47.5
9413,65,2,224300,112150.0,246310.0,12.4143502440939,21.0
9414,35,5,1087612,217522.4,206254.0,12.236868546327328,18.5
9415,2,3,691177,230392.33333333334,0.0,0.0,58.0
9416,97,1,521514,521514.0,54306.0,10.902408411057234,999.0
9417,15,1,97770,97770.0,129228.0,11.769341303348,999.0
9418,21,3,1199031,399677.0,180392.0,12.102893083197063,32.5
9419,37,2,1009456,504728.0,0.0,0.0,67.0
9420,119,1,111871,111871.0,555187.0,13.227062074108296,999.0
9421,24,3,1043098,347699.3333333333,507495.0,13.137244108093618,36.5
9422,15,3,1867441,622480.3333333334,93583.0,11.446614707682807,15.0
9423,11,3,854355,284785.0,0.0,0.0,40.5
9424,85,1,86635,86635.0,0.0,0.0,999.0
9425,55,2,380916,190458.0,683307.0,13.434700988588522,9.0
9426,18,1,99938,99938.0,53379.0,10.885191422958515,999.0
9427,71,2,884403,442201.5,1736293.0,14.36726351470223,47.0
9428,18,4,2683862,670965.5,0.0,0.0,25.0
9429,48,1,143282,143282.0,0.0,0.0,999.0
9430,56,1,786676,786676.0,0.0,0.0,999.0
9432,7,3,364052,121350.66666666667,330248.0,12.707602194370903,14.0
9433,77,1,86605,86605.0,2017274.0,14.517258148743391,999.0
9434,63,3,485325,161775.0,86566.0,11.36867395957216,24.0
9435,6,3,522180,174060.0,980942.0,13.796269632883863,26.0
9436,9,3,292945,97648.33333333333,114276.0,11.646380604687572,38.5
9437,73,3,611733,203911.0,702535.0,13.462451924428631,17.5
9438,58,1,240943,240943.0,571183.0,13.25546667841071,999.0
9439,5,3,849271,283090.3333333333,0.0,0.0,5.5
9440,88,1,281084,281084.0,419538.0,12.94691176838699,999.0
9441,62,2,155817,77908.5,518908.0,13.159483809587766,4.0
9442,86,1,340188,340188.0,744916.0,13.521028081759235,999.0
9443,79,2,1123989,561994.5,207378.0,12.24230331603487,8.0
9444,11,2,645807,322903.5,369169.0,12.819012521537926,77.0
9445,12,5,1008237,201647.4,763102.0,13.545148294602718,23.25
9446,40,1,486455,486455.0,180969.0,12.106086550654247,999.0
9447,5,7,1320602,188657.42857142858,542810.0,13.204516472028596,17.333333333333332
9448,19,1,538797,538797.0,176087.0,12.07873914906194,999.0
9449,54,4,1298965,324741.25,30239.0,10.31692083029347,15.333333333333334
9450,118,1,228704,228704.0,11901.0,9.384461732204798,999.0
9451,50,1,595208,595208.0,303825.0,12.624210448101971,999.0
9452,24,2,1571057,785528.5,475113.0,13.071310054221385,69.0
9453,100,1,244124,244124.0,580497.0,13.271641634808377,999.0
9454,46,1,579162,579162.0,0.0,0.0,999.0
9456,34,2,426500,213250.0,51452.0,10.84842404860019,43.0
9457,65,3,2546708,848902.6666666666,22764.0,10.032979547768882,26.5
9458,57,6,1551412,258568.66666666666,1047419.0,13.86184055554688,8.0
9459,26,1,1139225,1139225.0,617368.0,13.333222179229189,999.0
9460,77,2,189920,94960.0,0.0,0.0,21.0
9461,36,2,901734,450867.0,0.0,0.0,23.0
9462,50,4,801913,200478.25,1410297.0,14.15931158754134,20.0
9464,35,3,510536,170178.66666666666,1064018.0,13.877563805867148,19.0
9465,106,2,118686,59343.0,48634.0,10.79209871530354,8.0
9467,54,1,590067,590067.0,227153.0,12.333383480541638,999.0
9468,87,1,650776,650776.0,0.0,0.0,999.0
9470,52,1,110513,110513.0,0.0,0.0,999.0
9471,39,3,342515,114171.66666666667,13720.0,9.526682784921174,25.5
9472,29,2,866610,433305.0,181567.0,12.109385518168523,6.0
9474,9,2,323677,161838.5,0.0,0.0,39.0
9475,85,2,93999,46999.5,206724.0,12.239144686590368,6.0
9476,15,2,947143,473571.5,415855.0,12.938094325472175,92.0
9477,53,1,160787,160787.0,657741.0,13.396568036152784,999.0
9478,5,3,213179,71059.66666666667,816862.0,13.613226673122654,53.5
9479,21,3,1189064,396354.6666666667,300723.0,12.613948179559547,17.5
9480,18,2,185372,92686.0,0.0,0.0,96.0
9481,17,3,748452,249484.0,0.0,0.0,24.5
9482,89,1,438828,438828.0,254620.0,12.44753144402918,999.0
9483,55,2,1020188,510094.0,66159.0,11.099831329697572,11.0
9484,79,2,141335,70667.5,22807.0,10.034866630592507,13.0
9485,94,2,178932,89466.0,0.0,0.0,13.0
9486,12,2,1079671,539835.5,0.0,0.0,39.0
9487,0,4,1411808,352952.0,666452.0,13.409724898485008,21.0
9488,14,1,15448,15448.0,338229.0,12.731481416420907,999.0
9489,113,1,713184,713184.0,497430.0,13.11721213249462,999.0
9490,32,4,1051679,262919.75,451353.0,13.020007232989014,28.666666666666668
9491,17,5,1997222,399444.4,0.0,0.0,25.5
9493,10,2,786035,393017.5,190146.0,12.155552736213803,36.0
9494,10,1,226474,226474.0,0.0,0.0,999.0
9495,96,1,18642,18642.0,669637.0,13.414492546845851,999.0
9496,17,1,32464,32464.0,0.0,0.0,999.0
9498,7,2,561123,280561.5,241275.0,12.39369678541497,50.0
9499,21,4,732693,183173.25,0.0,0.0,29.333333333333332
9500,57,2,315008,157504.0,0.0,0.0,29.0
9501,103,2,656883,328441.5,0.0,0.0,10.0
9502,20,1,748419,748419.0,24105.0,10.090216051148289,999.0
9504,85,1,584412,584412.0,1216316.0,14.011337998323784,999.0
9505,1,3,533162,177720.66666666666,0.0,0.0,38.0
9507,24,5,1521049,304209.8,0.0,0.0,23.75
9508,87,2,149371,74685.5,1221858.0,14.015884027440976,4.0
9510,7,5,1202739,240547.8,633354.0,13.358786365409708,21.5
9511,64,1,211097,211097.0,0.0,0.0,999.0
9512,38,2,152195,76097.5,309628.0,12.643130085561666,4.0
9513,59,1,46796,46796.0,594848.0,13.296062870807184,999.0
9514,52,2,403137,201568.5,238372.0,12.38159195272594,37.0
9515,8,3,1300343,433447.6666666667,0.0,0.0,48.5
9516,75,2,90585,45292.5,39601.0,10.58663490101774,36.0
9517,12,3,566084,188694.66666666666,0.0,0.0,52.5
9518,59,4,312199,78049.75,111399.0,11.620882606475321,20.0
9519,98,1,336675,336675.0,1280952.0,14.063114890119904,999.0
9520,65,1,435129,435129.0,0.0,0.0,999.0
9521,41,2,137973,68986.5,0.0,0.0,20.0
9522,90,2,1169498,584749.0,5681.0,8.645058562414134,22.0
9523,19,4,2271015,567753.75,0.0,0.0,29.0
9524,31,1,48792,48792.0,0.0,0.0,999.0
9525,23,3,529011,176337.0,391544.0,12.877855730336345,14.0
9526,59,2,1016969,508484.5,0.0,0.0,48.0
9527,30,2,756570,378285.0,653295.0,13.389785598048732,39.0
9528,20,4,1749985,437496.25,584235.0,13.278060289769115,32.666666666666664
9529,4,1,1079095,1079095.0,399631.0,12.898299402630377,999.0
9530,42,1,29688,29688.0,0.0,0.0,999.0
9531,100,1,183417,183417.0,0.0,0.0,999.0
9532,78,1,172217,172217.0,307992.0,12.637832334424715,999.0
9533,13,3,1417716,472572.0,0.0,0.0,52.5
9534,16,3,1345789,448596.3333333333,686277.0,13.439038072430716,48.5
9535,102,1,458432,458432.0,595587.0,13.297304431838855,999.0
9536,24,4,1193442,298360.5,366154.0,12.810812020001604,26.333333333333332
9537,19,2,201379,100689.5,228634.0,12.339882124485108,22.0
9538,86,2,560268,280134.0,0.0,0.0,11.0
9539,74,2,791723,395861.5,23870.0,10.080419612045645,14.0
9540,26,1,654483,654483.0,477519.0,13.076361322842532,999.0
9541,2,2,243170,121585.0,282192.0,12.550346512990435,26.0
9542,82,1,171588,171588.0,0.0,0.0,999.0
9543,51,2,142721,71360.5,237173.0,12.376549327956205,34.0
9544,0,1,232063,232063.0,418296.0,12.943946985518366,999.0
9545,11,2,94247,47123.5,0.0,0.0,15.0
9546,21,1,18196,18196.0,0.0,0.0,999.0
9547,8,2,905658,452829.0,472975.0,13.066799926229038,93.0
9548,74,2,1570516,785258.0,0.0,0.0,36.0
9549,42,3,573177,191059.0,221662.0,12.30891348947969,27.5
9550,11,3,662730,220910.0,136692.0,11.82549281437824,44.5
9551,8,7,3299486,471355.14285714284,894061.0,13.703530402981391,18.333333333333332
9552,53,2,833657,416828.5,613769.0,13.327375544117983,24.0
9554,106,2,884199,442099.5,846476.0,13.648838309483303,10.0
9555,35,2,842150,421075.0,0.0,0.0,15.0
9556,87,2,292275,146137.5,478552.0,13.078522246541818,32.0
9557,5,2,780753,390376.5,0.0,0.0,88.0
9558,34,1,39315,39315.0,1236285.0,14.02762228181863,999.0
9559,105,1,11811,11811.0,13881.0,9.53834831589953,999.0
9560,34,2,786449,393224.5,189972.0,12.154637235781555,15.0
9561,15,3,542252,180750.66666666666,1295653.0,14.074526144941464,40.0
9562,32,6,2388431,398071.8333333333,0.0,0.0,8.4
9563,64,2,440350,220175.0,0.0,0.0,44.0
9564,50,2,250844,125422.0,0.0,0.0,65.0
9565,19,3,1137297,379099.0,994863.0,13.810361323381615,45.0
9566,16,4,1456031,364007.75,0.0,0.0,31.0
9567,5,4,2790726,697681.5,48137.0,10.781827164981712,31.0
9568,82,1,794415,794415.0,0.0,0.0,999.0
9569,27,4,431031,107757.75,306696.0,12.633615568509018,26.666666666666668
9571,10,6,1417209,236201.5,411634.0,12.92789231334045,21.2
9572,48,1,230655,230655.0,0.0,0.0,999.0
9573,76,1,94568,94568.0,435266.0,12.983714914880327,999.0
9574,18,2,2212763,1106381.5,2804327.0,14.846674496044418,11.0
9575,18,5,948826,189765.2,1042113.0,13.856761900301564,14.75
9576,89,1,473912,473912.0,98071.0,11.493457181774831,999.0
9577,33,2,736526,368263.0,842174.0,13.643743110108849,62.0
9578,101,2,486525,243262.5,1098183.0,13.909168464425566,8.0
9579,36,1,483404,483404.0,329196.0,12.704411634742312,999.0
9580,30,2,1233438,616719.0,462983.0,13.045447775235836,52.0
9581,82,1,661515,661515.0,1567579.0,14.265043586869501,999.0
9582,86,1,832435,832435.0,0.0,0.0,999.0
9583,23,4,448834,112208.5,0.0,0.0,14.0
9584,30,3,1913794,637931.3333333334,0.0,0.0,29.0
9586,7,1,96792,96792.0,356952.0,12.78535939943374,999.0
9587,23,2,562292,281146.0,1225212.0,14.018625264397036,20.0
9588,6,4,1673176,418294.0,226614.0,12.331007821325171,20.333333333333332
9590,29,4,877053,219263.25,0.0,0.0,23.666666666666668
9591,45,4,1888063,472015.75,1110839.0,13.920627043849258,10.666666666666666
9592,34,2,238283,119141.5,1107631.0,13.917734961158095,37.0
9593,54,2,760387,380193.5,567548.0,13.249082368222634,50.0
9594,32,3,805888,268629.3333333333,477275.0,13.075850218888784,29.5
9595,17,2,1216914,608457.0,0.0,0.0,26.0
9596,2,1,77698,77698.0,0.0,0.0,999.0
9597,83,1,170108,170108.0,1019095.0,13.83442651777719,999.0
9599,117,2,323617,161808.5,2117156.0,14.565584708916532,0.0
9600,13,3,1791037,597012.3333333334,898483.0,13.708464177590324,35.0
9601,5,1,685485,685485.0,0.0,0.0,999.0
9603,42,3,1531122,510374.0,628852.0,13.351652804076947,11.0
9604,14,2,732932,366466.0,699054.0,13.457484701954586,50.0
9605,33,4,1007483,251870.75,0.0,0.0,27.666666666666668
9606,28,3,480970,160323.33333333334,163977.0,12.007487551466447,28.0
9607,16,4,2744800,686200.0,0.0,0.0,13.666666666666666
9608,43,2,612077,306038.5,751845.0,13.530286794726166,75.0
9609,30,2,853392,426696.0,514328.0,13.150618417495876,57.0
9610,6,3,720771,240257.0,249795.0,12.42839986373516,42.0
9611,29,4,938328,234582.0,0.0,0.0,24.666666666666668
9612,12,5,1627906,325581.2,0.0,0.0,14.75
9613,2,3,1547895,515965.0,466682.0,13.053405505304891,53.0
9614,51,1,49706,49706.0,633544.0,13.359086310158977,999.0
9615,12,3,652670,217556.66666666666,0.0,0.0,52.0
9616,20,7,3006287,429469.5714285714,0.0,0.0,10.0
9617,0,1,91647,91647.0,0.0,0.0,999.0
9618,43,2,620980,310490.0,0.0,0.0,59.0
9619,25,1,453412,453412.0,224616.0,12.32215200853789,999.0
9620,8,5,1021651,204330.2,362147.0,12.799808247034703,27.25
9621,39,3,865116,288372.0,901803.0,13.712152480532582,31.0
9622,34,3,838339,279446.3333333333,769115.0,13.552997082365355,31.5
9623,13,4,954608,238652.0,904378.0,13.715003799302126,27.666666666666668
9624,66,6,1730930,288488.3333333333,0.0,0.0,5.4
9625,36,2,834652,417326.0,163486.0,12.004488755454938,78.0
9626,4,6,1162489,193748.16666666666,598131.0,13.301566744360162,21.8
9627,0,5,1024032,204806.4,672095.0,13.418156466445033,28.5
9628,83,1,641075,641075.0,0.0,0.0,999.0
9630,5,8,3616477,452059.625,1041544.0,13.856215745662878,14.714285714285714
9631,34,2,1030507,515253.5,370172.0,12.82172574291232,31.0
9632,5,2,141834,70917.0,0.0,0.0,16.0
9633,44,3,969885,323295.0,205295.0,12.2322081191348,23.5
9634,108,1,290502,290502.0,1481867.0,14.208814012045394,999.0
9635,49,4,1701103,425275.75,0.0,0.0,17.0
9636,7,4,2492619,623154.75,961052.0,13.77578483731617,30.333333333333332
9637,21,1,252492,252492.0,0.0,0.0,999.0
9638,61,2,333299,166649.5,1363551.0,14.125603617687625,18.0
9639,86,1,329032,329032.0,0.0,0.0,999.0
9640,46,3,1350333,450111.0,618939.0,13.335763616435548,29.0
9641,15,1,513615,513615.0,0.0,0.0,999.0
9642,65,1,100716,100716.0,0.0,0.0,999.0
9643,11,3,951896,317298.6666666667,636745.0,13.364126110921697,44.0
9644,27,1,65715,65715.0,164672.0,12.011716968300785,999.0
9645,7,5,1324135,264827.0,686268.0,13.439024958125705,25.0
9646,106,1,604752,604752.0,368444.0,12.817046725740738,999.0
9648,22,4,1171030,292757.5,0.0,0.0,30.666666666666668
9649,68,2,104061,52030.5,0.0,0.0,6.0
9650,47,2,1114892,557446.0,515249.0,13.152407498752705,39.0
9651,31,2,256442,128221.0,794640.0,13.585645719319936,53.0
9652,27,3,1175269,391756.3333333333,402681.0,12.905902447553983,44.5
9653,10,5,1956822,391364.4,151355.0,11.927389956875194,27.25
9654,2,4,1717915,429478.75,73299.0,11.202315887874743,26.666666666666668
9655,1,3,832204,277401.3333333333,0.0,0.0,50.0
9656,14,1,16953,16953.0,853386.0,13.656968416435102,999.0
9657,2,1,73834,73834.0,20697.0,9.937792356228119,999.0
9658,55,2,508368,254184.0,413587.0,12.932625588215803,34.0
9659,54,5,1802926,360585.2,723496.0,13.491851678535058,5.25
9660,22,2,356902,178451.0,0.0,0.0,66.0
9661,29,2,411289,205644.5,119973.0,11.695030331621902,37.0
9662,16,5,1842947,368589.4,0.0,0.0,22.25
9664,65,2,430992,215496.0,0.0,0.0,13.0
9665,13,6,959373,159895.5,117607.0,11.675112339343801,20.2
9667,13,2,637159,318579.5,99672.0,11.509650106836308,51.0
9668,16,2,536738,268369.0,805634.0,13.599386065321593,80.0
9669,15,3,145076,48358.666666666664,0.0,0.0,37.0
9670,39,2,1098297,549148.5,299202.0,12.60887755177016,58.0
9671,14,1,27773,27773.0,228256.0,12.338227466114011,999.0
9673,78,3,623097,207699.0,25920.0,10.162808729968926,18.5
9674,40,1,52458,52458.0,0.0,0.0,999.0
9675,7,3,445585,148528.33333333334,1624600.0,14.300772805134933,17.5
9676,56,1,52258,52258.0,105635.0,11.567754501248906,999.0
9677,18,3,420453,140151.0,445276.0,13.006451839403208,48.5
9678,36,3,569266,189755.33333333334,1792188.0,14.398948335705576,18.0
9679,76,1,299292,299292.0,86672.0,11.369897695582644,999.0
9680,113,1,647048,647048.0,0.0,0.0,999.0
9682,70,1,395508,395508.0,51319.0,10.845835818729572,999.0
9683,43,1,86358,86358.0,281944.0,12.549467295437369,999.0
9684,87,2,1417753,708876.5,583704.0,13.277150997199396,3.0
9685,114,1,9722,9722.0,0.0,0.0,999.0
9686,43,3,1087235,362411.6666666667,153775.0,11.943252277063065,23.0
9687,56,4,418364,104591.0,549144.0,13.216117802194617,18.666666666666668
9689,87,1,639126,639126.0,557462.0,13.231151412400973,999.0
9690,9,5,1118288,223657.6,849976.0,13.652964569276874,25.0
9691,47,4,1301019,325254.75,657268.0,13.395848650504453,16.333333333333332
9692,87,3,1903698,634566.0,124491.0,11.731996735794215,14.5
9693,28,2,784430,392215.0,465994.0,13.051930183436486,11.0
9694,38,1,492115,492115.0,573841.0,13.26010937608631,999.0
9695,7,2,1639131,819565.5,150244.0,11.920022573973517,47.0
9696,67,1,30907,30907.0,0.0,0.0,999.0
9697,26,3,838038,279346.0,435724.0,12.984766589389883,36.5
9698,32,3,327706,109235.33333333333,0.0,0.0,23.5
9699,32,3,1679984,559994.6666666666,0.0,0.0,42.0
9700,37,2,386041,193020.5,616587.0,13.331956332681395,36.0
9704,56,2,1255490,627745.0,413293.0,12.931914483094664,59.0
9705,3,2,505435,252717.5,210512.0,12.257302687917358,84.0
9706,5,4,1277800,319450.0,0.0,0.0,38.0
9707,32,4,1755831,438957.75,54175.0,10.899993284932862,28.666666666666668
9708,38,2,440803,220401.5,1370492.0,14.130681087086979,11.0
9709,90,2,741720,370860.0,0.0,0.0,29.0
9711,99,1,167336,167336.0,556567.0,13.229544634506004,999.0
9714,13,2,1186410,593205.0,109823.0,11.60663436340758,73.0
9715,3,3,1132127,377375.6666666667,0.0,0.0,33.5
9716,24,2,752422,376211.0,78772.0,11.274325577537704,86.0
9717,71,4,1433770,358442.5,0.0,0.0,12.666666666666666
9718,19,3,1437474,479158.0,0.0,0.0,46.5
9719,42,3,934296,311432.0,736244.0,13.509318222753397,28.5
9721,75,2,387737,193868.5,975452.0,13.790657257464291,40.0
9722,4,2,130319,65159.5,634741.0,13.360973896100342,45.0
9723,88,1,207642,207642.0,0.0,0.0,999.0
9724,98,2,495079,247539.5,0.0,0.0,7.0
9725,95,1,182128,182128.0,681694.0,13.432337622719313,999.0
9726,33,4,1801657,450414.25,0.0,0.0,17.666666666666668
9727,68,2,354857,177428.5,483330.0,13.088456998130788,26.0
9728,13,3,1070718,356906.0,752819.0,13.5315814343818,27.0
9730,19,3,1396320,465440.0,169158.0,12.038594380005934,48.5
9731,66,2,367746,183873.0,57392.0,10.957677623651492,19.0
9732,36,4,1256812,314203.0,181425.0,12.108603136050673,24.333333333333332
9733,9,2,69553,34776.5,289630.0,12.576362977963772,63.0
9734,63,2,601980,300990.0,0.0,0.0,51.0
9735,16,2,376652,188326.0,0.0,0.0,90.0
9736,8,5,1463459,292691.8,255594.0,12.451349439478845,26.5
9737,32,2,813105,406552.5,603016.0,13.309700667683401,76.0
9738,3,1,634437,634437.0,362660.0,12.801223792607844,999.0
9739,36,3,573617,191205.66666666666,274323.0,12.522065168541138,38.5
9740,2,6,1102655,183775.83333333334,133245.0,11.799952322815793,22.0
9741,68,2,441410,220705.0,1603344.0,14.287602629894637,15.0
9742,92,3,229073,76357.66666666667,0.0,0.0,9.5
9743,0,1,788984,788984.0,0.0,0.0,999.0
9744,35,3,1173072,391024.0,1739648.0,14.36919392670373,22.0
9745,48,1,210032,210032.0,808537.0,13.602982957513234,999.0
9746,81,1,44369,44369.0,0.0,0.0,999.0
9747,69,1,549896,549896.0,1673243.0,14.33027481512051,999.0
9748,51,2,820041,410020.5,0.0,0.0,19.0
9749,2,4,2378670,594667.5,1026887.0,13.84204342746225,19.333333333333332
9750,84,1,487536,487536.0,9209.0,9.128045129249353,999.0
9751,2,4,828152,207038.0,844113.0,13.646042835546863,38.0
9752,80,1,161212,161212.0,0.0,0.0,999.0
9753,20,3,1704474,568158.0,720644.0,13.48790192330637,44.5
9754,36,1,302775,302775.0,999130.0,13.814641180164886,999.0
9755,54,3,1029136,343045.3333333333,106874.0,11.57941520623906,24.5
9756,26,3,1074613,358204.3333333333,0.0,0.0,14.0
9757,65,2,82024,41012.0,0.0,0.0,36.0
9758,72,1,443828,443828.0,381619.0,12.852180628084334,999.0
9760,30,3,1039553,346517.6666666667,0.0,0.0,42.0
9761,15,6,856577,142762.83333333334,151101.0,11.925710384440604,14.4
9762,25,1,30871,30871.0,41546.0,10.634580595510828,999.0
9763,47,3,859146,286382.0,339314.0,12.734684158460045,31.5
9764,12,2,1083802,541901.0,0.0,0.0,24.0
9765,34,1,531936,531936.0,0.0,0.0,999.0
9766,14,3,654725,218241.66666666666,1140664.0,13.94712198363126,26.0
9767,33,2,892698,446349.0,172062.0,12.055615967801554,76.0
9768,73,1,658292,658292.0,167682.0,12.029830571176143,999.0
9769,46,2,113508,56754.0,21612.0,9.981050264483919,34.0
9770,42,3,575867,191955.66666666666,603366.0,13.310280914122048,29.0
9771,16,2,112994,56497.0,165488.0,12.016660006333543,29.0
9772,38,2,1201494,600747.0,477075.0,13.0754310863194,11.0
9773,16,4,1445047,361261.75,0.0,0.0,32.666666666666664
9775,14,2,409404,204702.0,1454897.0,14.19044635303761,14.0
9776,20,2,733810,366905.0,553965.0,13.224858592004937,54.0
9777,17,3,154813,51604.333333333336,0.0,0.0,26.0
9778,26,3,179087,59695.666666666664,761709.0,13.543321184802993,24.0
9779,7,2,603872,301936.0,443286.0,13.001972694789947,36.0
9780,88,3,1243837,414612.3333333333,0.0,0.0,3.0
9781,27,1,207516,207516.0,0.0,0.0,999.0
9782,36,1,59045,59045.0,1093002.0,13.904439511894159,999.0
9783,33,1,421016,421016.0,690567.0,13.44526972634549,999.0
9786,38,4,888037,222009.25,508985.0,13.140175790242802,5.666666666666667
9787,112,1,17343,17343.0,819630.0,13.61660951796005,999.0
9788,18,5,1174520,234904.0,651003.0,13.38627106556507,25.25
9789,13,2,476886,238443.0,0.0,0.0,66.0
9790,16,6,1798305,299717.5,10654.0,9.273784544532717,17.6
9792,79,1,715122,715122.0,67929.0,11.126233042185348,999.0
9793,13,2,1020246,510123.0,350317.0,12.766596592392986,57.0
9796,58,3,597461,199153.66666666666,627174.0,13.34898088753004,30.0
9798,64,1,506496,506496.0,685593.0,13.438040894768836,999.0
9800,114,1,340956,340956.0,568717.0,13.25113998392817,999.0
9801,75,1,48654,48654.0,1392350.0,14.146504243263143,999.0
9802,5,4,1511719,377929.75,221012.0,12.305976802299266,37.666666666666664
9803,73,1,10242,10242.0,0.0,0.0,999.0
9804,83,2,1111099,555549.5,0.0,0.0,35.0
9806,47,4,1074695,268673.75,454824.0,13.027668008565005,23.333333333333332
9807,0,3,964651,321550.3333333333,45335.0,10.721856697849455,36.5
9808,119,1,173548,173548.0,53865.0,10.894254760086813,999.0
9810,54,3,375776,125258.66666666667,0.0,0.0,28.5
9811,69,1,8224,8224.0,643068.0,13.374007306949286,999.0
9812,27,4,1086812,271703.0,482486.0,13.086709256393027,21.0
9813,82,1,84386,84386.0,239934.0,12.388123332308824,999.0
9814,114,1,271992,271992.0,935204.0,13.74852103557566,999.0
9815,5,4,1845432,461358.0,489679.0,13.101507395524951,31.333333333333332
9816,19,3,695081,231693.66666666666,0.0,0.0,32.0
9818,19,3,1628944,542981.3333333334,0.0,0.0,49.5
9820,27,2,639833,319916.5,360173.0,12.794342526997694,17.0
9821,11,4,697795,174448.75,191178.0,12.16096544093141,33.333333333333336
9822,29,3,632636,210878.66666666666,339631.0,12.735617957484225,25.5
9823,58,1,69663,69663.0,168128.0,12.03248682087678,999.0
9825,115,1,961864,961864.0,26472.0,10.183880624651032,999.0
9826,5,3,1953997,651332.3333333334,23435.0,10.062028580664679,26.0
9827,50,2,293221,146610.5,705519.0,13.466690398562063,24.0
9828,11,5,2519408,503881.6,472648.0,13.066108320120836,20.0
9829,30,2,1097727,548863.5,89304.0,11.399812756338584,27.0
9830,18,8,2072933,259116.625,121713.0,11.709429309335544,14.0
9831,7,2,186632,93316.0,166833.0,12.024754585065315,6.0
9832,68,5,2271380,454276.0,0.0,0.0,11.25
9833,114,2,132890,66445.0,252695.0,12.439942464204705,3.0
9834,38,1,240852,240852.0,0.0,0.0,999.0
9835,29,1,153134,153134.0,0.0,0.0,999.0
9836,24,3,1243490,414496.6666666667,111752.0,11.62404635775306,34.0
9837,26,2,1967284,983642.0,145868.0,11.890464237637552,9.0
9838,8,3,1409375,469791.6666666667,1021290.0,13.83657807122931,42.5
9839,25,2,676245,338122.5,1164305.0,13.967635759322832,86.0
9840,34,2,558031,279015.5,0.0,0.0,55.0
9841,15,4,1109586,277396.5,4640.0,8.442685139241176,14.333333333333334
9842,3,1,179964,179964.0,1701140.0,14.346809760358838,999.0
9843,62,2,434880,217440.0,0.0,0.0,45.0
9844,111,1,393994,393994.0,640209.0,13.36955152651462,999.0
9845,1,3,464713,154904.33333333334,947752.0,13.761849198765288,42.0
9846,65,3,511652,170550.66666666666,0.0,0.0,20.0
9847,82,2,271973,135986.5,538311.0,13.196193596702583,5.0
9848,23,3,836316,278772.0,0.0,0.0,20.0
9849,15,3,1040993,346997.6666666667,501711.0,13.125781528862797,29.5
9851,100,1,21219,21219.0,144432.0,11.880571011187392,999.0
9852,10,3,1039372,346457.3333333333,0.0,0.0,52.0
9853,14,4,654464,163616.0,393231.0,12.882155047463527,22.333333333333332
9854,71,2,535080,267540.0,0.0,0.0,29.0
9855,8,1,665975,665975.0,1121790.0,13.930437073203723,999.0
9856,46,2,305448,152724.0,592696.0,13.292438586180532,61.0
9857,14,4,850053,212513.25,584011.0,13.277676809544463,21.0
9859,80,2,246761,123380.5,536971.0,13.193701230604583,0.0
9860,21,3,1983312,661104.0,665310.0,13.408009879487778,12.0
9861,20,5,1668898,333779.6,0.0,0.0,19.0
9862,57,2,1807247,903623.5,110487.0,11.612662196757764,25.0
9863,25,1,389452,389452.0,1844883.0,14.427926960851472,999.0
9864,70,2,400240,200120.0,0.0,0.0,26.0
9865,17,2,969339,484669.5,0.0,0.0,43.0
9866,42,4,636401,159100.25,10234.0,9.23356849809539,16.666666666666668
9867,26,4,1289493,322373.25,0.0,0.0,16.0
9868,11,7,3863657,551951.0,0.0,0.0,17.166666666666668
9869,7,2,282933,141466.5,127176.0,11.753335095928621,111.0
9870,7,2,79070,39535.0,375658.0,12.836437095982289,69.0
9871,111,1,148844,148844.0,0.0,0.0,999.0
9872,72,1,96248,96248.0,1087923.0,13.899781851017018,999.0
9873,1,2,970681,485340.5,166863.0,12.024934388360995,53.0
9874,109,1,140576,140576.0,368256.0,12.816536342969737,999.0
9875,65,1,528321,528321.0,19388.0,9.872461173931006,999.0
9876,5,3,1322487,440829.0,1056529.0,13.8705005112811,26.0
9877,12,4,1573550,393387.5,706069.0,13.467469661701973,33.333333333333336
9878,4,4,275806,68951.5,0.0,0.0,23.0
9879,32,3,961384,320461.3333333333,0.0,0.0,42.5
9880,80,3,2287065,762355.0,108280.0,11.59248497900144,18.5
9881,31,3,666520,222173.33333333334,0.0,0.0,41.0
9882,75,1,863055,863055.0,270043.0,12.506340187666453,999.0
9883,16,5,633932,126786.4,0.0,0.0,21.0
9884,38,6,1537728,256288.0,12300.0,9.417435838868785,14.0
9885,17,1,30031,30031.0,47264.0,10.763525342859484,999.0
9886,56,3,288564,96188.0,1043385.0,13.857981751807419,28.5
9887,15,2,212724,106362.0,0.0,0.0,56.0
9888,8,2,1501963,750981.5,0.0,0.0,4.0
9889,15,3,833272,277757.3333333333,0.0,0.0,23.0
9890,8,2,792069,396034.5,0.0,0.0,50.0
9891,11,3,1502488,500829.3333333333,190958.0,12.159814024300214,32.0
9892,26,6,1956296,326049.3333333333,413552.0,12.93254095935562,17.4
9893,100,3,694480,231493.33333333334,82452.0,11.319983713014098,6.5
9896,100,2,395335,197667.5,0.0,0.0,6.0
9897,17,2,1236234,618117.0,0.0,0.0,20.0
9898,78,1,41193,41193.0,101157.0,11.524438929928118,999.0
9899,79,2,198005,99002.5,309399.0,12.642390217121102,22.0
9901,25,4,689831,172457.75,868349.0,13.67435013817526,22.666666666666668
9902,41,2,234041,117020.5,26757.0,10.194588773033564,41.0
9903,5,3,139573,46524.333333333336,520773.0,13.163071445435207,34.5
9904,3,4,956912,239228.0,189810.0,12.153784119221482,37.0
9905,19,4,1917875,479468.75,97785.0,11.490536696491818,28.0
9906,62,1,649848,649848.0,229699.0,12.34452938867719,999.0
9907,89,3,1454252,484750.6666666667,584878.0,13.279160267213308,14.0
9908,41,2,1296649,648324.5,130511.0,11.779220455540361,2.0
9909,22,2,776477,388238.5,243275.0,12.401951880256194,55.0
9911,52,3,1388442,462814.0,119736.0,11.693052949881197,8.5
9912,97,2,350389,175194.5,0.0,0.0,22.0
9913,92,2,1056952,528476.0,1044616.0,13.859160869023844,27.0
9914,22,4,1595659,398914.75,117184.0,11.671509161585975,24.666666666666668
9915,33,3,1237164,412388.0,504015.0,13.130363292581357,22.5
9916,17,4,415893,103973.25,22268.0,10.010950855785657,11.333333333333334
9917,16,3,725822,241940.66666666666,1842927.0,14.426866169149823,33.5
9918,29,2,372752,186376.0,263826.0,12.483048864293274,74.0
9919,6,2,220575,110287.5,381742.0,12.852502886305034,14.0
9920,6,3,719477,239825.66666666666,0.0,0.0,43.0
9921,70,2,575018,287509.0,184488.0,12.125345120089134,0.0
9922,13,3,977155,325718.3333333333,240545.0,12.390666618429792,40.5
9923,76,1,339828,339828.0,673060.0,13.419591243449569,999.0
9925,9,1,222308,222308.0,47893.0,10.776745514592863,999.0
9926,46,1,955325,955325.0,0.0,0.0,999.0
9928,59,2,171998,85999.0,0.0,0.0,58.0
9929,67,3,646387,215462.33333333334,77506.0,11.258123533843245,25.0
9930,4,2,1196003,598001.5,265806.0,12.490525760505177,70.0
9931,88,1,201735,201735.0,0.0,0.0,999.0
9932,110,2,692212,346106.0,0.0,0.0,4.0
9933,7,1,800276,800276.0,894616.0,13.704150972706659,999.0
9934,58,3,1706510,568836.6666666666,0.0,0.0,29.5
9935,5,1,1070435,1070435.0,431976.0,12.976127625068168,999.0
9936,50,3,717507,239169.0,259279.0,12.465663837815429,33.0
9937,8,1,265036,265036.0,0.0,0.0,999.0
9938,51,1,687716,687716.0,2488165.0,14.727056450872745,999.0
9939,10,5,1385081,277016.2,23688.0,10.072766084358127,13.0
9940,64,1,470313,470313.0,0.0,0.0,999.0
9942,94,1,289797,289797.0,54917.0,10.913596442612834,999.0
9943,74,1,315525,315525.0,720908.0,13.488268194709248,999.0
9944,45,3,786373,262124.33333333334,1058601.0,13.872459727691979,25.5
9945,46,2,528506,264253.0,474392.0,13.069791371076182,26.0
9946,16,2,1190288,595144.0,2377745.0,14.681663538080574,3.0
9947,60,3,1444340,481446.6666666667,106722.0,11.577991971698873,27.0
9948,1,6,2035084,339180.6666666667,0.0,0.0,21.4
9949,12,1,338862,338862.0,151166.0,11.926140464938452,999.0
9950,57,1,49065,49065.0,443293.0,13.001988485789303,999.0
9951,19,3,493379,164459.66666666666,1497592.0,14.219369710549241,25.0
9952,78,3,807895,269298.3333333333,0.0,0.0,15.5
9953,67,3,396752,132250.66666666666,994116.0,13.8096101849493,21.0
9954,15,1,445299,445299.0,676940.0,13.42533939890911,999.0
9955,104,1,58575,58575.0,646786.0,13.379772307534433,999.0
9956,14,2,302483,151241.5,56066.0,10.934302683138412,30.0
9957,30,3,984405,328135.0,0.0,0.0,38.5
9958,75,1,110148,110148.0,82384.0,11.319158660491532,999.0
9959,10,3,1406841,468947.0,0.0,0.0,47.5
9960,4,2,276753,138376.5,169107.0,12.03829284305207,91.0
9961,82,2,472148,236074.0,0.0,0.0,36.0
9964,3,3,321409,107136.33333333333,744077.0,13.519901147029714,39.0
9965,0,1,6374,6374.0,732005.0,13.503543989631167,999.0
9967,0,2,1350687,675343.5,0.0,0.0,37.0
9968,22,2,819368,409684.0,0.0,0.0,26.0
9969,93,1,263274,263274.0,0.0,0.0,999.0
9970,41,1,13790,13790.0,537221.0,13.194166695882762,999.0
9971,16,2,1802889,901444.5,625278.0,13.3459532291117,14.0
9972,97,1,210884,210884.0,312192.0,12.651376865287439,999.0
9973,12,5,893545,178709.0,82446.0,11.319910941637474,25.25
9974,64,2,1445731,722865.5,0.0,0.0,19.0
9975,68,2,594933,297466.5,218006.0,12.292282451347452,47.0
9976,73,1,6193,6193.0,185938.0,12.133173941916437,999.0
9977,86,1,390554,390554.0,118923.0,11.686239912604208,999.0
9978,71,1,538485,538485.0,804942.0,13.598526746440319,999.0
9979,7,4,903230,225807.5,0.0,0.0,15.666666666666666
9980,37,1,144185,144185.0,52200.0,10.862856930775358,999.0
9983,15,3,1156471,385490.3333333333,0.0,0.0,48.5
9984,90,1,441436,441436.0,736005.0,13.508993549851697,999.0
9985,14,3,461446,153815.33333333334,39207.0,10.576636086589383,5.5
9986,60,2,611563,305781.5,1419111.0,14.16554188185058,13.0
9987,8,3,499557,166519.0,97736.0,11.490035476675983,53.5
9988,64,3,694758,231586.0,0.0,0.0,26.5
9989,117,1,59846,59846.0,1148733.0,13.95417102437223,999.0
9991,75,3,1005559,335186.3333333333,0.0,0.0,14.0
9992,13,4,919131,229782.75,1044088.0,13.858655292833374,29.666666666666668
9993,11,2,215506,107753.0,839230.0,13.640241275324763,106.0
9994,18,3,805946,268648.6666666667,113252.0,11.63737953306065,35.0
9995,27,1,231231,231231.0,0.0,0.0,999.0
9996,110,1,49712,49712.0,797676.0,13.589459032588973,999.0
9997,1,3,1118168,372722.6666666667,527728.0,13.176338173350885,57.0
9998,9,3,1426053,475351.0,0.0,0.0,42.0
9999,14,4,746606,186651.5,0.0,0.0,34.0
